{"type": "FeatureCollection", "features": [{"type": "Feature", "id": "NowcastWarningDistrict.fid-2bfa195d_1a08a681a2b_60ea", "geometry": {"type": "MultiPolygon", "coordinates": [[[[79.80695097, 10.87761182], [79.80595823, 10.87906255], [79.81027075, 10.87954277], [79.81003321, 10.8783675], [79.80695097, 10.87761182]]], [[[79.72188552, 10.93614595], [79.7204905, 10.93622759], [79.7204573, 10.93723559], [79.72177693, 10.9372786], [79.72290581, 10.9371356], [79.72293561, 10.93626124], [79.72188552, 10.93614595]]], [[[79.7568088, 11.00262449], [79.75771117, 11.00240666], [79.75885277, 11.00190497], [79.75984702, 11.00050751], [79.75996781, 11.00007399], [79.76006832, 10.99901648], [79.76069455, 10.99917727], [79.76178452, 11.00115297], [79.76254379, 11.00123292], [79.76287992, 11.00073246], [79.76414135, 10.99892466], [79.76656646, 10.99787668], [79.76885999, 10.9976328], [79.77009254, 10.99724003], [79.77251007, 10.99799135], [79.77562832, 10.99751565], [79.77679467, 10.99763799], [79.77818213, 10.99851622], [79.77986571, 10.99860436], [79.77907048, 10.9972765], [79.77894405, 10.99686449], [79.78133562, 10.99614629], [79.78300096, 10.99512216], [79.78409963, 10.9950091], [79.78405673, 10.99542938], [79.78355739, 10.99668424], [79.78510169, 10.99726007], [79.78654776, 10.99723881], [79.78696293, 10.99642215], [79.78852693, 10.99331781], [79.78905443, 10.99190482], [79.78823969, 10.99084365], [79.78729358, 10.99057756], [79.78642318, 10.99082275], [79.78605013, 10.9902923], [79.78610616, 10.99001674], [79.78702962, 10.98910717], [79.78855279, 10.98814573], [79.78865255, 10.98724643], [79.78988437, 10.98703885], [79.79126666, 10.98581461], [79.79161903, 10.98468122], [79.79428903, 10.98299641], [79.79622967, 10.98288664], [79.79655018, 10.98283365], [79.79889743, 10.98285658], [79.79902024, 10.98528045], [79.79908177, 10.9859046], [79.79924095, 10.98614485], [79.7998981, 10.98658147], [79.80087154, 10.98687927], [79.80140467, 10.98743294], [79.80297934, 10.98842031], [79.80358202, 10.9876134], [79.80386872, 10.98689115], [79.80413236, 10.98732622], [79.80365392, 10.989074], [79.80389212, 10.99014652], [79.80455853, 10.99056056], [79.80459731, 10.99115749], [79.80404626, 10.99161648], [79.80382923, 10.9921039], [79.80400253, 10.99224926], [79.80511226, 10.99279624], [79.80570631, 10.99188532], [79.80616991, 10.99264216], [79.80611249, 10.99326584], [79.80489212, 10.99405676], [79.80345681, 10.99479257], [79.80313347, 10.9955418], [79.8049666, 10.99844784], [79.80814954, 10.99988376], [79.80995584, 10.99973224], [79.81249982, 10.99906764], [79.81382824, 10.99952259], [79.81401464, 10.99973491], [79.8148896, 11.00146972], [79.81493756, 11.00307182], [79.81520276, 11.00362841], [79.81549605, 11.00386764], [79.81587068, 11.00383464], [79.81619161, 11.00375126], [79.81791215, 11.001471], [79.81811491, 11.00113985], [79.82068155, 10.99816056], [79.82136332, 10.9982426], [79.82169531, 10.99885233], [79.82239677, 11.0007069], [79.82831663, 10.99852095], [79.82825767, 10.99987], [79.82882956, 11.00147512], [79.83036139, 11.00229872], [79.83065413, 11.00239484], [79.83195107, 11.00282073], [79.83639781, 11.0019385], [79.83833895, 11.00153589], [79.84013105, 11.00159568], [79.8399923, 10.99837937], [79.83965345, 10.99718919], [79.84254981, 10.99564369], [79.84280785, 10.99500294], [79.84298298, 10.99477065], [79.84326948, 10.99473939], [79.84345132, 10.99471958], [79.8451225, 10.99491106], [79.84675283, 10.99527448], [79.84781248, 10.99451134], [79.84858852, 10.99443492], [79.85126416, 10.99428645], [79.85131018, 10.99422551], [79.85181731, 10.99308479], [79.85186947, 10.99248629], [79.85183025, 10.99236857], [79.85159228, 10.99193042], [79.85070273, 10.99024718], [79.85084891, 10.9890215], [79.85089539, 10.98884585], [79.8508695, 10.98863405], [79.85065921, 10.98768092], [79.85096903, 10.9866723], [79.85193781, 10.98405288], [79.85194639, 10.98384427], [79.85381645, 10.98322137], [79.85090307, 10.8930518], [79.85165031, 10.87629057], [79.84983668, 10.85822272], [79.85073614, 10.82782835], [79.83887965, 10.82767322], [79.83519416, 10.82773139], [79.83070374, 10.82936704], [79.82976978, 10.83565015], [79.8300805, 10.83726847], [79.83027233, 10.83829908], [79.82945463, 10.84242825], [79.82808939, 10.84967152], [79.82622361, 10.84809209], [79.82446354, 10.84692135], [79.82395616, 10.84676068], [79.82225731, 10.84573567], [79.8206388, 10.84596753], [79.81925626, 10.84737751], [79.81714562, 10.8495494], [79.81667689, 10.84950791], [79.81659631, 10.84960019], [79.81564557, 10.84999333], [79.81520425, 10.8500313], [79.81376071, 10.84995958], [79.81375575, 10.84996321], [79.81248639, 10.85103927], [79.8117737, 10.85208144], [79.8104882, 10.85260554], [79.81008436, 10.85293902], [79.8082877, 10.85502083], [79.80813159, 10.85631781], [79.80817133, 10.85667513], [79.80754446, 10.85902824], [79.80750091, 10.85962486], [79.80730261, 10.860031], [79.80849744, 10.86550178], [79.80848324, 10.86561927], [79.80908621, 10.86582055], [79.80959761, 10.8648957], [79.80957403, 10.86392807], [79.81062331, 10.86231808], [79.81086883, 10.86154139], [79.81355759, 10.86057072], [79.81720301, 10.8628816], [79.81924489, 10.86356315], [79.81977862, 10.86392238], [79.82131462, 10.8641408], [79.82419003, 10.86455877], [79.82490709, 10.86482827], [79.82464721, 10.86925807], [79.82363105, 10.86943953], [79.82332218, 10.87004871], [79.82272557, 10.87171022], [79.82256242, 10.87248272], [79.822574, 10.87302531], [79.82206107, 10.87434353], [79.81691985, 10.87431011], [79.8167547, 10.87443155], [79.81592485, 10.87491662], [79.81478932, 10.87520158], [79.81111022, 10.8755716], [79.8110139, 10.87907967], [79.81110215, 10.87988931], [79.81207965, 10.88023672], [79.81280259, 10.88018528], [79.81421527, 10.88037613], [79.81644724, 10.88043904], [79.81701828, 10.88062662], [79.81771393, 10.88053436], [79.82101329, 10.88135641], [79.8220715, 10.88096262], [79.82282454, 10.88023761], [79.82355865, 10.88083271], [79.82454776, 10.88056073], [79.82466737, 10.88038938], [79.82484078, 10.88049403], [79.82511779, 10.881006], [79.82545019, 10.88139158], [79.8274443, 10.88146253], [79.82890709, 10.88287424], [79.82881328, 10.88346616], [79.82858332, 10.88378177], [79.8240349, 10.88417572], [79.8232752, 10.88426774], [79.81870599, 10.88644289], [79.81764346, 10.88676431], [79.81673308, 10.88678791], [79.81380392, 10.88718346], [79.81184606, 10.88834231], [79.81135164, 10.88843985], [79.81076224, 10.88826575], [79.80790719, 10.88728709], [79.80711499, 10.88749649], [79.80607051, 10.88787671], [79.80582747, 10.88916882], [79.80550435, 10.88989547], [79.80433322, 10.89105735], [79.80373574, 10.89061645], [79.80219872, 10.89062399], [79.80108472, 10.89009064], [79.80094159, 10.88928531], [79.8007684, 10.88912639], [79.79995498, 10.88892426], [79.79776345, 10.88789386], [79.79728325, 10.88786936], [79.796094, 10.88785111], [79.79465353, 10.88773692], [79.7906908, 10.89482396], [79.79013344, 10.89464996], [79.78646416, 10.88918747], [79.7855697, 10.88866843], [79.78365845, 10.8884755], [79.78317415, 10.88946369], [79.78211349, 10.890427], [79.78230801, 10.89208701], [79.78234054, 10.89418953], [79.78784736, 10.89550898], [79.78847324, 10.89571039], [79.79126716, 10.89596112], [79.79194421, 10.89708502], [79.79125685, 10.9041353], [79.79255668, 10.90396863], [79.78932711, 10.9084408], [79.77706805, 10.9071215], [79.77812826, 10.90626673], [79.77408841, 10.8963944], [79.76515054, 10.89627697], [79.76723757, 10.89268664], [79.76424125, 10.89271522], [79.76451234, 10.89242697], [79.76456322, 10.89229154], [79.76428539, 10.89200106], [79.76391047, 10.89195885], [79.76353515, 10.89201159], [79.76258619, 10.89250959], [79.76000582, 10.89261667], [79.75835852, 10.89274561], [79.7578698, 10.89147319], [79.75675152, 10.89308267], [79.75587931, 10.89382058], [79.75740942, 10.89546797], [79.75728029, 10.894622], [79.75786685, 10.89546984], [79.75799811, 10.89580493], [79.75878489, 10.89580813], [79.75889392, 10.89598942], [79.7588382, 10.89618812], [79.75867383, 10.89720922], [79.75960017, 10.89665689], [79.7598512, 10.89678905], [79.75995535, 10.89704263], [79.76088908, 10.89802296], [79.76151557, 10.89806618], [79.76238503, 10.89798837], [79.76357167, 10.89973832], [79.76304687, 10.90053191], [79.76232355, 10.90067362], [79.76202515, 10.90092563], [79.76190365, 10.90154452], [79.76136757, 10.90175486], [79.76251207, 10.90042575], [79.76096748, 10.89896373], [79.76093879, 10.89925295], [79.76157697, 10.89979806], [79.76081337, 10.89971811], [79.7602887, 10.90048005], [79.76021441, 10.8996343], [79.75996126, 10.89891896], [79.75983023, 10.89853409], [79.75961603, 10.89833425], [79.75901699, 10.89829565], [79.75800111, 10.89836843], [79.75756583, 10.89634116], [79.75703008, 10.89647462], [79.7573723, 10.89777811], [79.75789029, 10.90190795], [79.75842624, 10.90172477], [79.75873466, 10.90126037], [79.75870838, 10.90099802], [79.75927132, 10.90093255], [79.75949618, 10.90186027], [79.75922011, 10.90332848], [79.75913701, 10.90351352], [79.75859764, 10.90450144], [79.75822048, 10.90500177], [79.7577242, 10.90552869], [79.75789903, 10.90857662], [79.76097101, 10.91238691], [79.76166458, 10.91281015], [79.76304845, 10.91335375], [79.76306202, 10.9133945], [79.76242659, 10.91438203], [79.76119327, 10.9150371], [79.76060653, 10.91531506], [79.75691067, 10.91630373], [79.75426724, 10.91610757], [79.75376817, 10.9140439], [79.75196048, 10.91419473], [79.7495402, 10.91426614], [79.74612597, 10.91450615], [79.74511579, 10.9161336], [79.74498372, 10.91772014], [79.74535921, 10.91898112], [79.74485153, 10.91898125], [79.74401904, 10.91875998], [79.74336001, 10.91758043], [79.74210704, 10.91819094], [79.74347148, 10.9223987], [79.74312023, 10.92504298], [79.74182128, 10.9250433], [79.73978125, 10.92469575], [79.73881119, 10.9234575], [79.73866053, 10.92427114], [79.73907696, 10.92492191], [79.73841884, 10.92640914], [79.73754048, 10.92583983], [79.7355597, 10.92485944], [79.73599969, 10.92760749], [79.7347922, 10.92760776], [79.73450874, 10.92799654], [79.73320991, 10.9284217], [79.73246416, 10.9277529], [79.7312339, 10.928056], [79.73095036, 10.9281781], [79.72980673, 10.92763142], [79.73026896, 10.92850368], [79.72961027, 10.92832302], [79.72906152, 10.92870733], [79.7284898, 10.92873004], [79.72719078, 10.92858566], [79.72620296, 10.92899717], [79.72565415, 10.92917808], [79.72469837, 10.92972065], [79.7249689, 10.93204387], [79.72549499, 10.93235565], [79.72662076, 10.93432614], [79.72796094, 10.93438916], [79.72819415, 10.93419023], [79.72960356, 10.93628722], [79.72559201, 10.93564617], [79.72571572, 10.93636031], [79.7249976, 10.93633784], [79.72479158, 10.93569604], [79.72419694, 10.93558316], [79.72415567, 10.93524417], [79.72529094, 10.93840342], [79.72553407, 10.94081252], [79.72473388, 10.94174378], [79.72491246, 10.94239463], [79.72530142, 10.94296859], [79.72574521, 10.94332106], [79.72687056, 10.94373668], [79.72813308, 10.94399859], [79.72990792, 10.94431463], [79.73088223, 10.94440935], [79.73112528, 10.94640712], [79.73217777, 10.94780809], [79.73717772, 10.94906354], [79.73662099, 10.95304576], [79.73673148, 10.9551656], [79.73670478, 10.95742559], [79.73479283, 10.95772434], [79.73358049, 10.95724097], [79.73348864, 10.95612908], [79.73376267, 10.95479111], [79.7325506, 10.95513489], [79.73131892, 10.95127509], [79.72995112, 10.95089118], [79.72995135, 10.95164602], [79.72965862, 10.95170032], [79.7285058, 10.95128923], [79.72753632, 10.95211658], [79.72693702, 10.95187262], [79.72586208, 10.95185927], [79.72473664, 10.95121765], [79.72364809, 10.95158849], [79.72225317, 10.9523255], [79.72153023, 10.95155723], [79.72134746, 10.95227142], [79.72102272, 10.95237092], [79.72085334, 10.95187375], [79.719811, 10.95388531], [79.72145777, 10.95416528], [79.72068074, 10.95627169], [79.72105139, 10.95676883], [79.71985753, 10.95694077], [79.72047996, 10.95798031], [79.72070988, 10.96228776], [79.7200803, 10.9684667], [79.72077104, 10.96846658], [79.72112805, 10.96915807], [79.72156262, 10.96917155], [79.7217639, 10.96917151], [79.72174534, 10.96825396], [79.72262387, 10.9690674], [79.72510341, 10.96969069], [79.72495681, 10.96894493], [79.72603636, 10.96886788], [79.72717549, 10.96917049], [79.72915175, 10.96946389], [79.73011698, 10.96949082], [79.73066621, 10.97045345], [79.73119687, 10.97051662], [79.73477375, 10.9693949], [79.73529021, 10.96798003], [79.7355325, 10.96750086], [79.73819487, 10.96763585], [79.73895868, 10.96728763], [79.74068715, 10.96536624], [79.74184942, 10.96643266], [79.74262688, 10.96588556], [79.74441092, 10.96592579], [79.74569168, 10.96569946], [79.74614861, 10.96429364], [79.7462945, 10.96296021], [79.74545673, 10.9611208], [79.74537375, 10.95934447], [79.74545517, 10.95679971], [79.745574, 10.95651944], [79.74610453, 10.95628879], [79.74870515, 10.95785938], [79.74971552, 10.95841074], [79.75117253, 10.95792394], [79.75184078, 10.95786339], [79.75322815, 10.95870097], [79.7535342, 10.95881977], [79.75404646, 10.95886257], [79.75472913, 10.95863931], [79.75575955, 10.95840844], [79.75621166, 10.95860922], [79.75641205, 10.95883158], [79.7571947, 10.95985655], [79.7588662, 10.96059128], [79.75931895, 10.96064286], [79.76052602, 10.9597481], [79.76124903, 10.95972392], [79.76378864, 10.95965741], [79.76404326, 10.96004274], [79.76404242, 10.96024167], [79.76336311, 10.96075883], [79.76309674, 10.96099736], [79.76286676, 10.96128578], [79.76285149, 10.96165644], [79.76218896, 10.96362494], [79.76175421, 10.96473987], [79.7616982, 10.96500187], [79.76228648, 10.96546994], [79.7617562, 10.96754296], [79.76111458, 10.96779352], [79.75986806, 10.97044683], [79.75958276, 10.97192406], [79.75944895, 10.97219025], [79.75904703, 10.97201681], [79.75752256, 10.97220949], [79.75722399, 10.97248406], [79.75571429, 10.97242813], [79.75516685, 10.97204159], [79.7547786, 10.97188176], [79.75452363, 10.97267195], [79.75493178, 10.97353263], [79.75495674, 10.97412946], [79.75479217, 10.97517312], [79.75284492, 10.97688771], [79.75473956, 10.97788561], [79.75559485, 10.97797045], [79.75570733, 10.97950809], [79.75858719, 10.98127863], [79.75856411, 10.98348938], [79.75813819, 10.98359161], [79.75710881, 10.9835376], [79.75587664, 10.98384902], [79.75535853, 10.98302858], [79.75290198, 10.98286928], [79.75301383, 10.98672171], [79.75294594, 10.98763466], [79.75261024, 10.9880176], [79.75191437, 10.98811871], [79.75142883, 10.98822072], [79.74870427, 10.98832815], [79.74843146, 10.98827611], [79.7476178, 10.98808743], [79.74751229, 10.98815478], [79.74773934, 10.98856262], [79.74821614, 10.98941459], [79.74843637, 10.99036943], [79.74831299, 10.99139974], [79.7482557, 10.99196912], [79.74805151, 10.99264193], [79.74840423, 10.99470948], [79.74863039, 10.99531624], [79.74844964, 10.99585808], [79.74813215, 10.99646314], [79.74680132, 11.00257542], [79.74781725, 11.00303614], [79.75245891, 11.00323038], [79.7531283, 11.00294378], [79.75392165, 11.00253572], [79.75421356, 11.00278557], [79.75464975, 11.00350168], [79.7564565, 11.00368097], [79.7567654, 11.00315328], [79.7568088, 11.00262449]], [[79.76246901, 10.9062291], [79.76372551, 10.9094887], [79.76494597, 10.9112883], [79.76509786, 10.90891518], [79.76603686, 10.90531288], [79.76637152, 10.90342805], [79.76398018, 10.90145628], [79.76534747, 10.90218904], [79.76524173, 10.90353616], [79.76361392, 10.90259528], [79.76505382, 10.9045983], [79.76370426, 10.90513114], [79.7632744, 10.90518528], [79.76246901, 10.9062291]], [[79.76694902, 10.9002008], [79.76935026, 10.89996659], [79.76894282, 10.90095651], [79.76761179, 10.90132659], [79.76694902, 10.9002008]]]]}, "geometry_name": "geom", "properties": {"geo_id": "IN-TN-KAR", "district_name": "Karaikal", "state_name": "Tamil Nadu", "state_geo_id": "IN-TN", "agro_climatic_zone": ""}}, {"type": "Feature", "id": "NowcastWarningDistrict.fid-2bfa195d_1a08a681a2b_60eb", "geometry": {"type": "MultiPolygon", "coordinates": [[[[79.81799316, 11.39862061], [79.82458496, 11.3671875], [79.82458496, 11.36682129], [79.82519531, 11.36419678], [79.82562256, 11.36138916], [79.82623291, 11.3605957], [79.82720947, 11.36022949], [79.82843018, 11.35980225], [79.82904053, 11.35943603], [79.82983398, 11.35919189], [79.831604, 11.35900879], [79.83221435, 11.35900879], [79.83239746, 11.35882568], [79.83239746, 11.35742188], [79.83581543, 11.3550415], [79.8381958, 11.35479736], [79.83959961, 11.35363769], [79.83978271, 11.35339355], [79.84020996, 11.3526001], [79.84020996, 11.34643555], [79.83959961, 11.34423828], [79.83563232, 11.33062744], [79.83422852, 11.32818604], [79.83422852, 11.32543945], [79.83398438, 11.32403565], [79.83441162, 11.31103516], [79.83520508, 11.30560303], [79.83520508, 11.30059815], [79.83520508, 11.29980469], [79.83758545, 11.28259277], [79.83782959, 11.28179932], [79.8381958, 11.28039551], [79.84539795, 11.25158691], [79.84643555, 11.24719238], [79.84838867, 11.2341919], [79.85119629, 11.21362305], [79.85241699, 11.20458984], [79.85400391, 11.19519043], [79.85479736, 11.18280029], [79.85723877, 11.15081787], [79.85742188, 11.14141846], [79.85821533, 11.11401367], [79.85821533, 11.11120605], [79.85821533, 11.11102295], [79.85821533, 11.10919189], [79.85821533, 11.10418701], [79.85778809, 11.09100342], [79.85760498, 11.08758545], [79.85742188, 11.08660889], [79.85723877, 11.08599853], [79.85681152, 11.08581543], [79.85559082, 11.08599853], [79.85461426, 11.08581543], [79.85479736, 11.0814209], [79.85723877, 11.07598877], [79.85723877, 11.07299805], [79.85723877, 11.07281494], [79.85723877, 11.04742432], [79.85723877, 11.04400635], [79.85662842, 11.02758789], [79.85681152, 11.015625], [79.85681152, 11.01281738], [79.8538208, 11], [79.8526001, 10.99420166], [79.8526001, 10.99279785], [79.85198975, 10.99304199], [79.85003662, 10.99304199], [79.84960937, 10.99304199], [79.84918213, 10.9932251], [79.84643555, 10.99359131], [79.8447876, 10.9934082], [79.84442139, 10.9934082], [79.84423828, 10.99359131], [79.84399414, 10.99420166], [79.84381104, 10.99438477], [79.84082031, 10.99438477], [79.84100342, 10.99578857], [79.84143066, 10.99719238], [79.84143066, 10.99841309], [79.84143066, 11.00018311], [79.84082031, 11.00018311], [79.83959961, 11.00018311], [79.83898926, 11.00018311], [79.83782959, 11.00061035], [79.83599853, 11.0010376], [79.83459473, 11.00140381], [79.83319092, 11.00140381], [79.83203125, 11.0010376], [79.83178711, 11.00079346], [79.83081055, 11.00079346], [79.83020019, 11.00042725], [79.82983398, 10.99938965], [79.82958984, 10.99841309], [79.82983398, 10.99743652], [79.82958984, 10.99719238], [79.82958984, 10.99682617], [79.82922363, 10.99682617], [79.82739258, 10.99682617], [79.82720947, 10.99700928], [79.82678223, 10.99719238], [79.82623291, 10.99780273], [79.82562256, 10.99841309], [79.82519531, 10.99902344], [79.8248291, 10.99920654], [79.82440186, 10.99938965], [79.8237915, 10.99938965], [79.82342529, 10.99902344], [79.82324219, 10.99822998], [79.82299805, 10.99743652], [79.82281494, 10.99700928], [79.82281494, 10.99682617], [79.82238769, 10.99682617], [79.82202148, 10.99682617], [79.82122803, 10.99719238], [79.82061768, 10.99780273], [79.81939697, 10.9998169], [79.81842041, 11.00140381], [79.81799316, 11.00201416], [79.81762695, 11.00244141], [79.81719971, 11.00244141], [79.8168335, 11.00244141], [79.81658935, 11.00219727], [79.81640625, 11.00183106], [79.81622315, 11.00158691], [79.81542969, 11.00183106], [79.8157959, 11.00079346], [79.81622315, 11.00061035], [79.81622315, 11], [79.81604004, 10.99938965], [79.81561279, 10.99859619], [79.81542969, 10.99841309], [79.81518555, 10.99822998], [79.81439209, 10.99780273], [79.81378174, 10.99761963], [79.81262207, 10.99798584], [79.81140137, 10.99841309], [79.81042481, 10.99841309], [79.80938721, 10.99859619], [79.80841064, 10.99798584], [79.80780029, 10.99780273], [79.80718994, 10.99761963], [79.80639648, 10.99700928], [79.80560303, 10.99621582], [79.80499268, 10.99542236], [79.80462646, 10.99462891], [79.80438232, 10.99420166], [79.80462646, 10.99383545], [79.80480957, 10.9934082], [79.80621338, 10.99261475], [79.80700684, 10.9921875], [79.80743408, 10.99182129], [79.80761719, 10.99163818], [79.80761719, 10.99121094], [79.80718994, 10.99078369], [79.80700684, 10.99060059], [79.80682373, 10.99102783], [79.80664063, 10.99139404], [79.80639648, 10.99139404], [79.80603027, 10.99139404], [79.80541992, 10.99078369], [79.80523682, 10.99060059], [79.80541992, 10.99023437], [79.80578613, 10.98999023], [79.80603027, 10.98980713], [79.80603027, 10.98962402], [79.80578613, 10.98919678], [79.80578613, 10.98901367], [79.80541992, 10.98901367], [79.80523682, 10.98883057], [79.80499268, 10.98803711], [79.80499268, 10.98779297], [79.80499268, 10.98760986], [79.80560303, 10.98742676], [79.80560303, 10.98638916], [79.80541992, 10.98602295], [79.80541992, 10.9855957], [79.80523682, 10.9855957], [79.80499268, 10.9855957], [79.80499268, 10.98620606], [79.80480957, 10.9866333], [79.80419922, 10.98699951], [79.80383301, 10.98699951], [79.80340576, 10.98681641], [79.80322266, 10.9866333], [79.80279541, 10.98602295], [79.8026123, 10.9855957], [79.80218506, 10.9855957], [79.80163574, 10.9854126], [79.8012085, 10.98522949], [79.80084229, 10.98498535], [79.80059815, 10.98480225], [79.80041504, 10.98461914], [79.80041504, 10.98419189], [79.80041504, 10.98382568], [79.80059815, 10.98339844], [79.80084229, 10.98138428], [79.80023193, 10.98138428], [79.79919434, 10.98120117], [79.79779053, 10.98138428], [79.79760742, 10.98138428], [79.79699707, 10.98162842], [79.79602051, 10.98162842], [79.79559326, 10.98162842], [79.79522705, 10.98181152], [79.79443359, 10.98223877], [79.793396, 10.98303223], [79.79302979, 10.98339844], [79.79278564, 10.98419189], [79.79260254, 10.98443603], [79.79260254, 10.98461914], [79.79223633, 10.98480225], [79.79162598, 10.98522949], [79.79138184, 10.9854126], [79.79119873, 10.9855957], [79.79101563, 10.98583984], [79.79083252, 10.98583984], [79.79003906, 10.98583984], [79.78961182, 10.98602295], [79.78979492, 10.98681641], [79.78942871, 10.98699951], [79.78839111, 10.98779297], [79.7878418, 10.98822021], [79.78741455, 10.98858643], [79.78741455, 10.98901367], [79.78741455, 10.98919678], [79.78759766, 10.98944092], [79.7878418, 10.98944092], [79.78863525, 10.98919678], [79.78900146, 10.98919678], [79.78961182, 10.98944092], [79.79040527, 10.98980713], [79.79040527, 10.99060059], [79.79022217, 10.99121094], [79.78979492, 10.9920044], [79.78961182, 10.99261475], [79.78839111, 10.99420166], [79.78839111, 10.99462891], [79.78839111, 10.99499512], [79.78839111, 10.99542236], [79.78820801, 10.99560547], [79.7878418, 10.99578857], [79.78741455, 10.99603272], [79.78698731, 10.99603272], [79.78643799, 10.99578857], [79.78582764, 10.99578857], [79.78540039, 10.99542236], [79.78479004, 10.99523926], [79.78521728, 10.99462891], [79.78540039, 10.99438477], [79.78540039, 10.99401855], [79.78540039, 10.99383545], [79.78540039, 10.99359131], [79.78521728, 10.9934082], [79.78503418, 10.9934082], [79.78442383, 10.99383545], [79.78363037, 10.99438477], [79.78259277, 10.99481201], [79.78161621, 10.99499512], [79.78082275, 10.99523926], [79.78039551, 10.99542236], [79.7802124, 10.99560547], [79.78039551, 10.99578857], [79.78082275, 10.99639893], [79.78118897, 10.99682617], [79.7814331, 10.99700928], [79.78118897, 10.99719238], [79.78039551, 10.99719238], [79.7800293, 10.99719238], [79.77960205, 10.99719238], [79.77880859, 10.99658203], [79.77819824, 10.99621582], [79.77758789, 10.99621582], [79.77703857, 10.99621582], [79.77563477, 10.99621582], [79.77520752, 10.99639893], [79.77380371, 10.99658203], [79.7734375, 10.99658203], [79.77301025, 10.99639893], [79.7723999, 10.99578857], [79.77203369, 10.99578857], [79.77142334, 10.99578857], [79.77062988, 10.99603272], [79.77020264, 10.99621582], [79.76983643, 10.99658203], [79.76922607, 10.99639893], [79.76879883, 10.99639893], [79.76843262, 10.99603272], [79.76818848, 10.99603272], [79.76800537, 10.99603272], [79.76800537, 10.99639893], [79.76739502, 10.99658203], [79.76641846, 10.99700928], [79.76623535, 10.99743652], [79.76623535, 10.99761963], [79.7654419, 10.99761963], [79.7645874, 10.99780273], [79.76422119, 10.99884033], [79.76422119, 10.99938965], [79.76422119, 10.99963379], [79.76379395, 10.9998169], [79.76342773, 11], [79.76300049, 10.9998169], [79.76281738, 10.99920654], [79.76239014, 10.99841309], [79.76202393, 10.99780273], [79.76159668, 10.99761963], [79.76141357, 10.99761963], [79.76123047, 10.99798584], [79.76141357, 10.99859619], [79.76123047, 10.99920654], [79.76080322, 10.9998169], [79.76019287, 11.00061035], [79.75939941, 11.00079346], [79.7590332, 11.0010376], [79.75860596, 11.0010376], [79.75823975, 11.0010376], [79.75823975, 11.0012207], [79.75799561, 11.00183106], [79.75799561, 11.00201416], [79.7578125, 11.00219727], [79.75720215, 11.00244141], [79.75701904, 11.00244141], [79.75640869, 11.00244141], [79.75604248, 11.00219727], [79.75579834, 11.00201416], [79.75561523, 11.00140381], [79.75543213, 11.0012207], [79.75518799, 11.0012207], [79.75500488, 11.00140381], [79.75439453, 11.00158691], [79.75402832, 11.00183106], [79.75378418, 11.00183106], [79.75244141, 11.00158691], [79.75158691, 11.00158691], [79.7512207, 11.00158691], [79.75, 11.00183106], [79.74938965, 11.00183106], [79.74902344, 11.00183106], [79.74859619, 11.00158691], [79.74841309, 11.0010376], [79.74884033, 11], [79.75, 10.99639893], [79.74963379, 10.99621582], [79.74938965, 10.99499512], [79.74798584, 10.99499512], [79.74761963, 10.99481201], [79.74700928, 10.99481201], [79.74639893, 10.99438477], [79.74578857, 10.99438477], [79.74542236, 10.99438477], [79.74481201, 10.99438477], [79.74438477, 10.99438477], [79.74383545, 10.99420166], [79.74359131, 10.99438477], [79.74304199, 10.99438477], [79.74243164, 10.99462891], [79.7421875, 10.99499512], [79.74139404, 10.99481201], [79.74102783, 10.99481201], [79.74060059, 10.99462891], [79.73999023, 10.99462891], [79.73919678, 10.99462891], [79.73840332, 10.99438477], [79.73803711, 10.99438477], [79.73681641, 10.99420166], [79.73638916, 10.99438477], [79.73583984, 10.99462891], [79.7355957, 10.99438477], [79.7354126, 10.99438477], [79.73522949, 10.99438477], [79.73498535, 10.99438477], [79.73480225, 10.99420166], [79.73443603, 10.99401855], [79.73364258, 10.99359131], [79.73303223, 10.9934082], [79.73223877, 10.99359131], [79.73138428, 10.99462891], [79.73199463, 10.99578857], [79.73199463, 10.99658203], [79.73120117, 10.99719238], [79.73101807, 10.99719238], [79.73059082, 10.99719238], [79.72900391, 10.99719238], [79.72680664, 10.99700928], [79.72619629, 10.99700928], [79.72601318, 10.99700928], [79.72540283, 10.99682617], [79.72521973, 10.99682617], [79.72460937, 10.99682617], [79.72442627, 10.99719238], [79.72442627, 10.99761963], [79.72418213, 10.99780273], [79.72399902, 10.99780273], [79.72381592, 10.99780273], [79.72320557, 10.99780273], [79.72283936, 10.99780273], [79.72241211, 10.99780273], [79.72259521, 10.99859619], [79.72283936, 10.99884033], [79.72302246, 10.99884033], [79.72320557, 10.99902344], [79.72320557, 10.99938965], [79.72320557, 10.99963379], [79.72302246, 10.99963379], [79.72259521, 10.99963379], [79.72241211, 10.99963379], [79.722229, 10.99938965], [79.72198486, 10.99902344], [79.72198486, 10.99884033], [79.72180176, 10.99884033], [79.72143555, 10.99920654], [79.72119141, 10.99938965], [79.72119141, 10.9998169], [79.72161865, 11], [79.71923828, 11.00323486], [79.71899414, 11.00439453], [79.71899414, 11.00561523], [79.71740723, 11.00738525], [79.71704102, 11.00738525], [79.71618652, 11.00738525], [79.71539307, 11.00701904], [79.71478271, 11.00622559], [79.7142334, 11.00561523], [79.71380615, 11.00543213], [79.7131958, 11.00518799], [79.7130127, 11.00500488], [79.71258545, 11.00500488], [79.71240234, 11.00500488], [79.70721436, 11.00842285], [79.70361328, 11.01300049], [79.70239258, 11.01361084], [79.70159912, 11.01403809], [79.69720459, 11.01483154], [79.69702148, 11.0145874], [79.69622803, 11.0145874], [79.69500732, 11.0144043], [79.69281006, 11.01501465], [79.69061279, 11.0154419], [79.69042969, 11.0154419], [79.68902588, 11.0154419], [79.68719482, 11.0158081], [79.6842041, 11.015625], [79.68060303, 11.01519775], [79.67858887, 11.01519775], [79.6776123, 11.01519775], [79.67700195, 11.0154419], [79.67523193, 11.01501465], [79.67242432, 11.0158081], [79.67059326, 11.01501465], [79.67041016, 11.01483154], [79.66979981, 11.0144043], [79.66918945, 11.0144043], [79.66864014, 11.0144043], [79.668396, 11.01379395], [79.66821289, 11.01379395], [79.66802978, 11.01379395], [79.66699219, 11.01379395], [79.66601563, 11.01422119], [79.66479492, 11.01422119], [79.66400146, 11.01379395], [79.66363525, 11.01361084], [79.6630249, 11.01342773], [79.6618042, 11.01300049], [79.66119385, 11.01300049], [79.66082764, 11.01300049], [79.66021729, 11.01300049], [79.65942383, 11.01300049], [79.65820312, 11.01239014], [79.65698242, 11.01184082], [79.65643311, 11.01159668], [79.65563965, 11.01184082], [79.65460205, 11.01202393], [79.65423584, 11.01220703], [79.65283203, 11.01202393], [79.65258789, 11.01202393], [79.65142822, 11.01159668], [79.65039063, 11.01098633], [79.65002441, 11.01080322], [79.64959717, 11.01062012], [79.64898682, 11.01043701], [79.64819336, 11.01019287], [79.64801025, 11.01000977], [79.64801025, 11.00860596], [79.64782715, 11.00842285], [79.64660645, 11.00860596], [79.64520264, 11.00878906], [79.64459228, 11.00842285], [79.64422607, 11.0079956], [79.64343262, 11.00738525], [79.64239502, 11.0065918], [79.64178467, 11.00579834], [79.64160156, 11.00463867], [79.64160156, 11.00421143], [79.64160156, 11.00378418], [79.64141846, 11.00299072], [79.64141846, 11.00262451], [79.64141846, 11.00219727], [79.64202881, 11.00158691], [79.64263916, 11], [79.64221191, 10.99902344], [79.64178467, 10.99859619], [79.64099121, 10.99798584], [79.64001465, 10.99798584], [79.63763428, 10.99841309], [79.63641357, 10.99884033], [79.63543701, 10.99902344], [79.63519287, 10.99884033], [79.63543701, 10.99859619], [79.63684082, 10.99578857], [79.63702393, 10.99481201], [79.63684082, 10.99383545], [79.63580322, 10.99304199], [79.63580322, 10.99261475], [79.63342285, 10.99163818], [79.6328125, 10.99102783], [79.6328125, 10.99060059], [79.63323975, 10.98999023], [79.63360596, 10.99023437], [79.63378906, 10.99121094], [79.63598633, 10.9920044], [79.63623047, 10.99139404], [79.63623047, 10.99121094], [79.63580322, 10.99102783], [79.63562012, 10.99041748], [79.63659668, 10.99060059], [79.63659668, 10.98803711], [79.63482666, 10.98742676], [79.6340332, 10.98822021], [79.6340332, 10.98638916], [79.63238525, 10.98638916], [79.63201904, 10.9854126], [79.63238525, 10.98443603], [79.63299561, 10.98339844], [79.63378906, 10.98364258], [79.63421631, 10.98040771], [79.6340332, 10.9800415], [79.6340332, 10.97961426], [79.6326294, 10.97900391], [79.63201904, 10.9788208], [79.63018799, 10.9788208], [79.62939453, 10.9788208], [79.62902832, 10.97839355], [79.62762451, 10.9776001], [79.62683105, 10.97503662], [79.62658691, 10.97460937], [79.62939453, 10.97418213], [79.63043213, 10.97381592], [79.63018799, 10.97320557], [79.63104248, 10.97259522], [79.6315918, 10.97241211], [79.63140869, 10.972229], [79.63079834, 10.97180176], [79.62939453, 10.97119141], [79.62878418, 10.97064209], [79.62878418, 10.96960449], [79.62860107, 10.96942139], [79.62683105, 10.96960449], [79.62420654, 10.9697876], [79.62261963, 10.97021484], [79.61981201, 10.97198486], [79.61663818, 10.97381592], [79.61340332, 10.97540283], [79.6091919, 10.97802734], [79.60742187, 10.9786377], [79.60662842, 10.97900391], [79.60681152, 10.97680664], [79.60559082, 10.97662354], [79.60601807, 10.97601318], [79.60961914, 10.97601318], [79.60961914, 10.97479248], [79.60961914, 10.97399902], [79.60839844, 10.97302246], [79.60742187, 10.97363281], [79.60821533, 10.97399902], [79.60760498, 10.97442627], [79.60699463, 10.97381592], [79.60620117, 10.97503662], [79.60540772, 10.97039795], [79.60162353, 10.9710083], [79.60003662, 10.97143555], [79.59820557, 10.97259522], [79.59759521, 10.97644043], [79.59680176, 10.97540283], [79.59564209, 10.97662354], [79.59503174, 10.97583008], [79.59399414, 10.97698975], [79.59320068, 10.97680664], [79.59301758, 10.97540283], [79.59259033, 10.97521973], [79.59204102, 10.97943115], [79.59204102, 10.98138428], [79.59143066, 10.98162842], [79.59002686, 10.98162842], [79.58880615, 10.98138428], [79.58679199, 10.98101807], [79.58679199, 10.98181152], [79.581604, 10.98138428], [79.5814209, 10.98083496], [79.57983398, 10.98040771], [79.57958984, 10.98138428], [79.57879639, 10.98120117], [79.57843018, 10.97839355], [79.57598877, 10.97698975], [79.57580566, 10.97399902], [79.57739258, 10.97363281], [79.57720947, 10.97302246], [79.57904053, 10.97241211], [79.57879639, 10.97161865], [79.57818603, 10.97143555], [79.57843018, 10.97039795], [79.57818603, 10.97039795], [79.57739258, 10.97064209], [79.57702637, 10.97039795], [79.57598877, 10.96923828], [79.57580566, 10.97021484], [79.5748291, 10.9697876], [79.57501221, 10.97039795], [79.57080078, 10.96960449], [79.57061768, 10.97021484], [79.57122803, 10.97039795], [79.57080078, 10.97180176], [79.57061768, 10.97241211], [79.57019043, 10.97283936], [79.56939697, 10.97558594], [79.56518555, 10.97503662], [79.56518555, 10.97381592], [79.56323242, 10.97381592], [79.56060791, 10.97381592], [79.55883789, 10.97338867], [79.5579834, 10.97320557], [79.55859375, 10.97161865], [79.55859375, 10.9710083], [79.55859375, 10.97039795], [79.55859375, 10.97003174], [79.55761719, 10.9697876], [79.55761719, 10.96923828], [79.55664062, 10.96862793], [79.55480957, 10.96801758], [79.55438232, 10.96801758], [79.55340576, 10.96661377], [79.55261231, 10.96600342], [79.55200195, 10.96582031], [79.5513916, 10.96618652], [79.55084228, 10.96643066], [79.54943848, 10.96643066], [79.54742432, 10.96563721], [79.54638672, 10.9642334], [79.543396, 10.96502685], [79.54022217, 10.96661377], [79.53900147, 10.96722412], [79.53820801, 10.96722412], [79.5369873, 10.96661377], [79.53460693, 10.96722412], [79.53381348, 10.96704102], [79.53338623, 10.96679688], [79.53338623, 10.96643066], [79.53338623, 10.96502685], [79.53338623, 10.9642334], [79.53381348, 10.96380615], [79.53442383, 10.96343994], [79.53442383, 10.96240234], [79.53381348, 10.96142578], [79.53399658, 10.95959473], [79.53222656, 10.95983887], [79.53179932, 10.95898438], [79.5302124, 10.95898438], [79.52978516, 10.95819092], [79.52862549, 10.95819092], [79.52862549, 10.95922852], [79.52819824, 10.95941162], [79.52783203, 10.96020508], [79.52758789, 10.96124268], [79.52783203, 10.96179199], [79.52819824, 10.96240234], [79.52960205, 10.9630127], [79.52941895, 10.96380615], [79.53063965, 10.96459961], [79.5314331, 10.96600342], [79.53179932, 10.96722412], [79.53161621, 10.96740723], [79.5314331, 10.96783447], [79.53082275, 10.96801758], [79.53039551, 10.96801758], [79.52844238, 10.96820068], [79.52783203, 10.96820068], [79.52703857, 10.96862793], [79.52661133, 10.96862793], [79.52484131, 10.96801758], [79.52380371, 10.96801758], [79.52301025, 10.96838379], [79.5222168, 10.96838379], [79.52178955, 10.96838379], [79.52038574, 10.96960449], [79.51922607, 10.96942139], [79.51843262, 10.96899414], [79.51721191, 10.96838379], [79.51678467, 10.96960449], [79.51678467, 10.97082519], [79.51660156, 10.97363281], [79.51660156, 10.97741699], [79.51623535, 10.97802734], [79.51501465, 10.97839355], [79.51501465, 10.9788208], [79.51580811, 10.97900391], [79.51580811, 10.97961426], [79.5145874, 10.97961426], [79.51519775, 10.98059082], [79.51483154, 10.98120117], [79.5144043, 10.98162842], [79.51281738, 10.98181152], [79.51043701, 10.98162842], [79.50982666, 10.98162842], [79.51000977, 10.98260498], [79.51098633, 10.98242188], [79.51080322, 10.98419189], [79.51184082, 10.98382568], [79.51184082, 10.98498535], [79.51342773, 10.98419189], [79.51342773, 10.98681641], [79.51782227, 10.9866333], [79.51879883, 10.9866333], [79.51922607, 10.98718262], [79.52001953, 10.98718262], [79.52142334, 10.98699951], [79.52319336, 10.98602295], [79.52539063, 10.98718262], [79.52600098, 10.98779297], [79.52600098, 10.98803711], [79.52679443, 10.98822021], [79.52581787, 10.98901367], [79.52563477, 10.98999023], [79.52581787, 10.99041748], [79.52484131, 10.99139404], [79.52459717, 10.9920044], [79.52423096, 10.99542236], [79.52423096, 10.99578857], [79.52801514, 10.99658203], [79.52941895, 10.99682617], [79.53082275, 10.99639893], [79.53320313, 10.99682617], [79.53619385, 10.99719238], [79.53942871, 10.99798584], [79.54101562, 10.99884033], [79.54199219, 10.99822998], [79.54382324, 10.99841309], [79.5458374, 10.99859619], [79.54724121, 10.99859619], [79.54821777, 10.99902344], [79.54858398, 10.99938965], [79.54821777, 11], [79.54821777, 11.0012207], [79.54821777, 11.00158691], [79.54779053, 11.00158691], [79.54699707, 11.00158691], [79.54699707, 11.00201416], [79.54681396, 11.00219727], [79.54663086, 11.00244141], [79.54620361, 11.00262451], [79.54559326, 11.00262451], [79.54498291, 11.00244141], [79.5447998, 11.00219727], [79.54443359, 11.00219727], [79.54418945, 11.00219727], [79.54382324, 11.00262451], [79.543396, 11.00262451], [79.54302978, 11.00244141], [79.54278565, 11.00219727], [79.54260254, 11.00244141], [79.54241943, 11.00262451], [79.54241943, 11.00299072], [79.54260254, 11.00360107], [79.54260254, 11.00378418], [79.54278565, 11.00402832], [79.54321289, 11.00421143], [79.543396, 11.00439453], [79.54364014, 11.00518799], [79.543396, 11.00701904], [79.54278565, 11.00701904], [79.54241943, 11.00683594], [79.54199219, 11.00683594], [79.54138184, 11.00701904], [79.54058838, 11.00720215], [79.53979492, 11.00701904], [79.53839111, 11.00683594], [79.53643799, 11.00683594], [79.53643799, 11.00738525], [79.53619385, 11.00738525], [79.53521729, 11.00738525], [79.53521729, 11.00762939], [79.53503418, 11.0079956], [79.53503418, 11.00842285], [79.53503418, 11.00860596], [79.53479004, 11.00878906], [79.53442383, 11.0090332], [79.53399658, 11.00878906], [79.53363037, 11.0090332], [79.53302002, 11.00921631], [79.53259277, 11.00939941], [79.53240967, 11.00939941], [79.53222656, 11.00939941], [79.53161621, 11.00921631], [79.53118896, 11.0090332], [79.53082275, 11.0090332], [79.52978516, 11.00860596], [79.52880859, 11.0078125], [79.52801514, 11.00720215], [79.52783203, 11.00738525], [79.52740478, 11.00762939], [79.52703857, 11.0078125], [79.52679443, 11.0078125], [79.52642822, 11.00738525], [79.52600098, 11.00640869], [79.52581787, 11.0065918], [79.52539063, 11.00701904], [79.52484131, 11.00720215], [79.52441406, 11.00738525], [79.52441406, 11.0079956], [79.52539063, 11.00860596], [79.52539063, 11.0090332], [79.52539063, 11.00982666], [79.52520752, 11.01062012], [79.52484131, 11.01123047], [79.52502441, 11.01281738], [79.52581787, 11.01263428], [79.52661133, 11.01300049], [79.52600098, 11.0144043], [79.52600098, 11.01483154], [79.52642822, 11.01501465], [79.52722168, 11.01501465], [79.52801514, 11.01483154], [79.52880859, 11.0145874], [79.52978516, 11.01403809], [79.5300293, 11.01403809], [79.53039551, 11.01361084], [79.53063965, 11.01300049], [79.53063965, 11.01220703], [79.53100586, 11.01220703], [79.53338623, 11.01263428], [79.53363037, 11.01300049], [79.53363037, 11.01403809], [79.53381348, 11.01501465], [79.53320313, 11.01861572], [79.5314331, 11.02539062], [79.5302124, 11.02539062], [79.52923584, 11.02520752], [79.52178955, 11.02459717], [79.51300049, 11.02600098], [79.51300049, 11.02661133], [79.51318359, 11.02679443], [79.51483154, 11.02679443], [79.51483154, 11.02703857], [79.51501465, 11.02758789], [79.51501465, 11.02880859], [79.51501465, 11.02978516], [79.51483154, 11.03063965], [79.5145874, 11.0314331], [79.5144043, 11.03222656], [79.51403809, 11.03283691], [79.51403809, 11.03320313], [79.5144043, 11.03381348], [79.5144043, 11.03424072], [79.51379394, 11.03460693], [79.51318359, 11.03521728], [79.51318359, 11.03619385], [79.51342773, 11.03698731], [79.51403809, 11.03759766], [79.51403809, 11.0380249], [79.51361084, 11.03881836], [79.51300049, 11.03961182], [79.51220703, 11.04058838], [79.51300049, 11.04119873], [79.51403809, 11.04162598], [79.51483154, 11.04241943], [79.51501465, 11.04260254], [79.5154419, 11.04278565], [79.5154419, 11.04302979], [79.51660156, 11.043396], [79.52001953, 11.04559326], [79.51959229, 11.04638672], [79.51959229, 11.04699707], [79.51983643, 11.04779053], [79.52020264, 11.04882813], [79.52038574, 11.04919434], [79.52099609, 11.04962158], [79.52160644, 11.04998779], [79.5223999, 11.05059814], [79.52282715, 11.05102539], [79.52282715, 11.0513916], [79.52282715, 11.05200195], [79.52301025, 11.05218506], [79.5234375, 11.0524292], [79.52380371, 11.05261231], [79.52423096, 11.0524292], [79.52441406, 11.05218506], [79.52459717, 11.05181885], [79.52484131, 11.05181885], [79.52539063, 11.05218506], [79.52563477, 11.05261231], [79.52563477, 11.05303955], [79.52600098, 11.05340576], [79.52618408, 11.05340576], [79.52642822, 11.05322266], [79.52661133, 11.05322266], [79.52740478, 11.05322266], [79.53082275, 11.05438232], [79.53118896, 11.05462646], [79.53179932, 11.05480957], [79.53240967, 11.05560303], [79.53338623, 11.05682373], [79.53399658, 11.05743408], [79.53399658, 11.0579834], [79.53399658, 11.05859375], [79.53363037, 11.059021], [79.53320313, 11.05963135], [79.53338623, 11.05999756], [79.53363037, 11.06060791], [79.53399658, 11.06079102], [79.53521729, 11.06103516], [79.53601074, 11.06140137], [79.53619385, 11.06158447], [79.53643799, 11.06201172], [79.53662109, 11.06219482], [79.53723144, 11.06280518], [79.53759766, 11.06341553], [79.53839111, 11.06439209], [79.53820801, 11.06463623], [79.53820801, 11.06481934], [79.53820801, 11.06500244], [79.53820801, 11.06518555], [79.53820801, 11.06561279], [79.53820801, 11.06604004], [79.53839111, 11.06622315], [79.53863525, 11.06658936], [79.53839111, 11.0670166], [79.5378418, 11.06781006], [79.5378418, 11.06842041], [79.5380249, 11.06903076], [79.53820801, 11.06903076], [79.53881836, 11.06921387], [79.54040527, 11.07019043], [79.54162598, 11.07098389], [79.54223633, 11.07122803], [79.54321289, 11.07141113], [79.543396, 11.07183838], [79.54382324, 11.07263184], [79.54418945, 11.07299805], [79.5446167, 11.07342529], [79.54522705, 11.0736084], [79.5458374, 11.0736084], [79.54620361, 11.07342529], [79.54681396, 11.07238769], [79.54724121, 11.07263184], [79.54821777, 11.07324219], [79.54858398, 11.07342529], [79.54919434, 11.0737915], [79.55041504, 11.07458496], [79.55102539, 11.07501221], [79.55163574, 11.07519531], [79.5524292, 11.07598877], [79.55340576, 11.07641602], [79.55383301, 11.07641602], [79.55358887, 11.07781982], [79.55383301, 11.07879639], [79.55401611, 11.0802002], [79.55419922, 11.08178711], [79.55401611, 11.08178711], [79.55340576, 11.08239746], [79.55200195, 11.08319092], [79.55102539, 11.08380127], [79.54962158, 11.08441162], [79.54840088, 11.08459473], [79.54821777, 11.08459473], [79.54803467, 11.08459473], [79.54779053, 11.08483887], [79.54760742, 11.08483887], [79.54724121, 11.08483887], [79.54724121, 11.08502197], [79.54699707, 11.08502197], [79.54681396, 11.08502197], [79.54638672, 11.08520508], [79.5458374, 11.08538818], [79.54522705, 11.08563232], [79.5447998, 11.08502197], [79.54418945, 11.08398438], [79.54382324, 11.08398438], [79.543396, 11.08319092], [79.54302978, 11.08300781], [79.54260254, 11.08300781], [79.54241943, 11.08343506], [79.54241943, 11.08361816], [79.54278565, 11.08398438], [79.54302978, 11.08422852], [79.54321289, 11.08538818], [79.54364014, 11.08642578], [79.54302978, 11.08660889], [79.54278565, 11.08758545], [79.54382324, 11.08801269], [79.54443359, 11.08862305], [79.5447998, 11.0894165], [79.54498291, 11.09020996], [79.5446167, 11.09063721], [79.5447998, 11.09118652], [79.54559326, 11.09204102], [79.54559326, 11.09259033], [79.5458374, 11.09338379], [79.54638672, 11.09399414], [79.54724121, 11.09442139], [79.54760742, 11.09503174], [79.54760742, 11.09564209], [79.54760742, 11.09619141], [79.54760742, 11.09680176], [79.54760742, 11.097229], [79.54779053, 11.09741211], [79.54858398, 11.09802246], [79.54919434, 11.09863281], [79.54962158, 11.09942627], [79.54980469, 11.10003662], [79.54962158, 11.10040283], [79.54901123, 11.10144043], [79.54858398, 11.1027832], [79.54840088, 11.10339356], [79.54760742, 11.10339356], [79.54699707, 11.1036377], [79.54559326, 11.1036377], [79.54418945, 11.1038208], [79.54364014, 11.1036377], [79.54302978, 11.10339356], [79.54278565, 11.1027832], [79.54260254, 11.10241699], [79.54260254, 11.10198975], [79.54241943, 11.10058594], [79.54241943, 11.09979248], [79.54241943, 11.09942627], [79.54241943, 11.09918213], [79.54241943, 11.09899902], [79.54241943, 11.09881592], [79.54241943, 11.09838867], [79.54241943, 11.09783935], [79.54241943, 11.09759522], [79.54241943, 11.09741211], [79.54241943, 11.097229], [79.54260254, 11.097229], [79.54260254, 11.09698486], [79.54260254, 11.09661865], [79.54260254, 11.09643555], [79.54260254, 11.09619141], [79.54260254, 11.0960083], [79.54260254, 11.09582519], [79.54260254, 11.09539795], [79.54260254, 11.09521484], [79.54302978, 11.09442139], [79.54278565, 11.09399414], [79.54223633, 11.09423828], [79.54119873, 11.09423828], [79.54058838, 11.09423828], [79.54003906, 11.09442139], [79.53979492, 11.09564209], [79.54003906, 11.09643555], [79.53961182, 11.09698486], [79.53918457, 11.097229], [79.53863525, 11.097229], [79.53741455, 11.097229], [79.53741455, 11.09979248], [79.53741455, 11.10003662], [79.53741455, 11.10021973], [79.53741455, 11.10040283], [79.53741455, 11.10058594], [79.53741455, 11.10144043], [79.5378418, 11.10198975], [79.5380249, 11.10302734], [79.53820801, 11.1038208], [79.53863525, 11.10418701], [79.53961182, 11.10479736], [79.54022217, 11.10559082], [79.54040527, 11.10583496], [79.54003906, 11.10638428], [79.53961182, 11.10699463], [79.53918457, 11.10760498], [79.53942871, 11.10821533], [79.53979492, 11.10839844], [79.54022217, 11.10839844], [79.54083252, 11.10778809], [79.54138184, 11.10723877], [79.54223633, 11.10723877], [79.54278565, 11.10742188], [79.54321289, 11.10760498], [79.54321289, 11.10778809], [79.54302978, 11.10803223], [79.54302978, 11.10821533], [79.54278565, 11.10839844], [79.54278565, 11.10864258], [79.54278565, 11.10882568], [79.54260254, 11.10919189], [79.54241943, 11.10943604], [79.54260254, 11.10980225], [79.54278565, 11.1104126], [79.54302978, 11.1105957], [79.543396, 11.1104126], [79.54400635, 11.11022949], [79.5446167, 11.10998535], [79.5447998, 11.11022949], [79.54541016, 11.1105957], [79.54663086, 11.11138916], [79.54681396, 11.11199951], [79.54663086, 11.11242676], [79.54620361, 11.11279297], [79.54559326, 11.11303711], [79.54522705, 11.11279297], [79.5447998, 11.11260986], [79.54443359, 11.11260986], [79.54418945, 11.11279297], [79.54418945, 11.11358643], [79.54443359, 11.11462402], [79.5447998, 11.11523437], [79.54559326, 11.11560059], [79.54620361, 11.11541748], [79.54699707, 11.11480713], [79.54742432, 11.11480713], [79.54760742, 11.11480713], [79.54779053, 11.11480713], [79.54821777, 11.11480713], [79.54858398, 11.11462402], [79.54882813, 11.11401367], [79.54901123, 11.11303711], [79.54943848, 11.11199951], [79.54980469, 11.11181641], [79.54998779, 11.11199951], [79.55023193, 11.11218262], [79.55059814, 11.11260986], [79.55102539, 11.11279297], [79.5513916, 11.11340332], [79.5513916, 11.11358643], [79.5512085, 11.11444092], [79.55084228, 11.11523437], [79.55102539, 11.11560059], [79.5513916, 11.11602783], [79.55163574, 11.11639404], [79.55163574, 11.11682129], [79.55163574, 11.1171875], [79.5513916, 11.11761475], [79.5513916, 11.11779785], [79.55102539, 11.11859131], [79.5512085, 11.11901855], [79.5512085, 11.11938477], [79.55181885, 11.12023926], [79.55261231, 11.12103271], [79.55322266, 11.12200928], [79.55322266, 11.12243652], [79.55279541, 11.12280273], [79.5524292, 11.12280273], [79.55200195, 11.12261963], [79.55084228, 11.12182617], [79.55059814, 11.12139893], [79.55023193, 11.12121582], [79.54980469, 11.12139893], [79.54980469, 11.12158203], [79.54980469, 11.12219238], [79.54998779, 11.12280273], [79.55023193, 11.12341309], [79.55041504, 11.12438965], [79.55023193, 11.125], [79.5513916, 11.12481689], [79.55200195, 11.12402344], [79.55279541, 11.12384033], [79.55303955, 11.12384033], [79.55358887, 11.12420654], [79.55383301, 11.12481689], [79.55438232, 11.12561035], [79.55462647, 11.12640381], [79.55462647, 11.12744141], [79.55462647, 11.12762451], [79.55438232, 11.12799072], [79.55383301, 11.12841797], [79.55340576, 11.12841797], [79.55279541, 11.12823486], [79.55261231, 11.12823486], [79.5524292, 11.12841797], [79.55218506, 11.12860107], [79.55218506, 11.12878418], [79.55279541, 11.12902832], [79.55358887, 11.12902832], [79.55401611, 11.12878418], [79.55438232, 11.12902832], [79.55499268, 11.12921143], [79.55578613, 11.13000488], [79.55603027, 11.13061523], [79.55639648, 11.13079834], [79.55664062, 11.13079834], [79.55664062, 11.13061523], [79.55664062, 11.13018799], [79.55664062, 11.12963867], [79.55664062, 11.12780762], [79.55682373, 11.12719727], [79.55718994, 11.12719727], [79.55780029, 11.12719727], [79.55841065, 11.12744141], [79.55859375, 11.12799072], [79.55859375, 11.12878418], [79.55883789, 11.12921143], [79.55938721, 11.12939453], [79.55963135, 11.12939453], [79.55999756, 11.12939453], [79.5604248, 11.12921143], [79.56079102, 11.12939453], [79.56079102, 11.13043213], [79.56219482, 11.13043213], [79.56262207, 11.13043213], [79.56280518, 11.13079834], [79.56243897, 11.13183594], [79.56201172, 11.1326294], [79.56182861, 11.1329956], [79.56201172, 11.13360596], [79.56219482, 11.13421631], [79.56280518, 11.13439941], [79.56341553, 11.13458252], [79.56359863, 11.13500977], [79.56359863, 11.13598633], [79.56378174, 11.13641357], [79.56420898, 11.13684082], [79.56481934, 11.13684082], [79.56500244, 11.13684082], [79.5657959, 11.13659668], [79.5668335, 11.13781738], [79.56738281, 11.13922119], [79.56781006, 11.1394043], [79.56842041, 11.13903809], [79.56860352, 11.1394043], [79.56878662, 11.13983154], [79.56903076, 11.14019775], [79.56939697, 11.14080811], [79.56982422, 11.14123535], [79.57043457, 11.14141846], [79.57159424, 11.14178467], [79.5723877, 11.14221191], [79.5723877, 11.14263916], [79.57220459, 11.14318848], [79.5723877, 11.14379883], [79.57342529, 11.14459229], [79.5737915, 11.14581299], [79.57403564, 11.14660645], [79.5737915, 11.14660645], [79.57342529, 11.14660645], [79.57324219, 11.14660645], [79.57281494, 11.14642334], [79.5723877, 11.14642334], [79.57202148, 11.14624023], [79.57141113, 11.14624023], [79.57080078, 11.14624023], [79.57043457, 11.14660645], [79.57019043, 11.14678955], [79.56982422, 11.1473999], [79.56903076, 11.14758301], [79.56842041, 11.14758301], [79.56781006, 11.14782715], [79.56738281, 11.14984131], [79.56719971, 11.15100098], [79.56719971, 11.15222168], [79.56719971, 11.15240478], [79.5670166, 11.15362549], [79.56359863, 11.15344238], [79.56201172, 11.15344238], [79.56103516, 11.15344238], [79.56060791, 11.15319824], [79.55981445, 11.15319824], [79.55938721, 11.15301514], [79.5592041, 11.15301514], [79.5592041, 11.15380859], [79.559021, 11.15582275], [79.55883789, 11.15740967], [79.55883789, 11.15881348], [79.55883789, 11.16003418], [79.55859375, 11.1605835], [79.55859375, 11.16119385], [79.55822754, 11.16162109], [79.55780029, 11.16162109], [79.55718994, 11.16143799], [79.55639648, 11.16143799], [79.55523682, 11.16143799], [79.55438232, 11.16143799], [79.55303955, 11.16119385], [79.55163574, 11.16101074], [79.55041504, 11.1605835], [79.55023193, 11.1605835], [79.54980469, 11.1605835], [79.54779053, 11.16021729], [79.5458374, 11.15979004], [79.54400635, 11.15979004], [79.54321289, 11.15942383], [79.543396, 11.15979004], [79.543396, 11.16040039], [79.54364014, 11.16082764], [79.54400635, 11.16119385], [79.54382324, 11.16143799], [79.543396, 11.16143799], [79.54260254, 11.16143799], [79.54199219, 11.16143799], [79.54138184, 11.16143799], [79.54083252, 11.16119385], [79.54083252, 11.16259766], [79.54101562, 11.16259766], [79.54101562, 11.1630249], [79.54119873, 11.16339111], [79.54138184, 11.16363525], [79.54138184, 11.16400147], [79.54119873, 11.16418457], [79.54058838, 11.16442871], [79.54058838, 11.16522217], [79.54022217, 11.16601562], [79.54040527, 11.16619873], [79.54101562, 11.16680908], [79.54101562, 11.16821289], [79.53979492, 11.16778565], [79.53979492, 11.16821289], [79.53979492, 11.16900635], [79.53979492, 11.17022705], [79.53979492, 11.17138672], [79.53979492, 11.17224121], [79.53961182, 11.17358398], [79.53979492, 11.17419434], [79.53979492, 11.17462158], [79.53961182, 11.17498779], [79.53918457, 11.17559814], [79.53918457, 11.17584228], [79.53918457, 11.1763916], [79.53900147, 11.17718506], [79.53900147, 11.17779541], [79.53918457, 11.17803955], [79.53918457, 11.17919922], [79.53900147, 11.17919922], [79.5380249, 11.17840576], [79.5378418, 11.17840576], [79.53741455, 11.17858887], [79.5369873, 11.17822266], [79.53643799, 11.17779541], [79.53582764, 11.17761231], [79.5355835, 11.1774292], [79.53582764, 11.17700195], [79.53582764, 11.17681885], [79.5355835, 11.17663574], [79.53521729, 11.1763916], [79.53460693, 11.1762085], [79.53399658, 11.1763916], [79.53363037, 11.17663574], [79.53320313, 11.17681885], [79.53259277, 11.17663574], [79.53198242, 11.1763916], [79.53161621, 11.17681885], [79.53118896, 11.17700195], [79.53118896, 11.17761231], [79.53118896, 11.17822266], [79.53082275, 11.17901611], [79.5300293, 11.17999268], [79.52880859, 11.18139648], [79.52801514, 11.18243408], [79.5302124, 11.184021], [79.53039551, 11.184021], [79.53240967, 11.1854248], [79.53399658, 11.18640137], [79.53540039, 11.18701172], [79.53643799, 11.18762207], [79.53741455, 11.18841553], [79.53820801, 11.18902588], [79.53839111, 11.18920898], [79.53900147, 11.18963623], [79.53979492, 11.19018555], [79.54040527, 11.19061279], [79.54138184, 11.19158936], [79.54223633, 11.1920166], [79.54321289, 11.19262695], [79.54400635, 11.19323731], [79.54498291, 11.19378662], [79.54559326, 11.19439697], [79.54638672, 11.19519043], [79.54699707, 11.19543457], [79.54724121, 11.19580078], [79.54840088, 11.19659424], [79.54943848, 11.1973877], [79.54980469, 11.19763184], [79.54998779, 11.19781494], [79.55059814, 11.19824219], [79.55084228, 11.19824219], [79.55163574, 11.1987915], [79.55181885, 11.19903564], [79.55279541, 11.19958496], [79.55401611, 11.20019531], [79.55462647, 11.20080566], [79.55578613, 11.20141602], [79.55700684, 11.20202637], [79.55761719, 11.20239258], [79.55761719, 11.20263672], [79.55841065, 11.20318603], [79.5592041, 11.20379639], [79.55981445, 11.20422363], [79.56079102, 11.20501709], [79.56182861, 11.20562744], [79.56262207, 11.2064209], [79.56323242, 11.20678711], [79.56378174, 11.20721436], [79.56439209, 11.20739746], [79.56500244, 11.20739746], [79.56542969, 11.20739746], [79.56561279, 11.20739746], [79.56604004, 11.20721436], [79.5668335, 11.20739746], [79.5670166, 11.20739746], [79.56719971, 11.20739746], [79.56762695, 11.20739746], [79.56860352, 11.2076416], [79.56939697, 11.2076416], [79.56982422, 11.2076416], [79.57080078, 11.20782471], [79.57159424, 11.20800781], [79.57220459, 11.20819092], [79.57299805, 11.20861816], [79.57324219, 11.20880127], [79.5736084, 11.20898437], [79.57421875, 11.20941162], [79.57458496, 11.20959473], [79.57598877, 11.21038818], [79.57739258, 11.21081543], [79.57904053, 11.21142578], [79.5803833, 11.21179199], [79.5814209, 11.21203613], [79.58239746, 11.21240234], [79.58343506, 11.21258545], [79.58422852, 11.21282959], [79.58459473, 11.21282959], [79.58538818, 11.2131958], [79.58642578, 11.21343994], [79.58721924, 11.21362305], [79.58740234, 11.21380615], [79.5881958, 11.21380615], [79.5894165, 11.2142334], [79.59002686, 11.2142334], [79.59063721, 11.2144165], [79.59118652, 11.21459961], [79.59301758, 11.21502686], [79.59442139, 11.21539307], [79.59539795, 11.21539307], [79.59661865, 11.21582031], [79.59759521, 11.21600342], [79.59838867, 11.21618652], [79.59960938, 11.21679687], [79.60021973, 11.21722412], [79.60083008, 11.21783447], [79.60144043, 11.21820068], [79.60198975, 11.21881103], [79.6026001, 11.21899414], [79.60339356, 11.21960449], [79.60400391, 11.22003174], [79.60400391, 11.22021484], [79.60418701, 11.22039795], [79.60479736, 11.22119141], [79.60540772, 11.222229], [79.60601807, 11.22320557], [79.60681152, 11.22418213], [79.60778809, 11.22503662], [79.60821533, 11.22558594], [79.60864258, 11.22601318], [79.60943604, 11.22723389], [79.60998535, 11.22802734], [79.60998535, 11.22821045], [79.60998535, 11.22863769], [79.61022949, 11.22918701], [79.61022949, 11.22961426], [79.6104126, 11.2300415], [79.6105957, 11.23101807], [79.6105957, 11.23120117], [79.61138916, 11.23339844], [79.61181641, 11.23400879], [79.61181641, 11.23443604], [79.61199951, 11.2355957], [79.61199951, 11.23681641], [79.61199951, 11.23840332], [79.61218262, 11.23919678], [79.61218262, 11.23944092], [79.61242676, 11.24163818], [79.61242676, 11.24243164], [79.61242676, 11.24304199], [79.61260986, 11.24420166], [79.61260986, 11.24481201], [79.61260986, 11.24578857], [79.61260986, 11.24682617], [79.61279297, 11.24761963], [79.61303711, 11.24822998], [79.61340332, 11.24859619], [79.61383057, 11.24920654], [79.61419678, 11.25], [79.61779785, 11.25421143], [79.6184082, 11.25421143], [79.62078857, 11.25402832], [79.62200928, 11.25402832], [79.62219238, 11.25378418], [79.62359619, 11.25378418], [79.62420654, 11.25378418], [79.62438965, 11.25378418], [79.62463379, 11.25360107], [79.62683105, 11.25140381], [79.62762451, 11.25042725], [79.63043213, 11.24841309], [79.63220215, 11.24700928], [79.63439941, 11.24523926], [79.63458252, 11.24499512], [79.63500977, 11.24499512], [79.63702393, 11.24499512], [79.63922119, 11.24542236], [79.64202881, 11.24578857], [79.64379883, 11.24603271], [79.64459228, 11.24603271], [79.64488564, 11.24615844], [79.64501953, 11.24621582], [79.64562988, 11.24639893], [79.64660645, 11.24682617], [79.64703369, 11.24719238], [79.64819336, 11.24798584], [79.64898682, 11.24902344], [79.64959717, 11.2498169], [79.64959717, 11.25], [79.64984131, 11.25061035], [79.65002441, 11.25262451], [79.65002441, 11.25604248], [79.65039063, 11.25860596], [79.65039063, 11.25921631], [79.65039063, 11.26000977], [79.65039063, 11.26043701], [79.65020752, 11.26098633], [79.64959717, 11.26202393], [79.64819336, 11.26501465], [79.64758301, 11.26599121], [79.6473999, 11.26660156], [79.64642334, 11.26818848], [79.64599609, 11.26959228], [79.64538574, 11.27203369], [79.64501953, 11.27459717], [79.64459228, 11.27600098], [79.64422607, 11.27740479], [79.64398193, 11.27844238], [79.64398193, 11.27923584], [79.64379883, 11.27978516], [79.64379883, 11.2800293], [79.64379883, 11.28082275], [79.64379883, 11.28161621], [79.64379883, 11.28222656], [79.64398193, 11.28399658], [79.64422607, 11.28479004], [79.64459228, 11.28582764], [79.64520264, 11.2878418], [79.64562988, 11.28900146], [79.64599609, 11.28979492], [79.64624023, 11.29040527], [79.64660645, 11.29138184], [79.64703369, 11.29223633], [79.64782715, 11.29364014], [79.64923096, 11.29522705], [79.65161133, 11.29779053], [79.65179443, 11.29821777], [79.65240478, 11.29858398], [79.65441894, 11.29998779], [79.65722656, 11.30181885], [79.65759277, 11.30218506], [79.65863037, 11.3026123], [79.66021729, 11.30303955], [79.66119385, 11.30340576], [79.66223145, 11.30358887], [79.66339111, 11.30401611], [79.66418457, 11.30419922], [79.66503906, 11.30419922], [79.66522217, 11.30419922], [79.66583252, 11.30419922], [79.66601563, 11.30419922], [79.66699219, 11.30438232], [79.6696167, 11.30480957], [79.67242432, 11.30541992], [79.67340088, 11.30560303], [79.67498779, 11.30603027], [79.6763916, 11.30603027], [79.67718506, 11.30621338], [79.67858887, 11.30682373], [79.68041992, 11.30780029], [79.68218994, 11.309021], [79.6852417, 11.31060791], [79.69000244, 11.31378174], [79.6907959, 11.31439209], [79.69219971, 11.31518555], [79.69482422, 11.31762695], [79.69720459, 11.31939697], [79.69763184, 11.31982422], [79.69824219, 11.32043457], [79.70019531, 11.32202148], [79.70379639, 11.32519531], [79.706604, 11.32781982], [79.70678711, 11.32800293], [79.70739746, 11.32861328], [79.70880127, 11.33001709], [79.71160889, 11.33319092], [79.71362305, 11.33502197], [79.71380615, 11.33520508], [79.71459961, 11.33599854], [79.71661377, 11.33758545], [79.71783447, 11.33843994], [79.722229, 11.34179688], [79.72442627, 11.34338379], [79.72583008, 11.34442139], [79.72662354, 11.3447876], [79.72802734, 11.34539795], [79.72961426, 11.3460083], [79.73162842, 11.34680176], [79.73339844, 11.34759522], [79.73498535, 11.34802246], [79.73602295, 11.34838867], [79.73681641, 11.34838867], [79.73919678, 11.34863281], [79.74200439, 11.34881592], [79.74499512, 11.34899902], [79.74859619, 11.34918213], [79.75, 11.34942627], [79.7510376, 11.34960937], [79.75219727, 11.34979248], [79.75323486, 11.34979248], [79.75482178, 11.34979248], [79.75604248, 11.34979248], [79.75738525, 11.35003662], [79.75921631, 11.35058594], [79.76062012, 11.35119629], [79.76080322, 11.3526001], [79.76098633, 11.35540772], [79.76098633, 11.35778809], [79.76080322, 11.35980225], [79.76062012, 11.36138916], [79.76000977, 11.36401367], [79.75921631, 11.36639404], [79.75823975, 11.37158203], [79.75878906, 11.37261963], [79.76062012, 11.37438965], [79.76184082, 11.3762207], [79.76281738, 11.37744141], [79.76403809, 11.37878418], [79.76422119, 11.37921143], [79.7658081, 11.38061523], [79.76599121, 11.38043213], [79.76721191, 11.38079834], [79.76818848, 11.38079834], [79.76983643, 11.38061523], [79.77160644, 11.38043213], [79.77301025, 11.38000488], [79.77459717, 11.37939453], [79.77539062, 11.37921143], [79.77618408, 11.37841797], [79.77740479, 11.37780762], [79.77978516, 11.37579346], [79.78259277, 11.37322998], [79.78363037, 11.37298584], [79.7880249, 11.37219238], [79.79162598, 11.37139893], [79.79302979, 11.37103272], [79.79382324, 11.37182617], [79.79638672, 11.37384033], [79.79919434, 11.3760376], [79.80041504, 11.37701416], [79.8026123, 11.37902832], [79.80358887, 11.37963867], [79.80480957, 11.37982178], [79.80499268, 11.38018799], [79.80578613, 11.38183594], [79.80639648, 11.38439941], [79.80743408, 11.38702393], [79.8079834, 11.3894043], [79.80822754, 11.390625], [79.8079834, 11.39379883], [79.80780029, 11.39624023], [79.8079834, 11.39782715], [79.80841064, 11.39984131], [79.8092041, 11.40258789], [79.81060791, 11.40783691], [79.81182861, 11.41223145], [79.81323242, 11.418396], [79.81359863, 11.4197998], [79.81378174, 11.42059326], [79.81500244, 11.41699219], [79.8168335, 11.40362549], [79.81719971, 11.40203857], [79.81799316, 11.39862061]]]]}, "geometry_name": "geom", "properties": {"geo_id": "IN-TN-MAY", "district_name": "Mayiladuthurai", "state_name": "Tamil Nadu", "state_geo_id": "IN-TN", "agro_climatic_zone": "Cauvery Delta Zone"}}, {"type": "Feature", "id": "NowcastWarningDistrict.fid-2bfa195d_1a08a681a2b_60ec", "geometry": {"type": "MultiPolygon", "coordinates": [[[[77.5886196, 8.14210701], [77.57711293, 8.1367214], [77.5594126, 8.12017161], [77.55709587, 8.11196103], [77.56052494, 8.09117407], [77.55308615, 8.08581976], [77.55141832, 8.07816535], [77.53250636, 8.07770442], [77.52633135, 8.0815502], [77.4990415, 8.08528203], [77.45870637, 8.0930742], [77.44533335, 8.09451823], [77.42306847, 8.10027153], [77.35209335, 8.12243424], [77.32549035, 8.126533], [77.31605994, 8.12190048], [77.30434373, 8.13226949], [77.29822761, 8.14736637], [77.27542589, 8.16277044], [77.25560374, 8.17248466], [77.24780793, 8.17282002], [77.23485124, 8.18149012], [77.2197677, 8.19921129], [77.18529712, 8.21896468], [77.16722879, 8.24044576], [77.14941357, 8.25558509], [77.12705669, 8.27001387], [77.11147909, 8.28310323], [77.09607082, 8.29316804], [77.10175666, 8.30647051], [77.1134128, 8.30440071], [77.1204615, 8.30925657], [77.12046157, 8.30925655], [77.11920833, 8.32105623], [77.14526308, 8.32956035], [77.15360159, 8.32799579], [77.16730116, 8.33169762], [77.16932169, 8.33837036], [77.1691538, 8.33913894], [77.1744753, 8.35325288], [77.17436761, 8.35369015], [77.17429425, 8.35863282], [77.15353503, 8.36130624], [77.1603358, 8.36870215], [77.16095007, 8.39017212], [77.16954829, 8.38638291], [77.18167096, 8.39579428], [77.18260726, 8.40475466], [77.19751933, 8.41994298], [77.20659987, 8.44470257], [77.22809999, 8.44725237], [77.22741704, 8.45847801], [77.21407418, 8.46971544], [77.21187632, 8.49206734], [77.20238409, 8.50119042], [77.21430905, 8.51281326], [77.23175553, 8.50734804], [77.24012425, 8.49705369], [77.25129842, 8.5054171], [77.2621911, 8.50653821], [77.27419988, 8.53454236], [77.27411441, 8.53544218], [77.28384684, 8.5467286], [77.27429804, 8.55964201], [77.27504189, 8.56564377], [77.26907526, 8.57880959], [77.26907456, 8.57881148], [77.28534068, 8.56761402], [77.30160584, 8.56630679], [77.30901046, 8.56026839], [77.31674978, 8.56074452], [77.33713942, 8.55266418], [77.35332299, 8.53938791], [77.36025347, 8.54082154], [77.36664135, 8.52492546], [77.37521483, 8.51819623], [77.3886637, 8.52402174], [77.40322591, 8.51724216], [77.41170854, 8.51709777], [77.43867473, 8.50715981], [77.44699806, 8.49816116], [77.44447087, 8.47603862], [77.45812136, 8.46762463], [77.47225659, 8.45526755], [77.46329444, 8.44059076], [77.46159969, 8.42845655], [77.46908039, 8.41527044], [77.4721751, 8.40097298], [77.489304, 8.38839603], [77.4914829, 8.37909529], [77.5073215, 8.3869904], [77.51975759, 8.38222459], [77.53144935, 8.39290632], [77.54169024, 8.37880807], [77.53373025, 8.36806432], [77.53967334, 8.34663199], [77.54087462, 8.33458844], [77.53142823, 8.31799873], [77.54200144, 8.31070906], [77.5482868, 8.29543858], [77.56305971, 8.27559449], [77.56194106, 8.26229817], [77.5742866, 8.25581711], [77.57541811, 8.24503052], [77.54725406, 8.24382277], [77.54172025, 8.23173695], [77.54751828, 8.21854151], [77.54382632, 8.21012714], [77.54854096, 8.18999623], [77.54691883, 8.17936704], [77.53846672, 8.17416596], [77.53982656, 8.16089265], [77.56188764, 8.15657065], [77.58176213, 8.15060689], [77.5886196, 8.14210701]]]]}, "geometry_name": "geom", "properties": {"geo_id": "IN-TN-KKI", "district_name": "Kanniyakumari", "state_name": "Tamil Nadu", "state_geo_id": "IN-TN", "agro_climatic_zone": "High Rainfall Zone"}}, {"type": "Feature", "id": "NowcastWarningDistrict.fid-2bfa195d_1a08a681a2b_60ed", "geometry": {"type": "MultiPolygon", "coordinates": [[[[79.72283936, 10.92822266], [79.72363281, 10.9276123], [79.72381592, 10.9276123], [79.72399902, 10.9276123], [79.72460937, 10.9276123], [79.72503662, 10.9276123], [79.72540283, 10.92779541], [79.72601318, 10.92840576], [79.72644043, 10.92779541], [79.72698975, 10.92779541], [79.7276001, 10.9276123], [79.72839355, 10.92718506], [79.72979736, 10.9274292], [79.73040772, 10.9274292], [79.73101807, 10.92700195], [79.73162842, 10.92718506], [79.73120117, 10.9262085], [79.73181152, 10.9262085], [79.73223877, 10.92681885], [79.73260498, 10.92663574], [79.73260498, 10.9262085], [79.73382568, 10.9263916], [79.73461914, 10.92700195], [79.73583984, 10.92663574], [79.73620606, 10.9262085], [79.73742676, 10.9262085], [79.7366333, 10.92462158], [79.73699951, 10.92340088], [79.73980713, 10.92340088], [79.73883057, 10.92443848], [79.73980713, 10.92498779], [79.74078369, 10.92498779], [79.74078369, 10.92382812], [79.74041748, 10.92358398], [79.74041748, 10.92303467], [79.73999023, 10.92279053], [79.74023438, 10.92199707], [79.74102783, 10.92224121], [79.74121094, 10.92340088], [79.7432251, 10.92358398], [79.7434082, 10.92382812], [79.74438477, 10.92358398], [79.74481201, 10.92102051], [79.74523926, 10.91778564], [79.74383545, 10.91760254], [79.7434082, 10.91680908], [79.74359131, 10.91638184], [79.74462891, 10.91619873], [79.74542236, 10.91741943], [79.74621582, 10.91760254], [79.74658203, 10.91821289], [79.74700928, 10.91802979], [79.74658203, 10.91760254], [79.74639893, 10.91723633], [79.74639893, 10.91619873], [79.74639893, 10.91479492], [79.74481201, 10.91461182], [79.74481201, 10.91339111], [79.74743652, 10.91320801], [79.75, 10.91259766], [79.75079346, 10.9128418], [79.75140381, 10.9130249], [79.75323486, 10.9128418], [79.75518799, 10.91259766], [79.75561523, 10.91418457], [79.75561523, 10.91479492], [79.75579834, 10.91479492], [79.7565918, 10.91479492], [79.7578125, 10.91503906], [79.75823975, 10.91479492], [79.75878906, 10.91503906], [79.75958252, 10.91522217], [79.76019287, 10.91522217], [79.76098633, 10.91479492], [79.76159668, 10.91418457], [79.76202393, 10.91400146], [79.76263428, 10.91363525], [79.76318359, 10.91339111], [79.76379395, 10.9130249], [79.7644043, 10.91223145], [79.7644043, 10.91198731], [79.76422119, 10.9118042], [79.76379395, 10.9118042], [79.76300049, 10.91143799], [79.76239014, 10.91101074], [79.76141357, 10.91003418], [79.76080322, 10.90924072], [79.75982666, 10.90820312], [79.75939941, 10.90759277], [79.75921631, 10.90722656], [79.75878906, 10.90643311], [79.75878906, 10.90539551], [79.75878906, 10.90478516], [79.7590332, 10.90423584], [79.75958252, 10.90362549], [79.76000977, 10.90319824], [79.76043701, 10.90222168], [79.76062012, 10.90203857], [79.76080322, 10.90039062], [79.76062012, 10.89959717], [79.76000977, 10.89959717], [79.76000977, 10.89984131], [79.75982666, 10.89984131], [79.75982666, 10.90039062], [79.75921631, 10.90039062], [79.7590332, 10.8973999], [79.75878906, 10.89642334], [79.75842285, 10.89501953], [79.75878906, 10.89501953], [79.75939941, 10.89703369], [79.76043701, 10.89678955], [79.76098633, 10.89703369], [79.76123047, 10.8972168], [79.76123047, 10.8973999], [79.76123047, 10.89819336], [79.76159668, 10.89819336], [79.76159668, 10.89898682], [79.76202393, 10.89898682], [79.76220703, 10.8984375], [79.76263428, 10.8984375], [79.76281738, 10.8984375], [79.76300049, 10.8984375], [79.76300049, 10.89819336], [79.76263428, 10.89801025], [79.76220703, 10.89782715], [79.76239014, 10.89758301], [79.76263428, 10.89758301], [79.76300049, 10.89782715], [79.76361084, 10.89862061], [79.76379395, 10.89898682], [79.76263428, 10.89923096], [79.76239014, 10.89923096], [79.76220703, 10.89959717], [79.76263428, 10.90039062], [79.76300049, 10.90039062], [79.76318359, 10.90020752], [79.76342773, 10.89959717], [79.76361084, 10.89923096], [79.7644043, 10.89923096], [79.76483154, 10.89898682], [79.76501465, 10.8984375], [79.76422119, 10.89819336], [79.76422119, 10.89782715], [79.76361084, 10.89782715], [79.76379395, 10.89660645], [79.76281738, 10.89660645], [79.76220703, 10.89660645], [79.76159668, 10.89642334], [79.76141357, 10.89624023], [79.76123047, 10.89581299], [79.76123047, 10.89562988], [79.76123047, 10.89538574], [79.76098633, 10.89520264], [79.76062012, 10.89562988], [79.76043701, 10.89538574], [79.76000977, 10.89581299], [79.75982666, 10.89538574], [79.76019287, 10.89483643], [79.76019287, 10.89459228], [79.76019287, 10.89440918], [79.76000977, 10.89440918], [79.75939941, 10.89440918], [79.75921631, 10.89398193], [79.75921631, 10.89343262], [79.75860596, 10.89318848], [79.75878906, 10.89398193], [79.75720215, 10.89318848], [79.75720215, 10.89239502], [79.75738525, 10.89221191], [79.7578125, 10.89202881], [79.75799561, 10.89178467], [79.75823975, 10.89123535], [79.7578125, 10.890625], [79.75762939, 10.89044189], [79.75921631, 10.89001465], [79.75958252, 10.89141846], [79.76141357, 10.89123535], [79.76239014, 10.89123535], [79.76342773, 10.89123535], [79.76379395, 10.89099121], [79.7644043, 10.8908081], [79.76483154, 10.890625], [79.76519775, 10.890625], [79.765625, 10.890625], [79.7658081, 10.8908081], [79.76599121, 10.89099121], [79.7658081, 10.89099121], [79.7654419, 10.89123535], [79.765625, 10.89141846], [79.76739502, 10.89141846], [79.76861572, 10.89123535], [79.76898193, 10.89123535], [79.76922607, 10.89099121], [79.76922607, 10.89221191], [79.76861572, 10.89221191], [79.76843262, 10.89239502], [79.76818848, 10.89263916], [79.76800537, 10.89282227], [79.76660156, 10.89300537], [79.76641846, 10.89483643], [79.77380371, 10.89520264], [79.77539062, 10.89501953], [79.77642822, 10.89520264], [79.77844238, 10.89520264], [79.77844238, 10.89678955], [79.77844238, 10.89703369], [79.77801514, 10.9039917], [79.78063965, 10.9039917], [79.78063965, 10.90460205], [79.77941894, 10.90478516], [79.77960205, 10.90539551], [79.77844238, 10.90582275], [79.77880859, 10.90759277], [79.78063965, 10.90759277], [79.78118897, 10.90740967], [79.7814331, 10.90722656], [79.78161621, 10.90698242], [79.78179932, 10.90618897], [79.78240967, 10.90563965], [79.78302002, 10.9050293], [79.78320313, 10.90478516], [79.78338623, 10.90478516], [79.78479004, 10.9052124], [79.78643799, 10.90563965], [79.78723145, 10.90582275], [79.7878418, 10.90618897], [79.78839111, 10.90661621], [79.78942871, 10.90698242], [79.79040527, 10.90698242], [79.79058838, 10.90698242], [79.79119873, 10.90698242], [79.79180908, 10.90661621], [79.79241943, 10.90618897], [79.79321289, 10.90563965], [79.79382324, 10.9050293], [79.79418945, 10.90441894], [79.7947998, 10.90319824], [79.79681397, 10.90142822], [79.79602051, 10.90081787], [79.79498291, 10.90161133], [79.79400635, 10.90258789], [79.79278564, 10.90344238], [79.79260254, 10.90283203], [79.79260254, 10.90161133], [79.79302979, 10.90002441], [79.793396, 10.89880371], [79.79364014, 10.89862061], [79.79522705, 10.8973999], [79.79498291, 10.8972168], [79.79443359, 10.8972168], [79.79382324, 10.89703369], [79.793396, 10.89642334], [79.79321289, 10.89562988], [79.79278564, 10.89483643], [79.79260254, 10.89459228], [79.79241943, 10.89459228], [79.79180908, 10.89520264], [79.79162598, 10.89538574], [79.79083252, 10.89538574], [79.79040527, 10.89520264], [79.79003906, 10.89459228], [79.78979492, 10.89440918], [79.78961182, 10.89422607], [79.78918457, 10.89422607], [79.78601074, 10.89422607], [79.78424072, 10.89398193], [79.78399658, 10.89398193], [79.78381348, 10.89379883], [79.78363037, 10.89343262], [79.78363037, 10.89282227], [79.78381348, 10.89160156], [79.78363037, 10.890625], [79.78363037, 10.88983154], [79.78338623, 10.88903809], [79.78363037, 10.88879395], [79.78399658, 10.88842773], [79.78460693, 10.88800049], [79.78479004, 10.88763428], [79.78503418, 10.88702393], [79.78521728, 10.88702393], [79.7855835, 10.88702393], [79.7855835, 10.88720703], [79.78582764, 10.88781738], [79.7868042, 10.88739014], [79.78698731, 10.88720703], [79.78759766, 10.88781738], [79.7878418, 10.88781738], [79.78839111, 10.88818359], [79.78839111, 10.88842773], [79.79022217, 10.88842773], [79.79040527, 10.88842773], [79.79058838, 10.88879395], [79.79101563, 10.88879395], [79.79119873, 10.88903809], [79.79138184, 10.88903809], [79.79162598, 10.89001465], [79.79119873, 10.89239502], [79.79119873, 10.89282227], [79.79138184, 10.89318848], [79.79162598, 10.89343262], [79.79199219, 10.89343262], [79.79260254, 10.89300537], [79.79382324, 10.89239502], [79.79418945, 10.89221191], [79.7946167, 10.89160156], [79.79498291, 10.89019775], [79.79498291, 10.88983154], [79.79663086, 10.8894043], [79.79699707, 10.88818359], [79.79681397, 10.88800049], [79.79602051, 10.88659668], [79.79602051, 10.88641357], [79.79602051, 10.88623047], [79.79742432, 10.88641357], [79.79858398, 10.88641357], [79.79919434, 10.88659668], [79.79962158, 10.88641357], [79.79998779, 10.88598633], [79.80041504, 10.88580322], [79.8012085, 10.88598633], [79.8013916, 10.88763428], [79.80218506, 10.88781738], [79.80218506, 10.88800049], [79.8024292, 10.88879395], [79.80340576, 10.88879395], [79.80358887, 10.88922119], [79.80499268, 10.88922119], [79.80560303, 10.8895874], [79.80639648, 10.88922119], [79.80682373, 10.88861084], [79.80718994, 10.88781738], [79.80743408, 10.88641357], [79.80841064, 10.88598633], [79.8092041, 10.88598633], [79.8102417, 10.88598633], [79.81219482, 10.88684082], [79.81262207, 10.88702393], [79.81323242, 10.88702393], [79.81420898, 10.88641357], [79.81518555, 10.88580322], [79.8157959, 10.88543701], [79.81658935, 10.88543701], [79.81799316, 10.88543701], [79.81903076, 10.88543701], [79.82000732, 10.88500977], [79.82159424, 10.88439941], [79.82324219, 10.88342285], [79.82458496, 10.8828125], [79.82543945, 10.8828125], [79.82659912, 10.88299561], [79.82763672, 10.88342285], [79.82843018, 10.88323975], [79.82904053, 10.88299561], [79.83001709, 10.88238525], [79.83020019, 10.88201904], [79.83020019, 10.8815918], [79.82983398, 10.88079834], [79.82940674, 10.88018799], [79.82879639, 10.88000488], [79.82678223, 10.88000488], [79.82641602, 10.87963867], [79.82623291, 10.87921143], [79.82598877, 10.87902832], [79.82598877, 10.87921143], [79.82519531, 10.87963867], [79.82501221, 10.87939453], [79.8248291, 10.87921143], [79.82458496, 10.87902832], [79.82421875, 10.87878418], [79.82342529, 10.87963867], [79.82238769, 10.88000488], [79.82183838, 10.87921143], [79.82159424, 10.87878418], [79.82141113, 10.87860107], [79.82061768, 10.87860107], [79.81964111, 10.87902832], [79.81903076, 10.87921143], [79.81842041, 10.87921143], [79.81781006, 10.87902832], [79.81719971, 10.87878418], [79.81561279, 10.87902832], [79.81481934, 10.87902832], [79.81420898, 10.87878418], [79.81341553, 10.87878418], [79.81262207, 10.87902832], [79.81243896, 10.87860107], [79.81243896, 10.87762451], [79.81219482, 10.87658691], [79.81243896, 10.87420654], [79.81463623, 10.87420654], [79.81463623, 10.87402344], [79.81622315, 10.87384033], [79.81719971, 10.87359619], [79.81799316, 10.87298584], [79.8182373, 10.87298584], [79.82159424, 10.87298584], [79.82342529, 10.87298584], [79.8237915, 10.87280273], [79.8237915, 10.87158203], [79.8237915, 10.87103272], [79.82403565, 10.87042236], [79.82421875, 10.86981201], [79.82458496, 10.86859131], [79.82501221, 10.86804199], [79.82598877, 10.86779785], [79.82623291, 10.86761475], [79.82623291, 10.86560059], [79.82623291, 10.86340332], [79.82562256, 10.86322021], [79.82458496, 10.86279297], [79.82421875, 10.86279297], [79.82263184, 10.86279297], [79.82122803, 10.86260986], [79.82080078, 10.86242676], [79.82061768, 10.86218262], [79.82019043, 10.86199951], [79.81964111, 10.86199951], [79.81939697, 10.86199951], [79.81860352, 10.86138916], [79.81719971, 10.8604126], [79.81500244, 10.8591919], [79.81298828, 10.85821533], [79.81219482, 10.86022949], [79.81201172, 10.86102295], [79.81121826, 10.8616333], [79.81079102, 10.86260986], [79.81103516, 10.86358643], [79.81103516, 10.86419678], [79.81042481, 10.86444092], [79.80999756, 10.86444092], [79.80981445, 10.86419678], [79.80883789, 10.86401367], [79.80859375, 10.85998535], [79.80859375, 10.85864258], [79.80859375, 10.85839844], [79.80883789, 10.85821533], [79.80883789, 10.85760498], [79.8092041, 10.85723877], [79.80963135, 10.85601807], [79.80938721, 10.85522461], [79.80938721, 10.85479736], [79.8092041, 10.85461426], [79.80938721, 10.85418701], [79.80938721, 10.8538208], [79.80963135, 10.85363769], [79.81042481, 10.85302734], [79.81079102, 10.8526001], [79.81140137, 10.85162354], [79.81182861, 10.85119629], [79.81298828, 10.85058594], [79.81359863, 10.85021973], [79.81378174, 10.84960937], [79.81439209, 10.84918213], [79.81518555, 10.84863281], [79.81658935, 10.84863281], [79.8170166, 10.84863281], [79.81799316, 10.84820557], [79.81842041, 10.84820557], [79.81903076, 10.84838867], [79.82080078, 10.84783936], [79.82061768, 10.8460083], [79.82098389, 10.84564209], [79.82202148, 10.84460449], [79.82238769, 10.84423828], [79.82299805, 10.84423828], [79.8236084, 10.84442139], [79.82501221, 10.84521484], [79.82519531, 10.84539795], [79.82580566, 10.84539795], [79.82659912, 10.84564209], [79.82763672, 10.84680176], [79.82843018, 10.84680176], [79.82843018, 10.84759521], [79.82940674, 10.84820557], [79.82983398, 10.84503174], [79.83020019, 10.84362793], [79.83081055, 10.84100342], [79.831604, 10.83679199], [79.83081055, 10.83679199], [79.83081055, 10.83581543], [79.8314209, 10.83581543], [79.83099365, 10.83422852], [79.831604, 10.83081055], [79.83203125, 10.82800293], [79.83239746, 10.82598877], [79.83660889, 10.82641602], [79.84020996, 10.82623291], [79.85198975, 10.82641602], [79.85198975, 10.82598877], [79.84881592, 10.81939697], [79.84881592, 10.81903076], [79.84863281, 10.81903076], [79.84680176, 10.81658936], [79.84442139, 10.81622314], [79.84423828, 10.81622314], [79.84020996, 10.81481934], [79.83581543, 10.81341553], [79.83581543, 10.81158447], [79.83660889, 10.80963135], [79.8394165, 10.8092041], [79.84222412, 10.81060791], [79.84539795, 10.81158447], [79.84582519, 10.81182861], [79.84820557, 10.81262207], [79.85021973, 10.809021], [79.85021973, 10.79858398], [79.85040283, 10.79840088], [79.85040283, 10.79241943], [79.85058594, 10.77941894], [79.85101318, 10.76641846], [79.85119629, 10.76019287], [79.85119629, 10.75378418], [79.85119629, 10.75042725], [79.85101318, 10.74578857], [79.85101318, 10.73999023], [79.85101318, 10.73101807], [79.85083008, 10.72601318], [79.85083008, 10.71820068], [79.85101318, 10.7131958], [79.85119629, 10.71203613], [79.85162353, 10.70562744], [79.85223389, 10.69580078], [79.8526001, 10.69122315], [79.8526001, 10.68902588], [79.85302734, 10.68560791], [79.85339355, 10.68103027], [79.85479736, 10.67858887], [79.85620117, 10.6762085], [79.85723877, 10.66943359], [79.85742188, 10.65899658], [79.85760498, 10.65063477], [79.85760498, 10.64282227], [79.85778809, 10.63519287], [79.85778809, 10.62939453], [79.85778809, 10.62683106], [79.85778809, 10.61999512], [79.85803223, 10.61242676], [79.85803223, 10.60418701], [79.85821533, 10.60021973], [79.85821533, 10.59460449], [79.85821533, 10.58782959], [79.85821533, 10.58239746], [79.85821533, 10.57879639], [79.85821533, 10.57202148], [79.85943603, 10.56262207], [79.85961914, 10.55700684], [79.85943603, 10.55218506], [79.85961914, 10.55084228], [79.85980225, 10.54681397], [79.85998535, 10.53839111], [79.85998535, 10.53521728], [79.8604126, 10.52844238], [79.8605957, 10.52301025], [79.8605957, 10.52001953], [79.86083984, 10.51983643], [79.8605957, 10.51940918], [79.86083984, 10.515625], [79.86102295, 10.51300049], [79.86260986, 10.5], [79.86242676, 10.49920654], [79.86218262, 10.49859619], [79.86242676, 10.49761963], [79.86242676, 10.49658203], [79.86260986, 10.49560547], [79.86279297, 10.49481201], [79.86279297, 10.49420166], [79.86279297, 10.49401855], [79.86279297, 10.49359131], [79.86242676, 10.49304199], [79.86260986, 10.49243164], [79.86279297, 10.49139404], [79.86303711, 10.49041748], [79.86322022, 10.48999023], [79.86303711, 10.48962402], [79.86279297, 10.48901367], [79.86260986, 10.48883057], [79.86242676, 10.48840332], [79.86260986, 10.48699951], [79.86260986, 10.48583984], [79.86279297, 10.48443603], [79.86279297, 10.48303223], [79.86303711, 10.48120117], [79.86303711, 10.48059082], [79.86303711, 10.47943115], [79.86303711, 10.47839355], [79.86303711, 10.47741699], [79.86322022, 10.47662354], [79.86340332, 10.47540283], [79.86358643, 10.47418213], [79.86383057, 10.47302246], [79.86383057, 10.472229], [79.86401367, 10.47161865], [79.86383057, 10.4710083], [79.86383057, 10.47039795], [79.86383057, 10.47021484], [79.86322022, 10.47021484], [79.86279297, 10.47021484], [79.86218262, 10.47039795], [79.86181641, 10.47064209], [79.86138916, 10.4710083], [79.86120606, 10.47119141], [79.86102295, 10.47119141], [79.86102295, 10.4710083], [79.86102295, 10.47082519], [79.86083984, 10.47064209], [79.8605957, 10.47064209], [79.86022949, 10.47082519], [79.85998535, 10.4710083], [79.85980225, 10.4710083], [79.85980225, 10.47082519], [79.85998535, 10.47064209], [79.86022949, 10.47039795], [79.8605957, 10.47039795], [79.86083984, 10.47039795], [79.86102295, 10.47039795], [79.86138916, 10.47064209], [79.86181641, 10.47039795], [79.86199951, 10.47021484], [79.86260986, 10.47003174], [79.86340332, 10.47003174], [79.86383057, 10.4697876], [79.86383057, 10.46960449], [79.86401367, 10.46923828], [79.86419678, 10.46881103], [79.86419678, 10.46820068], [79.86444092, 10.46759033], [79.86444092, 10.46643066], [79.86462402, 10.46520996], [79.86480713, 10.4642334], [79.86480713, 10.46179199], [79.86499023, 10.46038818], [79.86499023, 10.45880127], [79.86499023, 10.45703125], [79.86523437, 10.45623779], [79.86541748, 10.4553833], [79.86541748, 10.45520019], [79.86541748, 10.45458984], [79.86499023, 10.45501709], [79.86462402, 10.45520019], [79.86462402, 10.45581055], [79.86444092, 10.45599365], [79.86419678, 10.45599365], [79.86419678, 10.45581055], [79.86444092, 10.45520019], [79.86462402, 10.45501709], [79.86499023, 10.45458984], [79.86523437, 10.45440674], [79.86541748, 10.45422363], [79.86560059, 10.45361328], [79.86560059, 10.45343018], [79.86560059, 10.45318604], [79.86560059, 10.45281982], [79.86560059, 10.45178223], [79.86560059, 10.45043945], [79.86578369, 10.44842529], [79.86578369, 10.44641113], [79.86578369, 10.44580078], [79.86602783, 10.44464111], [79.86578369, 10.44421387], [79.86602783, 10.44403076], [79.86621094, 10.44378662], [79.86621094, 10.44342041], [79.86639404, 10.44299316], [79.86639404, 10.44281006], [79.86639404, 10.44238281], [79.86639404, 10.4420166], [79.86639404, 10.44158935], [79.86663818, 10.44140625], [79.86663818, 10.4407959], [79.86663818, 10.44018555], [79.86663818, 10.43963623], [79.86663818, 10.43902588], [79.86663818, 10.43841553], [79.86663818, 10.43798828], [79.86663818, 10.43762207], [79.86682129, 10.43701172], [79.86682129, 10.43603516], [79.8670044, 10.43438721], [79.8671875, 10.43322754], [79.8671875, 10.43200684], [79.8671875, 10.43041992], [79.8671875, 10.4274292], [79.8671875, 10.42602539], [79.86761475, 10.42401123], [79.86779785, 10.42199707], [79.86779785, 10.42138672], [79.86779785, 10.42022705], [79.86779785, 10.41882324], [79.86779785, 10.41778564], [79.86804199, 10.41699219], [79.8682251, 10.41558838], [79.86804199, 10.41479492], [79.8670044, 10.41363525], [79.8671875, 10.41339111], [79.86743164, 10.41339111], [79.86743164, 10.4128418], [79.86761475, 10.41223145], [79.86761475, 10.4118042], [79.86743164, 10.41082764], [79.86743164, 10.41021728], [79.86761475, 10.40960693], [79.86779785, 10.40881348], [79.86779785, 10.40820312], [79.86761475, 10.40618897], [79.8671875, 10.40441894], [79.8671875, 10.40319824], [79.8670044, 10.40222168], [79.86682129, 10.40100098], [79.86682129, 10.40039063], [79.86682129, 10.40020752], [79.86682129, 10.39984131], [79.8670044, 10.39941406], [79.8671875, 10.39898682], [79.86743164, 10.3984375], [79.86761475, 10.39782715], [79.86779785, 10.3972168], [79.8682251, 10.39660645], [79.8682251, 10.39624023], [79.8682251, 10.39483643], [79.8682251, 10.39422607], [79.8684082, 10.39318848], [79.8684082, 10.39202881], [79.8684082, 10.390625], [79.8684082, 10.39001465], [79.86859131, 10.38922119], [79.86859131, 10.38781738], [79.86859131, 10.38623047], [79.86859131, 10.38482666], [79.86901855, 10.38201904], [79.86901855, 10.38079834], [79.86920166, 10.37939453], [79.86920166, 10.37860107], [79.86938477, 10.37719727], [79.86981201, 10.37579346], [79.86999512, 10.37420654], [79.87023926, 10.37298584], [79.87060547, 10.37103271], [79.87078857, 10.36883545], [79.87121582, 10.36639404], [79.87139893, 10.36541748], [79.87200928, 10.3616333], [79.87261963, 10.3591919], [79.87322998, 10.35620117], [79.87384033, 10.35302734], [79.87402344, 10.35198975], [79.87463379, 10.34942627], [79.875, 10.34741211], [79.87518311, 10.34698486], [79.87561035, 10.3447876], [79.8762207, 10.34301758], [79.87683106, 10.34118652], [79.87701416, 10.34002685], [79.87744141, 10.33898926], [79.87780762, 10.33782959], [79.87841797, 10.33660889], [79.87921143, 10.33538818], [79.87963867, 10.33398437], [79.88018799, 10.33282471], [79.88079834, 10.33020019], [79.88122559, 10.32861328], [79.88140869, 10.32720947], [79.8815918, 10.32659912], [79.88140869, 10.32519531], [79.88104248, 10.32403565], [79.88104248, 10.3237915], [79.88122559, 10.3237915], [79.88140869, 10.3237915], [79.88183594, 10.3236084], [79.88220215, 10.3236084], [79.88238525, 10.32342529], [79.88238525, 10.32324219], [79.88262939, 10.32299805], [79.8828125, 10.3223877], [79.8828125, 10.32220459], [79.8828125, 10.32141113], [79.8828125, 10.32122803], [79.8829956, 10.32019043], [79.8828125, 10.31982422], [79.8828125, 10.31921387], [79.8828125, 10.31860352], [79.88262939, 10.31799316], [79.88262939, 10.31762695], [79.88238525, 10.31719971], [79.88262939, 10.31640625], [79.88262939, 10.31561279], [79.8828125, 10.31518555], [79.8828125, 10.31481934], [79.8828125, 10.31439209], [79.8828125, 10.31402588], [79.8828125, 10.31378174], [79.8829956, 10.31323242], [79.8829956, 10.31262207], [79.8828125, 10.31182861], [79.88262939, 10.31103516], [79.88238525, 10.30999756], [79.88238525, 10.30938721], [79.88220215, 10.30883789], [79.88220215, 10.30859375], [79.88220215, 10.30780029], [79.88220215, 10.30603027], [79.88220215, 10.30541992], [79.88201904, 10.30419922], [79.88183594, 10.30322266], [79.88122559, 10.30181885], [79.88061523, 10.30059814], [79.87939453, 10.29821777], [79.87860107, 10.29681396], [79.87860107, 10.29638672], [79.87841797, 10.29620361], [79.87799072, 10.29620361], [79.87762451, 10.29638672], [79.87719727, 10.29699707], [79.87658691, 10.29779053], [79.87640381, 10.29821777], [79.8762207, 10.29803467], [79.8760376, 10.29779053], [79.8760376, 10.29760742], [79.8760376, 10.29742432], [79.8762207, 10.29699707], [79.87683106, 10.29638672], [79.87701416, 10.29620361], [79.87719727, 10.29602051], [79.87762451, 10.2958374], [79.87780762, 10.29559326], [79.87780762, 10.29541016], [79.87780762, 10.29522705], [79.87780762, 10.2946167], [79.87744141, 10.29364014], [79.8762207, 10.29199219], [79.875, 10.29040527], [79.87298584, 10.28820801], [79.87121582, 10.28662109], [79.86981201, 10.28540039], [79.86541748, 10.28259277], [79.86279297, 10.28143311], [79.8616333, 10.28100586], [79.85980225, 10.28039551], [79.85559082, 10.27978516], [79.85180664, 10.2789917], [79.85003662, 10.27880859], [79.84820557, 10.27844238], [79.84619141, 10.27819824], [79.84460449, 10.27819824], [79.84143066, 10.27758789], [79.8381958, 10.27722168], [79.83581543, 10.27679443], [79.83422852, 10.27661133], [79.83221435, 10.27618408], [79.82861328, 10.27563477], [79.82623291, 10.27520752], [79.8236084, 10.27502441], [79.82159424, 10.27484131], [79.81964111, 10.27459717], [79.81860352, 10.27459717], [79.81799316, 10.27441406], [79.81781006, 10.27459717], [79.81738281, 10.27459717], [79.81762695, 10.27520752], [79.81799316, 10.27539063], [79.81921387, 10.27618408], [79.81982422, 10.27661133], [79.82019043, 10.27703857], [79.82061768, 10.27740478], [79.82061768, 10.27783203], [79.82019043, 10.27844238], [79.81939697, 10.27960205], [79.81842041, 10.28082275], [79.81738281, 10.28240967], [79.8170166, 10.28338623], [79.81658935, 10.28399658], [79.81640625, 10.28479004], [79.8157959, 10.28619385], [79.81518555, 10.2868042], [79.81500244, 10.28723144], [79.81463623, 10.28741455], [79.81439209, 10.28723144], [79.81420898, 10.2868042], [79.81439209, 10.28619385], [79.81439209, 10.2855835], [79.81481934, 10.28503418], [79.81500244, 10.28442383], [79.81518555, 10.28338623], [79.81542969, 10.28302002], [79.8157959, 10.28259277], [79.8157959, 10.28222656], [79.81604004, 10.28179932], [79.81604004, 10.28161621], [79.81604004, 10.28143311], [79.81561279, 10.28118896], [79.81542969, 10.28118896], [79.81518555, 10.28143311], [79.81463623, 10.28198242], [79.81420898, 10.28240967], [79.81359863, 10.28259277], [79.81323242, 10.28302002], [79.81243896, 10.28338623], [79.81182861, 10.28381348], [79.81158447, 10.28381348], [79.81140137, 10.28363037], [79.81140137, 10.28302002], [79.81182861, 10.28259277], [79.81243896, 10.28222656], [79.81298828, 10.28179932], [79.81359863, 10.28143311], [79.81378174, 10.28039551], [79.81439209, 10.2802124], [79.81463623, 10.2800293], [79.81542969, 10.27978516], [79.81561279, 10.27960205], [79.81561279, 10.27923584], [79.81561279, 10.2789917], [79.81561279, 10.27862549], [79.81561279, 10.27801514], [79.8157959, 10.27783203], [79.81658935, 10.27703857], [79.8170166, 10.27661133], [79.81719971, 10.27618408], [79.81719971, 10.27581787], [79.8170166, 10.27539063], [79.81658935, 10.27539063], [79.81622315, 10.27539063], [79.81604004, 10.27520752], [79.8157959, 10.27484131], [79.81561279, 10.27441406], [79.81518555, 10.27423096], [79.81481934, 10.27398682], [79.81378174, 10.27398682], [79.81298828, 10.27380371], [79.81280518, 10.27380371], [79.81140137, 10.2734375], [79.81042481, 10.27319336], [79.80963135, 10.27301025], [79.80822754, 10.27282715], [79.80664063, 10.27282715], [79.80560303, 10.27282715], [79.80480957, 10.27282715], [79.80401611, 10.27258301], [79.80340576, 10.27282715], [79.80322266, 10.27301025], [79.80322266, 10.27319336], [79.80340576, 10.2734375], [79.80383301, 10.2736206], [79.80401611, 10.27423096], [79.80419922, 10.27441406], [79.80419922, 10.27484131], [79.80419922, 10.27502441], [79.80419922, 10.27520752], [79.80383301, 10.27563477], [79.80358887, 10.27600098], [79.80358887, 10.27642822], [79.80340576, 10.27679443], [79.80322266, 10.27703857], [79.80303955, 10.27703857], [79.8026123, 10.27661133], [79.8024292, 10.27600098], [79.80218506, 10.27539063], [79.80218506, 10.27502441], [79.8026123, 10.27441406], [79.8026123, 10.27380371], [79.8026123, 10.27319336], [79.8024292, 10.27301025], [79.80181885, 10.27282715], [79.80102539, 10.2723999], [79.79919434, 10.2722168], [79.79803467, 10.27203369], [79.79638672, 10.27203369], [79.79559326, 10.27178955], [79.7946167, 10.27178955], [79.79382324, 10.27178955], [79.79278564, 10.27160645], [79.79083252, 10.27142334], [79.78918457, 10.27142334], [79.78839111, 10.27142334], [79.78723145, 10.27124023], [79.7868042, 10.27124023], [79.78601074, 10.27124023], [79.78479004, 10.27124023], [79.78363037, 10.27099609], [79.78240967, 10.27099609], [79.7814331, 10.27099609], [79.78082275, 10.27099609], [79.78039551, 10.27099609], [79.77978516, 10.27099609], [79.77960205, 10.27099609], [79.77880859, 10.27081299], [79.77783203, 10.27081299], [79.77679443, 10.27081299], [79.77600098, 10.27062988], [79.77502441, 10.27038574], [79.77423096, 10.27038574], [79.77099609, 10.27038574], [79.76898193, 10.27038574], [79.76702881, 10.27038574], [79.76599121, 10.27062988], [79.7644043, 10.27081299], [79.76318359, 10.27099609], [79.76202393, 10.27142334], [79.76043701, 10.27178955], [79.7590332, 10.27178955], [79.7578125, 10.27203369], [79.75683594, 10.27203369], [79.75604248, 10.27203369], [79.75500488, 10.27203369], [79.75360107, 10.27178955], [79.75262451, 10.27178955], [79.75201416, 10.27203369], [79.75183105, 10.27203369], [79.75183105, 10.2722168], [79.75183105, 10.2723999], [79.75201416, 10.2723999], [79.75219727, 10.27282715], [79.75299072, 10.27319336], [79.75323486, 10.2734375], [79.75341797, 10.2736206], [79.75360107, 10.27380371], [79.75360107, 10.27398682], [79.75360107, 10.27441406], [79.75378418, 10.27459717], [79.75402832, 10.27502441], [79.75439453, 10.27520752], [79.75439453, 10.27539063], [79.75439453, 10.27563477], [79.75439453, 10.27581787], [79.75421143, 10.27600098], [79.75402832, 10.27618408], [79.75378418, 10.27618408], [79.75360107, 10.27600098], [79.75323486, 10.27581787], [79.75299072, 10.27539063], [79.75299072, 10.27502441], [79.75280762, 10.27484131], [79.75280762, 10.27459717], [79.75244141, 10.27423096], [79.75201416, 10.27380371], [79.75158691, 10.2736206], [79.7512207, 10.2734375], [79.75061035, 10.27301025], [79.75, 10.27301025], [79.74578857, 10.27380371], [79.74261475, 10.27423096], [79.74139404, 10.27441406], [79.73699951, 10.27502441], [79.73181152, 10.27563477], [79.72644043, 10.27642822], [79.7131958, 10.27801514], [79.70983887, 10.27941895], [79.71020508, 10.27960205], [79.7131958, 10.27941895], [79.71643066, 10.27941895], [79.71801758, 10.27960205], [79.71960449, 10.2802124], [79.72143555, 10.28143311], [79.72259521, 10.28259277], [79.72302246, 10.28399658], [79.72338867, 10.28479004], [79.72302246, 10.2855835], [79.722229, 10.28662109], [79.7208252, 10.28759766], [79.71942139, 10.2878418], [79.71704102, 10.28820801], [79.71179199, 10.28918457], [79.70843506, 10.29040527], [79.7064209, 10.29138184], [79.70422363, 10.29321289], [79.70123291, 10.29602051], [79.69781494, 10.29882813], [79.69378662, 10.30200195], [79.68939209, 10.30578613], [79.67718506, 10.31658936], [79.67102051, 10.32159424], [79.66619873, 10.32519531], [79.66339111, 10.32702637], [79.66040039, 10.32818603], [79.65740967, 10.32904053], [79.65301514, 10.331604], [79.64398193, 10.33758545], [79.64178467, 10.3392334], [79.64019775, 10.34082031], [79.64001465, 10.34161377], [79.63983154, 10.34362793], [79.64001465, 10.34619141], [79.64019775, 10.34783935], [79.64019775, 10.34863281], [79.6394043, 10.35400391], [79.6394043, 10.35601807], [79.6394043, 10.35760498], [79.63879394, 10.36022949], [79.63903809, 10.3616333], [79.6394043, 10.36383057], [79.6394043, 10.36541748], [79.63922119, 10.36779785], [79.6394043, 10.37023926], [79.63922119, 10.37219238], [79.63879394, 10.3748169], [79.63842773, 10.37719727], [79.63562012, 10.37744141], [79.63543701, 10.38000488], [79.63519287, 10.3815918], [79.63482666, 10.38360596], [79.63378906, 10.38562012], [79.6326294, 10.38720703], [79.63201904, 10.38800049], [79.63043213, 10.38922119], [79.62982178, 10.39001465], [79.62963867, 10.39099121], [79.62939453, 10.39239502], [79.62902832, 10.39343262], [79.62860107, 10.39483643], [79.62878418, 10.39520264], [79.62902832, 10.39581299], [79.62963867, 10.39660645], [79.63043213, 10.39782715], [79.63079834, 10.39898682], [79.63079834, 10.40081787], [79.63140869, 10.40283203], [79.63140869, 10.40563965], [79.63140869, 10.40820312], [79.6315918, 10.41021728], [79.63183594, 10.41040039], [79.63183594, 10.41082764], [79.63238525, 10.41119385], [79.63323975, 10.4118042], [79.6340332, 10.41259766], [79.63439941, 10.41320801], [79.63458252, 10.41418457], [79.63439941, 10.41522217], [79.63378906, 10.41662598], [79.6328125, 10.41778564], [79.63220215, 10.41882324], [79.63201904, 10.41979981], [79.63220215, 10.4208374], [79.6328125, 10.42321777], [79.6326294, 10.42419434], [79.63238525, 10.42559815], [79.63238525, 10.42663574], [79.6326294, 10.42779541], [79.6328125, 10.43060303], [79.6326294, 10.4352417], [79.63299561, 10.43701172], [79.63342285, 10.43841553], [79.63342285, 10.43981934], [79.63378906, 10.44122314], [79.63342285, 10.44158935], [79.63299561, 10.4418335], [79.6326294, 10.44238281], [79.63299561, 10.44299316], [79.63220215, 10.44421387], [79.63323975, 10.44439697], [79.63500977, 10.44439697], [79.63684082, 10.44439697], [79.64239502, 10.44421387], [79.64459228, 10.44421387], [79.6472168, 10.44421387], [79.65258789, 10.44464111], [79.65423584, 10.44464111], [79.65563965, 10.44482422], [79.65740967, 10.44519043], [79.65838623, 10.44519043], [79.65942383, 10.44519043], [79.66021729, 10.44519043], [79.66040039, 10.44519043], [79.66040039, 10.44482422], [79.66119385, 10.4418335], [79.66143799, 10.43963623], [79.6619873, 10.43920898], [79.6628418, 10.43878174], [79.66381836, 10.43878174], [79.66479492, 10.43878174], [79.66558838, 10.43920898], [79.66619873, 10.43981934], [79.66662598, 10.44018555], [79.66638184, 10.44158935], [79.66680908, 10.4420166], [79.66741943, 10.44219971], [79.66882324, 10.44219971], [79.66943359, 10.44238281], [79.66979981, 10.44299316], [79.67102051, 10.44482422], [79.67138672, 10.44500732], [79.67181396, 10.44500732], [79.67224121, 10.44482422], [79.67260742, 10.44519043], [79.67279053, 10.44561768], [79.67321777, 10.44580078], [79.67358398, 10.44580078], [79.67419434, 10.44580078], [79.67480469, 10.44622803], [79.67584229, 10.44622803], [79.67718506, 10.44598389], [79.67858887, 10.44598389], [79.67999268, 10.44561768], [79.68121338, 10.44598389], [79.68243408, 10.44622803], [79.68322754, 10.44598389], [79.684021, 10.44580078], [79.68438721, 10.44598389], [79.68499756, 10.44641113], [79.68579102, 10.44659424], [79.68640137, 10.44683838], [79.68658447, 10.44659424], [79.68719482, 10.44641113], [79.68762207, 10.44702148], [79.68780518, 10.44763184], [79.68841553, 10.44763184], [79.68920898, 10.4473877], [79.69000244, 10.44781494], [79.69158935, 10.44842529], [79.69140625, 10.44903565], [79.6907959, 10.45098877], [79.6907959, 10.45220947], [79.69061279, 10.45379639], [79.69018555, 10.45483398], [79.68859863, 10.45739746], [79.68798828, 10.45898437], [79.68780518, 10.45959473], [79.68640137, 10.46240234], [79.68499756, 10.46459961], [79.684021, 10.46661377], [79.68341065, 10.46759033], [79.68103027, 10.47143555], [79.68060303, 10.472229], [79.68121338, 10.47302246], [79.68139648, 10.47363281], [79.68121338, 10.47418213], [79.67962647, 10.47698975], [79.67858887, 10.47918701], [79.67858887, 10.47979736], [79.67883301, 10.47979736], [79.67901611, 10.47979736], [79.67980957, 10.47979736], [79.68078613, 10.47961426], [79.68218994, 10.47961426], [79.6842041, 10.47979736], [79.68560791, 10.47979736], [79.68658447, 10.47979736], [79.68719482, 10.47979736], [79.68939209, 10.4800415], [79.69140625, 10.4800415], [79.69360352, 10.48022461], [79.69500732, 10.48059082], [79.69580078, 10.48059082], [79.69683838, 10.48101807], [79.69921875, 10.48138428], [79.70062256, 10.48181152], [79.70080566, 10.48199463], [79.70080566, 10.48382568], [79.70080566, 10.4854126], [79.70001221, 10.48742676], [79.69622803, 10.49401855], [79.69219971, 10.5], [79.69122314, 10.50201416], [79.69104004, 10.50402832], [79.69042969, 10.50579834], [79.69018555, 10.50738525], [79.68963623, 10.50878906], [79.68963623, 10.5090332], [79.69018555, 10.50842285], [79.69061279, 10.5078125], [79.6907959, 10.5065918], [79.69342041, 10.50482178], [79.69580078, 10.50378418], [79.69940185, 10.50463867], [79.70159912, 10.50463867], [79.70178223, 10.51062012], [79.70520019, 10.51080322], [79.7064209, 10.51184082], [79.70739746, 10.51281738], [79.70880127, 10.51379395], [79.71240234, 10.51782227], [79.71380615, 10.51940918], [79.71459961, 10.52178955], [79.71582031, 10.52423096], [79.7197876, 10.52661133], [79.72381592, 10.52960205], [79.72479248, 10.53082275], [79.72601318, 10.53222656], [79.72723389, 10.53363037], [79.72802734, 10.53479004], [79.72802734, 10.53503418], [79.7277832, 10.53503418], [79.7277832, 10.53521728], [79.7276001, 10.53521728], [79.72662354, 10.53503418], [79.72283936, 10.53723145], [79.72161865, 10.53759766], [79.72039795, 10.53820801], [79.71942139, 10.53839111], [79.71923828, 10.53918457], [79.71881103, 10.53979492], [79.71820068, 10.53979492], [79.71759033, 10.53979492], [79.71722412, 10.53961182], [79.71643066, 10.54040527], [79.71722412, 10.54498291], [79.71459961, 10.54742432], [79.71398926, 10.54821777], [79.71179199, 10.55163574], [79.71160889, 10.55218506], [79.70983887, 10.55200195], [79.70703125, 10.5512085], [79.70343018, 10.55023193], [79.70300293, 10.54803467], [79.70098877, 10.54760742], [79.69842529, 10.54803467], [79.69500732, 10.54980469], [79.69299316, 10.55023193], [79.69104004, 10.54962158], [79.68939209, 10.54998779], [79.68939209, 10.55200195], [79.68902588, 10.55401611], [79.68841553, 10.55523682], [79.68658447, 10.55462646], [79.6852417, 10.55499268], [79.68383789, 10.55499268], [79.68280029, 10.55462646], [79.68218994, 10.55401611], [79.68103027, 10.55383301], [79.67962647, 10.55438232], [79.67962647, 10.55523682], [79.67858887, 10.55682373], [79.67803955, 10.55841064], [79.67700195, 10.5602417], [79.67559815, 10.55999756], [79.67382812, 10.56042481], [79.67181396, 10.55981445], [79.6696167, 10.55883789], [79.66821289, 10.5592041], [79.66699219, 10.55938721], [79.66619873, 10.55883789], [79.66461182, 10.55822754], [79.66320801, 10.55780029], [79.66101074, 10.55780029], [79.66119385, 10.55938721], [79.6618042, 10.56121826], [79.6619873, 10.56243897], [79.66479492, 10.56719971], [79.66583252, 10.56781006], [79.66943359, 10.57281494], [79.66900635, 10.5736084], [79.66882324, 10.57440186], [79.668396, 10.57543945], [79.668396, 10.57720947], [79.66802978, 10.57781982], [79.66723633, 10.57904053], [79.66741943, 10.5803833], [79.668396, 10.58203125], [79.66943359, 10.58300781], [79.67059326, 10.58380127], [79.67102051, 10.58459473], [79.67138672, 10.58538818], [79.67163086, 10.58679199], [79.67138672, 10.5880127], [79.67163086, 10.5894165], [79.67138672, 10.59161377], [79.67059326, 10.59301758], [79.67041016, 10.5947876], [79.66979981, 10.59661865], [79.66918945, 10.59783936], [79.66882324, 10.59899902], [79.66864014, 10.60119629], [79.66778564, 10.60162353], [79.66680908, 10.60180664], [79.66540527, 10.60180664], [79.66400146, 10.60162353], [79.66320801, 10.60198975], [79.66241455, 10.60241699], [79.66162109, 10.6026001], [79.66040039, 10.6026001], [79.66021729, 10.60339356], [79.66021729, 10.60479736], [79.66003418, 10.60620117], [79.65924072, 10.60803223], [79.65838623, 10.60961914], [79.65759277, 10.6105957], [79.65698242, 10.61138916], [79.65679932, 10.61199951], [79.65740967, 10.61303711], [79.65881348, 10.61383057], [79.65942383, 10.61401367], [79.66021729, 10.61444092], [79.66040039, 10.61444092], [79.66101074, 10.61419678], [79.6618042, 10.61419678], [79.66223145, 10.61419678], [79.66241455, 10.61419678], [79.66339111, 10.61401367], [79.66400146, 10.61444092], [79.66503906, 10.61499023], [79.66778564, 10.61602783], [79.67022705, 10.61560059], [79.67138672, 10.61523437], [79.67303467, 10.61523437], [79.67401123, 10.61499023], [79.67419434, 10.61499023], [79.67498779, 10.61804199], [79.67480469, 10.62078857], [79.67498779, 10.62298584], [79.67462158, 10.62341309], [79.67340088, 10.62420654], [79.67260742, 10.62438965], [79.67242432, 10.625], [79.67242432, 10.62579346], [79.67224121, 10.62658691], [79.67163086, 10.62719727], [79.67059326, 10.62799072], [79.67059326, 10.62902832], [79.6708374, 10.62963867], [79.67120361, 10.63018799], [79.67138672, 10.63079834], [79.67138672, 10.6315918], [79.67059326, 10.63183594], [79.66979981, 10.63201904], [79.668396, 10.6326294], [79.66638184, 10.63342285], [79.66479492, 10.6340332], [79.66381836, 10.63458252], [79.6630249, 10.63562012], [79.6605835, 10.63702393], [79.65838623, 10.63922119], [79.65759277, 10.63903809], [79.65460205, 10.6404419], [79.6539917, 10.6404419], [79.65240478, 10.640625], [79.65081787, 10.64141846], [79.65100098, 10.64202881], [79.65118408, 10.64239502], [79.65142822, 10.64379883], [79.65142822, 10.64501953], [79.65118408, 10.64660644], [79.65142822, 10.6484375], [79.65142822, 10.64984131], [79.65142822, 10.65063477], [79.65179443, 10.65100098], [79.65319824, 10.65118408], [79.65460205, 10.65142822], [79.65460205, 10.65203857], [79.65478516, 10.65319824], [79.6552124, 10.65423584], [79.65539551, 10.6552124], [79.65539551, 10.65582275], [79.65820312, 10.65539551], [79.66119385, 10.65441895], [79.66162109, 10.65423584], [79.66223145, 10.65380859], [79.66259766, 10.65380859], [79.6630249, 10.65301514], [79.66381836, 10.65222168], [79.66479492, 10.65179443], [79.66583252, 10.65118408], [79.66638184, 10.65063477], [79.66680908, 10.65002441], [79.66723633, 10.64941406], [79.66760254, 10.64898682], [79.66802978, 10.64898682], [79.668396, 10.6539917], [79.66900635, 10.65460205], [79.66943359, 10.65679932], [79.67022705, 10.65942383], [79.67059326, 10.66040039], [79.67279053, 10.66143799], [79.67321777, 10.6630249], [79.67279053, 10.66442871], [79.67242432, 10.66583252], [79.67181396, 10.66741943], [79.67199707, 10.66802979], [79.67303467, 10.66900635], [79.67340088, 10.6697998], [79.67419434, 10.67022705], [79.67498779, 10.67022705], [79.67523193, 10.6696167], [79.67559815, 10.6696167], [79.6763916, 10.66998291], [79.67663574, 10.67303467], [79.6763916, 10.67443848], [79.67779541, 10.67462158], [79.67919922, 10.67901611], [79.67919922, 10.67962646], [79.67840576, 10.68121338], [79.6776123, 10.68383789], [79.67779541, 10.6852417], [79.6774292, 10.68621826], [79.67681885, 10.68780518], [79.67559815, 10.68878174], [79.67443848, 10.68939209], [79.67401123, 10.69061279], [79.67358398, 10.6918335], [79.67181396, 10.69104004], [79.67059326, 10.6920166], [79.66979981, 10.69323731], [79.66864014, 10.69464111], [79.66821289, 10.69561768], [79.66802978, 10.69543457], [79.66723633, 10.69543457], [79.66680908, 10.69561768], [79.66699219, 10.69598389], [79.66662598, 10.69622803], [79.66540527, 10.69598389], [79.66418457, 10.69598389], [79.66320801, 10.69598389], [79.6630249, 10.69683838], [79.66259766, 10.6986084], [79.6619873, 10.69903564], [79.66162109, 10.70019531], [79.66082764, 10.70019531], [79.65942383, 10.69958496], [79.65698242, 10.69940185], [79.65618897, 10.70043945], [79.65539551, 10.70098877], [79.65423584, 10.70062256], [79.65344238, 10.70098877], [79.65362549, 10.70141602], [79.65380859, 10.70239258], [79.65344238, 10.70343018], [79.65362549, 10.70404053], [79.65362549, 10.7053833], [79.65539551, 10.7053833], [79.65600586, 10.70562744], [79.65618897, 10.70599365], [79.65582275, 10.7064209], [79.65539551, 10.70678711], [79.65582275, 10.70941162], [79.65661621, 10.71160889], [79.65698242, 10.71179199], [79.65759277, 10.71179199], [79.65820312, 10.71179199], [79.65924072, 10.71099854], [79.66003418, 10.71063232], [79.66040039, 10.71038818], [79.66143799, 10.71038818], [79.6619873, 10.71282959], [79.66381836, 10.71203613], [79.66558838, 10.71160889], [79.66662598, 10.71081543], [79.66638184, 10.70721435], [79.67022705, 10.70678711], [79.67059326, 10.70703125], [79.67059326, 10.70800781], [79.67120361, 10.70819092], [79.67181396, 10.70819092], [79.67224121, 10.70861816], [79.67224121, 10.70922852], [79.67242432, 10.71002197], [79.67279053, 10.71038818], [79.67321777, 10.71020508], [79.67340088, 10.71020508], [79.67382812, 10.71020508], [79.67401123, 10.70983887], [79.67419434, 10.70941162], [79.67559815, 10.70983887], [79.67602539, 10.71020508], [79.6763916, 10.71020508], [79.67718506, 10.71020508], [79.67779541, 10.71063232], [79.67803955, 10.71124268], [79.67840576, 10.71160889], [79.67840576, 10.71203613], [79.67803955, 10.71301269], [79.67779541, 10.71362305], [79.67803955, 10.7144165], [79.67840576, 10.71478272], [79.67919922, 10.71502686], [79.68060303, 10.71520996], [79.68164062, 10.71520996], [79.68261719, 10.71520996], [79.68383789, 10.71520996], [79.68499756, 10.71520996], [79.68621826, 10.71502686], [79.68743896, 10.71459961], [79.68798828, 10.7144165], [79.68841553, 10.7144165], [79.68902588, 10.71539307], [79.68939209, 10.71679687], [79.69061279, 10.71899414], [79.69061279, 10.72119141], [79.68981934, 10.722229], [79.68841553, 10.72259521], [79.68682861, 10.72241211], [79.68542481, 10.72198486], [79.68463135, 10.72259521], [79.68481445, 10.72381592], [79.68481445, 10.72479248], [79.68438721, 10.72521973], [79.68322754, 10.72503662], [79.68243408, 10.72644043], [79.68261719, 10.72741699], [79.68359375, 10.72802734], [79.6842041, 10.7277832], [79.68463135, 10.72821045], [79.68499756, 10.72918701], [79.68542481, 10.7300415], [79.68560791, 10.73120117], [79.68658447, 10.73223877], [79.68701172, 10.73260498], [79.68780518, 10.73339844], [79.68823242, 10.73400879], [79.68823242, 10.73480225], [79.68798828, 10.73583984], [79.68841553, 10.73699951], [79.68878174, 10.73602295], [79.69018555, 10.73602295], [79.69140625, 10.7366333], [79.69262695, 10.73779297], [79.69360352, 10.73840332], [79.69580078, 10.73944092], [79.69659424, 10.74060059], [79.69720459, 10.74121094], [79.69781494, 10.7421875], [79.69958496, 10.74401856], [79.6998291, 10.74603271], [79.69958496, 10.74780273], [79.69921875, 10.75], [79.6987915, 10.75439453], [79.69842529, 10.75579834], [79.69720459, 10.75842285], [79.69622803, 10.76043701], [79.69622803, 10.76098633], [79.69622803, 10.76141357], [79.69622803, 10.76159668], [79.69641113, 10.76184082], [79.69659424, 10.76184082], [79.6973877, 10.76239014], [79.69799805, 10.76281738], [79.69903565, 10.76361084], [79.70080566, 10.76544189], [79.70159912, 10.76599121], [79.70178223, 10.76641846], [79.70178223, 10.76739502], [79.70141602, 10.76818848], [79.70220947, 10.76922607], [79.70263672, 10.77099609], [79.70239258, 10.77124023], [79.70141602, 10.77160645], [79.70141602, 10.77203369], [79.70178223, 10.77319336], [79.70202637, 10.77398682], [79.70220947, 10.77484131], [79.70239258, 10.77539063], [79.70379639, 10.77722168], [79.70379639, 10.77819824], [79.70379639, 10.77880859], [79.70440674, 10.78039551], [79.70501709, 10.78198242], [79.706604, 10.78161621], [79.70739746, 10.78118897], [79.70800781, 10.78240967], [79.706604, 10.78338623], [79.706604, 10.78381348], [79.706604, 10.78399658], [79.70678711, 10.78424072], [79.70703125, 10.78442383], [79.70800781, 10.78479004], [79.70959473, 10.78521729], [79.71063232, 10.78540039], [79.71124268, 10.78540039], [79.71221924, 10.78540039], [79.71240234, 10.78540039], [79.7142334, 10.7868042], [79.71520996, 10.78759766], [79.71661377, 10.7880249], [79.71801758, 10.78839111], [79.71899414, 10.78900147], [79.71899414, 10.78918457], [79.72039795, 10.79058838], [79.72180176, 10.79199219], [79.722229, 10.79223633], [79.72363281, 10.79260254], [79.72479248, 10.79278564], [79.72540283, 10.79302978], [79.72558594, 10.79321289], [79.72558594, 10.793396], [79.72558594, 10.79364014], [79.72521973, 10.79418945], [79.72479248, 10.7946167], [79.72503662, 10.79559326], [79.72583008, 10.79620361], [79.72698975, 10.79620361], [79.7277832, 10.79602051], [79.7288208, 10.7958374], [79.72961426, 10.79559326], [79.73022461, 10.79559326], [79.73120117, 10.79663086], [79.73181152, 10.79779053], [79.73242187, 10.79901123], [79.73278809, 10.79980469], [79.73321533, 10.80084229], [79.73303223, 10.80163574], [79.73278809, 10.80218506], [79.73260498, 10.80358887], [79.73260498, 10.80401611], [79.73260498, 10.80438232], [79.73303223, 10.80761719], [79.73303223, 10.80859375], [79.73278809, 10.80859375], [79.73242187, 10.80859375], [79.73101807, 10.80841065], [79.72961426, 10.80822754], [79.72943115, 10.80822754], [79.72918701, 10.80822754], [79.7288208, 10.80780029], [79.72863769, 10.80718994], [79.72863769, 10.80664062], [79.72821045, 10.80639648], [79.7277832, 10.80603027], [79.7276001, 10.80541992], [79.72723389, 10.80499268], [79.72680664, 10.80462647], [79.72601318, 10.80480957], [79.72558594, 10.80480957], [79.72540283, 10.80523682], [79.72521973, 10.80578613], [79.72503662, 10.80621338], [79.72521973, 10.80700684], [79.72558594, 10.80718994], [79.72558594, 10.80743408], [79.72601318, 10.80761719], [79.72662354, 10.80761719], [79.72662354, 10.80780029], [79.72644043, 10.80841065], [79.72619629, 10.80883789], [79.72619629, 10.80938721], [79.72619629, 10.80963135], [79.72680664, 10.80999756], [79.7277832, 10.8104248], [79.7288208, 10.81060791], [79.72918701, 10.81079102], [79.72918701, 10.81103516], [79.72918701, 10.81219482], [79.72943115, 10.81359863], [79.72918701, 10.8170166], [79.72918701, 10.81878662], [79.72863769, 10.81964111], [79.72839355, 10.82019043], [79.7276001, 10.82061768], [79.72723389, 10.82080078], [79.72741699, 10.82159424], [79.72802734, 10.82159424], [79.72839355, 10.82122803], [79.7288208, 10.82122803], [79.72943115, 10.82122803], [79.72943115, 10.82183838], [79.72943115, 10.82281494], [79.72943115, 10.8237915], [79.72943115, 10.82421875], [79.72943115, 10.8248291], [79.72961426, 10.82562256], [79.72979736, 10.82598877], [79.72979736, 10.82641602], [79.72979736, 10.82702637], [79.72918701, 10.82763672], [79.72900391, 10.82781982], [79.72479248, 10.82739258], [79.722229, 10.82739258], [79.71881103, 10.82763672], [79.71722412, 10.82781982], [79.71582031, 10.82818603], [79.71459961, 10.82843018], [79.71459961, 10.82818603], [79.71459961, 10.82781982], [79.7144165, 10.82739258], [79.7142334, 10.82702637], [79.71362305, 10.82659912], [79.71343994, 10.82659912], [79.7131958, 10.82659912], [79.71258545, 10.82702637], [79.71179199, 10.82763672], [79.71160889, 10.82781982], [79.71124268, 10.82781982], [79.71099854, 10.82763672], [79.71099854, 10.82739258], [79.71099854, 10.82720947], [79.71099854, 10.82702637], [79.71081543, 10.82562256], [79.71081543, 10.82501221], [79.71081543, 10.82458496], [79.71063232, 10.82403565], [79.71038818, 10.82342529], [79.71002197, 10.82324219], [79.70983887, 10.82342529], [79.70959473, 10.82342529], [79.70861816, 10.82458496], [79.70739746, 10.82421875], [79.70678711, 10.8237915], [79.7053833, 10.82324219], [79.70501709, 10.82299805], [79.70458984, 10.82324219], [79.70458984, 10.8237915], [79.70483398, 10.82458496], [79.70458984, 10.82580566], [79.70300293, 10.82623291], [79.70098877, 10.82702637], [79.69958496, 10.82702637], [79.69958496, 10.82739258], [79.69958496, 10.82861328], [79.69958496, 10.82940674], [79.69824219, 10.82922363], [79.69702148, 10.82904053], [79.69720459, 10.82861328], [79.6973877, 10.82800293], [79.69439697, 10.82818603], [79.69323731, 10.82818603], [79.69281006, 10.82818603], [79.69238281, 10.82818603], [79.69158935, 10.82781982], [79.69042969, 10.82781982], [79.68743896, 10.82843018], [79.68719482, 10.82818603], [79.68780518, 10.82458496], [79.68780518, 10.82324219], [79.68762207, 10.82220459], [79.68762207, 10.82043457], [79.68719482, 10.82043457], [79.68719482, 10.81762695], [79.68762207, 10.8157959], [79.68798828, 10.81481934], [79.68603516, 10.81481934], [79.68542481, 10.81500244], [79.68499756, 10.81500244], [79.684021, 10.81542969], [79.68383789, 10.81518555], [79.68218994, 10.81518555], [79.68103027, 10.81500244], [79.68060303, 10.81500244], [79.68023682, 10.81518555], [79.67980957, 10.81561279], [79.67883301, 10.81658936], [79.67803955, 10.81719971], [79.6776123, 10.81719971], [79.67700195, 10.81719971], [79.6763916, 10.81738281], [79.67541504, 10.81738281], [79.67462158, 10.81719971], [79.67443848, 10.81719971], [79.67382812, 10.81719971], [79.67224121, 10.8170166], [79.6708374, 10.8168335], [79.6696167, 10.8170166], [79.668396, 10.81719971], [79.66699219, 10.8170166], [79.66540527, 10.8168335], [79.66522217, 10.81658936], [79.66381836, 10.81640625], [79.66363525, 10.81640625], [79.66241455, 10.81622314], [79.66082764, 10.81622314], [79.66021729, 10.81604004], [79.66021729, 10.8157959], [79.66021729, 10.81481934], [79.66021729, 10.81359863], [79.6605835, 10.81158447], [79.6605835, 10.81060791], [79.66040039, 10.80938721], [79.65979004, 10.80822754], [79.65960693, 10.80682373], [79.65942383, 10.80603027], [79.65924072, 10.80578613], [79.65838623, 10.80438232], [79.65740967, 10.80438232], [79.65661621, 10.80523682], [79.65582275, 10.80560303], [79.65423584, 10.80639648], [79.65301514, 10.80718994], [79.65179443, 10.8079834], [79.64984131, 10.80963135], [79.64801025, 10.81079102], [79.6472168, 10.81182861], [79.64624023, 10.81262207], [79.64501953, 10.81359863], [79.64379883, 10.81439209], [79.64282227, 10.81481934], [79.64001465, 10.81439209], [79.63842773, 10.81463623], [79.6328125, 10.81402588], [79.6326294, 10.81402588], [79.6326294, 10.81561279], [79.63238525, 10.81719971], [79.6326294, 10.81842041], [79.6326294, 10.82000732], [79.6326294, 10.82141113], [79.63299561, 10.82159424], [79.63360596, 10.82159424], [79.63439941, 10.82159424], [79.63519287, 10.8223877], [79.63598633, 10.82299805], [79.63763428, 10.82342529], [79.63800049, 10.82342529], [79.63842773, 10.82342529], [79.6394043, 10.8237915], [79.64080811, 10.82421875], [79.64239502, 10.8248291], [79.64300537, 10.8248291], [79.64343262, 10.82458496], [79.64379883, 10.8237915], [79.64398193, 10.82299805], [79.64398193, 10.8223877], [79.64398193, 10.82202148], [79.64422607, 10.82183838], [79.64483643, 10.82159424], [79.64660645, 10.82183838], [79.64782715, 10.82202148], [79.64959717, 10.82281494], [79.65020752, 10.82299805], [79.65240478, 10.82299805], [79.65319824, 10.82299805], [79.65423584, 10.82324219], [79.6539917, 10.82440185], [79.6539917, 10.82501221], [79.6552124, 10.82641602], [79.65563965, 10.82763672], [79.6552124, 10.82781982], [79.65478516, 10.82781982], [79.65441894, 10.82781982], [79.6539917, 10.82800293], [79.65344238, 10.82843018], [79.65301514, 10.82861328], [79.65203857, 10.82879639], [79.65118408, 10.82843018], [79.65081787, 10.82818603], [79.65039063, 10.82800293], [79.64984131, 10.82781982], [79.64959717, 10.82781982], [79.64959717, 10.82843018], [79.64941406, 10.82879639], [79.64941406, 10.83099365], [79.64959717, 10.83361816], [79.64959717, 10.83380127], [79.65002441, 10.83361816], [79.65063477, 10.83343506], [79.65100098, 10.83343506], [79.65118408, 10.83343506], [79.65179443, 10.83343506], [79.65283203, 10.83343506], [79.65362549, 10.83398437], [79.65441894, 10.83422852], [79.6550293, 10.83459473], [79.65582275, 10.83459473], [79.65600586, 10.83483887], [79.65600586, 10.83502197], [79.65643311, 10.83624268], [79.65643311, 10.83843994], [79.65618897, 10.84020996], [79.65618897, 10.84100342], [79.65618897, 10.84161377], [79.65643311, 10.84259033], [79.65600586, 10.84301758], [79.65600586, 10.84320068], [79.65582275, 10.84362793], [79.6550293, 10.8447876], [79.6539917, 10.84564209], [79.65362549, 10.84680176], [79.65362549, 10.84783936], [79.65380859, 10.84899902], [79.65344238, 10.85058594], [79.65222168, 10.85144043], [79.65142822, 10.85180664], [79.65100098, 10.85198975], [79.65039063, 10.85223389], [79.64959717, 10.85198975], [79.64819336, 10.85198975], [79.64801025, 10.85198975], [79.64624023, 10.85180664], [79.64520264, 10.85198975], [79.64440918, 10.85363769], [79.64398193, 10.85418701], [79.64361572, 10.85479736], [79.64343262, 10.85559082], [79.64361572, 10.85620117], [79.64422607, 10.85601807], [79.64520264, 10.85559082], [79.64660645, 10.85601807], [79.64801025, 10.85559082], [79.64941406, 10.85559082], [79.65161133, 10.85479736], [79.65179443, 10.85479736], [79.65203857, 10.85479736], [79.65222168, 10.8550415], [79.65240478, 10.85583496], [79.65240478, 10.85681152], [79.65258789, 10.85821533], [79.65240478, 10.85900879], [79.65203857, 10.85998535], [79.65222168, 10.86120606], [79.65301514, 10.86322021], [79.65344238, 10.86419678], [79.65380859, 10.86499023], [79.65380859, 10.86578369], [79.65319824, 10.86639404], [79.65301514, 10.8671875], [79.65100098, 10.86804199], [79.64959717, 10.86920166], [79.64880371, 10.86938477], [79.64801025, 10.86962891], [79.64801025, 10.87139893], [79.64758301, 10.87298584], [79.64819336, 10.87298584], [79.64898682, 10.87298584], [79.65039063, 10.87298584], [79.65179443, 10.87322998], [79.65362549, 10.87298584], [79.6552124, 10.87298584], [79.65582275, 10.87322998], [79.65618897, 10.87420654], [79.65698242, 10.87438965], [79.65698242, 10.87561035], [79.65618897, 10.8760376], [79.6552124, 10.8760376], [79.65478516, 10.8762207], [79.65460205, 10.87640381], [79.65380859, 10.87860107], [79.65344238, 10.87902832], [79.65319824, 10.87982178], [79.65319824, 10.88061523], [79.65344238, 10.88299561], [79.65380859, 10.88482666], [79.6539917, 10.88482666], [79.65423584, 10.88500977], [79.65539551, 10.88500977], [79.65661621, 10.88458252], [79.65740967, 10.88458252], [79.65802002, 10.88482666], [79.65838623, 10.88543701], [79.65899658, 10.88580322], [79.65899658, 10.88659668], [79.65838623, 10.88702393], [79.65820312, 10.88781738], [79.65802002, 10.88879395], [79.65820312, 10.890625], [79.65759277, 10.89202881], [79.65820312, 10.89239502], [79.65863037, 10.89263916], [79.65942383, 10.89300537], [79.65979004, 10.89300537], [79.66021729, 10.89318848], [79.66143799, 10.89379883], [79.66223145, 10.89422607], [79.66241455, 10.89520264], [79.6630249, 10.89562988], [79.66479492, 10.89599609], [79.66540527, 10.89599609], [79.66723633, 10.8973999], [79.66821289, 10.89862061], [79.66900635, 10.89959717], [79.66918945, 10.90002441], [79.66918945, 10.90063477], [79.66882324, 10.90161133], [79.66900635, 10.90240479], [79.66900635, 10.90258789], [79.66943359, 10.90380859], [79.66882324, 10.9039917], [79.668396, 10.9039917], [79.66778564, 10.9050293], [79.66778564, 10.90600586], [79.66802978, 10.90679932], [79.668396, 10.90698242], [79.66900635, 10.90722656], [79.66943359, 10.90740967], [79.66979981, 10.90759277], [79.66979981, 10.90802002], [79.66979981, 10.90838623], [79.66998291, 10.9105835], [79.67022705, 10.91198731], [79.66979981, 10.9130249], [79.67138672, 10.91400146], [79.67199707, 10.91442871], [79.67224121, 10.91479492], [79.67242432, 10.91503906], [79.67303467, 10.91558838], [79.67382812, 10.91540527], [79.67480469, 10.91540527], [79.67559815, 10.91522217], [79.6763916, 10.91503906], [79.67840576, 10.91461182], [79.67919922, 10.91442871], [79.68023682, 10.91400146], [79.68023682, 10.91418457], [79.68041992, 10.91418457], [79.68060303, 10.91479492], [79.68060303, 10.91558838], [79.68121338, 10.91741943], [79.68121338, 10.91821289], [79.68139648, 10.91918945], [79.68121338, 10.92022705], [79.68103027, 10.92120361], [79.68041992, 10.92181397], [79.68023682, 10.92224121], [79.68041992, 10.92260742], [79.68103027, 10.92303467], [79.68164062, 10.92340088], [79.68182373, 10.92382812], [79.68200684, 10.92419434], [79.68200684, 10.92480469], [79.68200684, 10.92602539], [79.68218994, 10.92663574], [79.68280029, 10.92663574], [79.6829834, 10.92663574], [79.68322754, 10.92663574], [79.68603516, 10.92700195], [79.68640137, 10.92700195], [79.68682861, 10.92700195], [79.68878174, 10.92663574], [79.68963623, 10.9263916], [79.69000244, 10.92602539], [79.69018555, 10.92559815], [79.69140625, 10.92401123], [79.69140625, 10.92382812], [79.69140625, 10.92358398], [79.69104004, 10.92224121], [79.69042969, 10.92102051], [79.69042969, 10.92041016], [79.69061279, 10.91979981], [79.6907959, 10.9196167], [79.69104004, 10.91918945], [79.69140625, 10.91900635], [79.6920166, 10.91900635], [79.69403076, 10.91882324], [79.69561768, 10.91882324], [79.69683838, 10.91882324], [79.6987915, 10.918396], [79.69958496, 10.918396], [79.70123291, 10.918396], [79.70202637, 10.91778564], [79.70239258, 10.91802979], [79.70239258, 10.91821289], [79.70239258, 10.918396], [79.70220947, 10.91918945], [79.70239258, 10.91918945], [79.70318604, 10.91918945], [79.70361328, 10.91918945], [79.70422363, 10.9196167], [79.70458984, 10.91979981], [79.70483398, 10.91979981], [79.70501709, 10.91979981], [79.70520019, 10.9196167], [79.70520019, 10.91918945], [79.70520019, 10.91882324], [79.7053833, 10.91778564], [79.70739746, 10.91778564], [79.70861816, 10.91778564], [79.70898437, 10.91778564], [79.70983887, 10.91760254], [79.71081543, 10.91699219], [79.71179199, 10.91601563], [79.7131958, 10.91558838], [79.71343994, 10.91522217], [79.71380615, 10.91479492], [79.71459961, 10.91363525], [79.71582031, 10.91241455], [79.71618652, 10.91259766], [79.71618652, 10.91320801], [79.71600342, 10.91363525], [79.71618652, 10.91442871], [79.71618652, 10.91479492], [79.71618652, 10.91558838], [79.71661377, 10.91680908], [79.71618652, 10.91864014], [79.71643066, 10.91998291], [79.71661377, 10.92138672], [79.71679688, 10.92303467], [79.71722412, 10.92358398], [79.71759033, 10.92358398], [79.71783447, 10.92340088], [79.71801758, 10.92340088], [79.71820068, 10.92321777], [79.71838379, 10.92321777], [79.71923828, 10.92303467], [79.71942139, 10.92303467], [79.71960449, 10.92303467], [79.72003174, 10.92340088], [79.72021484, 10.92358398], [79.72003174, 10.92382812], [79.72003174, 10.92401123], [79.71942139, 10.92443848], [79.71899414, 10.92462158], [79.71838379, 10.92462158], [79.71801758, 10.92480469], [79.71783447, 10.92480469], [79.71783447, 10.92498779], [79.71759033, 10.92523193], [79.71740723, 10.92541504], [79.71722412, 10.92559815], [79.71679688, 10.9263916], [79.71661377, 10.9276123], [79.71679688, 10.92858887], [79.71704102, 10.92938232], [79.71783447, 10.92999268], [79.71923828, 10.92999268], [79.72003174, 10.93023682], [79.7210083, 10.92980957], [79.72143555, 10.92919922], [79.72143555, 10.92883301], [79.72283936, 10.92822266]]]]}, "geometry_name": "geom", "properties": {"geo_id": "IN-TN-NAG", "district_name": "Nagapattinam", "state_name": "Tamil Nadu", "state_geo_id": "IN-TN", "agro_climatic_zone": "Cauvery Delta Zone"}}, {"type": "Feature", "id": "NowcastWarningDistrict.fid-2bfa195d_1a08a681a2b_60ee", "geometry": {"type": "MultiPolygon", "coordinates": [[[[79.45866232, 11.15055469], [79.43111473, 11.1214593], [79.42242876, 11.09699714], [79.41343863, 11.08199105], [79.3989168, 11.06693982], [79.37180796, 11.05372291], [79.35803005, 11.04924708], [79.34194707, 11.03945452], [79.33466835, 11.03128538], [79.31182548, 11.01760266], [79.29101745, 11.01441938], [79.28054349, 11.00382962], [79.26997004, 10.98761651], [79.23966339, 10.9647163], [79.2221966, 10.94645113], [79.20494571, 10.94021675], [79.20290351, 10.94900817], [79.19409782, 10.94772122], [79.17862601, 10.93968705], [79.15698972, 10.94221682], [79.14128598, 10.94031942], [79.10991678, 10.92495459], [79.08416441, 10.92672406], [79.07616526, 10.92208043], [79.06682378, 10.90834137], [79.06324961, 10.89807943], [79.04799952, 10.88777397], [79.03253234, 10.88656719], [79.00570955, 10.89359668], [79.00694293, 10.90128316], [79.00194696, 10.92215406], [78.99033082, 10.92841937], [78.98161435, 10.92673203], [78.98024566, 10.9388324], [78.97182856, 10.94843986], [78.9589062, 10.95054563], [78.95028649, 10.955521], [78.94621209, 10.97498227], [78.97295526, 10.97171132], [78.99045194, 10.98158052], [78.99024518, 10.99440338], [78.99408147, 11.00060918], [79.01231997, 11.0100923], [79.00644742, 11.05885429], [79.02441439, 11.06766667], [79.03172634, 11.08343575], [79.04387587, 11.08625111], [79.05435643, 11.08497479], [79.0691422, 11.10972198], [79.06539904, 11.12686633], [79.05506766, 11.1298698], [79.06056666, 11.14127111], [79.0606507, 11.15333554], [79.07075305, 11.1544588], [79.0729837, 11.17018058], [79.07816857, 11.17989994], [79.07577026, 11.18926515], [79.06723444, 11.18885685], [79.06592611, 11.20436085], [79.08548013, 11.20476678], [79.09344709, 11.19984999], [79.09891001, 11.23066482], [79.11116731, 11.2306026], [79.10944464, 11.24438451], [79.122174, 11.24872913], [79.12196553, 11.26410968], [79.10897821, 11.27022926], [79.10958628, 11.28287222], [79.11409192, 11.29373452], [79.13010263, 11.29757715], [79.13662884, 11.29300277], [79.14257817, 11.30231868], [79.14091136, 11.30930684], [79.12496382, 11.31075785], [79.13077571, 11.33238691], [79.14071053, 11.33240034], [79.15746145, 11.33842026], [79.15935421, 11.34936334], [79.15064236, 11.3577941], [79.15285095, 11.36654945], [79.16350191, 11.37039521], [79.16814751, 11.37842076], [79.1834666, 11.37511138], [79.18970685, 11.3793185], [79.21201401, 11.38576357], [79.22462346, 11.39188909], [79.2362229, 11.39048398], [79.23803996, 11.37350579], [79.24609677, 11.3707093], [79.25861029, 11.3884737], [79.27292773, 11.3857718], [79.27361697, 11.38033886], [79.29638932, 11.38167981], [79.29000115, 11.40230325], [79.29258655, 11.41232517], [79.31273966, 11.41849156], [79.33093355, 11.41943096], [79.34613166, 11.41581711], [79.35319173, 11.41890514], [79.3669599, 11.41803379], [79.38508053, 11.40920635], [79.39197967, 11.38816045], [79.38923498, 11.36693846], [79.39520329, 11.35351342], [79.4053679, 11.35414109], [79.40853873, 11.36486262], [79.43732348, 11.35728739], [79.4307985, 11.34554971], [79.43752509, 11.33379613], [79.44926455, 11.33358577], [79.47355267, 11.31406576], [79.48859919, 11.31678638], [79.49830327, 11.31388984], [79.49750257, 11.29299799], [79.50127248, 11.29037651], [79.501166, 11.27268907], [79.50398436, 11.25777375], [79.49488784, 11.25851015], [79.49512346, 11.24880301], [79.51021149, 11.22814012], [79.50547045, 11.22240656], [79.50182068, 11.20334789], [79.4956306, 11.1989814], [79.47925135, 11.17659413], [79.47235264, 11.17719747], [79.46388166, 11.17053713], [79.45866232, 11.15055469]]]]}, "geometry_name": "geom", "properties": {"geo_id": "IN-TN-ARI", "district_name": "Ariyalur", "state_name": "Tamil Nadu", "state_geo_id": "IN-TN", "agro_climatic_zone": "Cauvery Delta Zone"}}, {"type": "Feature", "id": "NowcastWarningDistrict.fid-2bfa195d_1a08a681a2b_60ef", "geometry": {"type": "MultiPolygon", "coordinates": [[[[79.6799174, 11.81443152], [79.68529897, 11.81256829], [79.68572276, 11.81250558], [79.6906204, 11.80856701], [79.68004735, 11.79705209], [79.67741891, 11.79970126], [79.67457956, 11.80354367], [79.67480843, 11.80679006], [79.67480884, 11.80679301], [79.67785266, 11.81444091], [79.67844917, 11.8144227], [79.6799174, 11.81443152]]], [[[79.70423457, 11.81346815], [79.7027802, 11.81357694], [79.6929855, 11.81373733], [79.69459238, 11.82303929], [79.70200256, 11.82290642], [79.70423457, 11.81346815]]], [[[79.76071232, 11.83523756], [79.76217184, 11.83442458], [79.76447326, 11.8335716], [79.76451701, 11.83340856], [79.767816, 11.82270204], [79.77010904, 11.82277463], [79.77734761, 11.83050722], [79.77765015, 11.83091429], [79.79840042, 11.8275536], [79.80462982, 11.83351723], [79.80494355, 11.82751026], [79.79586439, 11.78572061], [79.78799862, 11.78663076], [79.78443369, 11.78733921], [79.78048592, 11.78110925], [79.77022241, 11.78342418], [79.76591105, 11.79182515], [79.76543412, 11.79132776], [79.75759708, 11.78344608], [79.75595837, 11.77535454], [79.7421151, 11.78011189], [79.74102804, 11.78061853], [79.71988042, 11.78494698], [79.71235842, 11.79150771], [79.7228203, 11.79648566], [79.72452255, 11.81044289], [79.73338185, 11.8094048], [79.73572176, 11.80932251], [79.73239041, 11.83339722], [79.72984028, 11.83652148], [79.74240613, 11.84221204], [79.76071232, 11.83523756]]], [[[79.65295009, 11.84264866], [79.65373013, 11.84223726], [79.65633181, 11.84131045], [79.65939236, 11.84032932], [79.66177828, 11.83941606], [79.66191128, 11.83806003], [79.66063043, 11.83262715], [79.66001086, 11.83115822], [79.65945548, 11.82939993], [79.65963509, 11.82916095], [79.65971702, 11.82905194], [79.66059785, 11.82793993], [79.66157509, 11.82682789], [79.66244679, 11.82580623], [79.66339645, 11.82528634], [79.66594753, 11.8245267], [79.6686271, 11.82412412], [79.67015502, 11.82387081], [79.67127799, 11.82271948], [79.67120523, 11.82068403], [79.67118687, 11.82028172], [79.66911225, 11.81495744], [79.66694197, 11.81503002], [79.66518932, 11.81500316], [79.6637438, 11.81334443], [79.66274357, 11.81316375], [79.66111933, 11.81355578], [79.66036233, 11.81336289], [79.65998604, 11.8129968], [79.65908221, 11.81304207], [79.65876105, 11.81329979], [79.65790772, 11.81383772], [79.65689829, 11.81404119], [79.65472354, 11.81433067], [79.65272308, 11.81444385], [79.65231016, 11.81459301], [79.65140171, 11.81497735], [79.64992434, 11.81528478], [79.64798357, 11.81542952], [79.64633643, 11.81624321], [79.64628137, 11.81636529], [79.64677238, 11.81800596], [79.64708451, 11.8196784], [79.64501056, 11.82021187], [79.64517585, 11.8209802], [79.64433619, 11.82221422], [79.64322126, 11.8224674], [79.64237239, 11.82258495], [79.64094551, 11.82336695], [79.64103728, 11.82441111], [79.64188613, 11.82479975], [79.64225779, 11.825428], [79.64257442, 11.82577605], [79.64323516, 11.82607888], [79.64340494, 11.82663483], [79.64340038, 11.82715913], [79.64345549, 11.8279411], [79.6439282, 11.82993439], [79.6446062, 11.83364652], [79.64460744, 11.83365434], [79.64539668, 11.83442724], [79.64579136, 11.83501931], [79.64593822, 11.83566568], [79.64583275, 11.8365878], [79.64573185, 11.83832796], [79.64534647, 11.83906024], [79.64595694, 11.84231009], [79.64732444, 11.84422199], [79.65155062, 11.84383301], [79.65216085, 11.84322276], [79.65295009, 11.84264866]]], [[[79.63466005, 11.88408868], [79.63482988, 11.88754193], [79.63467848, 11.88853635], [79.63469684, 11.8887623], [79.63494009, 11.88878043], [79.63509152, 11.888568], [79.63569733, 11.88813859], [79.63622509, 11.88808879], [79.64115865, 11.88663327], [79.64114489, 11.88590104], [79.64082352, 11.88373597], [79.64052058, 11.88058555], [79.6463719, 11.88055821], [79.64864314, 11.8729509], [79.6498821, 11.87046937], [79.65191968, 11.87033817], [79.65319538, 11.87025676], [79.65659597, 11.87010275], [79.65774785, 11.87008911], [79.65928499, 11.86772949], [79.66010179, 11.86753957], [79.66078093, 11.86727742], [79.66178876, 11.86733446], [79.66272669, 11.86725455], [79.66279095, 11.86678453], [79.66334604, 11.86544651], [79.66351096, 11.86279775], [79.66165217, 11.86118438], [79.66175293, 11.85934926], [79.66126198, 11.85929956], [79.66070195, 11.85811083], [79.65801703, 11.853686], [79.65788845, 11.85265546], [79.6568513, 11.85207249], [79.65488727, 11.85186927], [79.65378128, 11.8509925], [79.65202831, 11.8503372], [79.65029371, 11.85027855], [79.64862343, 11.85020632], [79.64713202, 11.85016121], [79.64527824, 11.85093875], [79.64295632, 11.85138188], [79.63902828, 11.85228148], [79.6378444, 11.85261141], [79.63614654, 11.85291881], [79.63032782, 11.85375956], [79.6286805, 11.85389066], [79.62779482, 11.85413018], [79.627143, 11.8621667], [79.62731281, 11.86422787], [79.62857019, 11.86531718], [79.62845544, 11.86979652], [79.62756514, 11.86984615], [79.62642237, 11.86981004], [79.62521085, 11.86956138], [79.62430689, 11.86948448], [79.62323759, 11.86961101], [79.62138359, 11.86985506], [79.61915326, 11.87019397], [79.61965348, 11.86891486], [79.61969023, 11.86874311], [79.6197315, 11.86812384], [79.61959859, 11.86567403], [79.61957576, 11.86316544], [79.61950692, 11.86268625], [79.61589532, 11.86282167], [79.61513813, 11.86290757], [79.61408271, 11.86303407], [79.61405514, 11.86274028], [79.61223335, 11.86263167], [79.61251331, 11.86169147], [79.61079257, 11.86092749], [79.61020515, 11.86066978], [79.61024187, 11.86050714], [79.6106595, 11.860019], [79.60827322, 11.86017247], [79.60764461, 11.8601001], [79.60726832, 11.85995996], [79.60701592, 11.85973393], [79.6060615, 11.85897444], [79.60563931, 11.85871681], [79.60536398, 11.85863089], [79.60496019, 11.85863085], [79.60447828, 11.85872576], [79.60363857, 11.85849962], [79.60270708, 11.85805203], [79.60205508, 11.85834483], [79.60225255, 11.86008601], [79.60245419, 11.86231894], [79.60259634, 11.86352128], [79.60276602, 11.86419931], [79.60311914, 11.86713732], [79.60314647, 11.86874638], [79.60295818, 11.87010695], [79.60160886, 11.87121872], [79.60137944, 11.87115087], [79.60100295, 11.87284578], [79.60085601, 11.87339268], [79.60069059, 11.87484814], [79.60006633, 11.87584242], [79.59992855, 11.87733406], [79.59968487, 11.88071944], [79.59996458, 11.88293887], [79.60167643, 11.8826678], [79.60279171, 11.88226568], [79.60390692, 11.88175502], [79.60459077, 11.88134826], [79.60561894, 11.880363], [79.60705095, 11.87869983], [79.60755117, 11.87821171], [79.60784499, 11.87757436], [79.6087215, 11.87711344], [79.61190174, 11.87898037], [79.61538486, 11.88167452], [79.61711498, 11.88341483], [79.61762432, 11.88435498], [79.61799148, 11.88447703], [79.61819341, 11.88459459], [79.61836314, 11.88492911], [79.61847793, 11.88538564], [79.618409, 11.88593252], [79.61846866, 11.88615398], [79.61856048, 11.88630317], [79.61896891, 11.88684105], [79.61912033, 11.88723886], [79.62491207, 11.88924588], [79.6250452, 11.88920068], [79.62978156, 11.88868101], [79.62973107, 11.88827869], [79.62967139, 11.88686395], [79.62992843, 11.88498814], [79.62992843, 11.88434184], [79.63000188, 11.88216316], [79.62989174, 11.88129078], [79.63161729, 11.88117781], [79.63466005, 11.88408868]]], [[[79.68767084, 11.96911275], [79.68739992, 11.96854327], [79.6857051, 11.96470168], [79.68464429, 11.96263175], [79.68421715, 11.96137531], [79.68431787, 11.96013682], [79.68401919, 11.95882156], [79.6839226, 11.95777747], [79.68381228, 11.95681015], [79.68375716, 11.95658876], [79.68362855, 11.95648479], [79.68344031, 11.95632213], [79.68352264, 11.95447795], [79.68382555, 11.95434679], [79.683876, 11.95421119], [79.68395857, 11.95373204], [79.68462422, 11.95375905], [79.68466081, 11.95335226], [79.68419717, 11.95323482], [79.68276215, 11.95294975], [79.68203944, 11.95213688], [79.68154823, 11.95205565], [79.68105705, 11.95204209], [79.68080911, 11.95178454], [79.68031792, 11.95177107], [79.68015262, 11.95172134], [79.67934296, 11.95080975], [79.67927567, 11.95074066], [79.67782954, 11.94980074], [79.67669107, 11.94956137], [79.67658068, 11.94845403], [79.67438644, 11.94843628], [79.67373457, 11.94840474], [79.67340862, 11.94812453], [79.67321577, 11.94787152], [79.67193511, 11.94812474], [79.67183555, 11.94842825], [79.67184333, 11.94849088], [79.67092499, 11.94893793], [79.67086813, 11.94920144], [79.67008536, 11.94952171], [79.66993374, 11.94954709], [79.66789578, 11.94965755], [79.66728066, 11.94973904], [79.66679867, 11.9498295], [79.66410415, 11.95085589], [79.6636242, 11.95089213], [79.66122587, 11.95023238], [79.66016037, 11.95015315], [79.65852412, 11.95111669], [79.65833252, 11.95179936], [79.65832657, 11.95227964], [79.65831109, 11.95243392], [79.65789796, 11.95250628], [79.65735173, 11.95247925], [79.65685139, 11.95283186], [79.65609848, 11.95299463], [79.65480885, 11.95337873], [79.65452332, 11.95375761], [79.65292359, 11.95765194], [79.65379367, 11.96066665], [79.6563378, 11.95903777], [79.65720998, 11.95861278], [79.65802704, 11.95846361], [79.65880743, 11.95835052], [79.6591793, 11.95829619], [79.66002397, 11.95839107], [79.66012517, 11.96027585], [79.66021244, 11.96089961], [79.66052019, 11.96257645], [79.66192958, 11.96254922], [79.6619801, 11.96276619], [79.66247623, 11.9659301], [79.66233419, 11.96861046], [79.66347737, 11.96889058], [79.66755846, 11.96823466], [79.66899086, 11.96860963], [79.66958764, 11.96856436], [79.67100618, 11.96830199], [79.67193344, 11.96796284], [79.67277352, 11.96778195], [79.67331069, 11.96779095], [79.67377434, 11.96784508], [79.67442624, 11.96793989], [79.67496335, 11.96801214], [79.67509195, 11.96831943], [79.67571631, 11.96827872], [79.67678144, 11.96886158], [79.6784025, 11.97182646], [79.68019299, 11.97188032], [79.68073486, 11.97287466], [79.68448561, 11.97307283], [79.68667085, 11.97282383], [79.68767084, 11.96911275]]], [[[79.74867432, 12.0073079], [79.75164627, 12.00618336], [79.76237341, 12.0026897], [79.76042376, 11.98920103], [79.74812457, 11.98475125], [79.74371513, 11.97985799], [79.74288797, 11.9779961], [79.74017941, 11.97816894], [79.7402025, 11.97856217], [79.73875188, 11.97883845], [79.737898, 11.97896078], [79.73568523, 11.97912434], [79.73372552, 11.98076583], [79.73303235, 11.98105078], [79.73199499, 11.98147604], [79.73079275, 11.98319402], [79.73023263, 11.98321687], [79.73022835, 11.98394912], [79.72982453, 11.98452773], [79.72958123, 11.98467698], [79.72975597, 11.98526906], [79.73032527, 11.98542709], [79.73036197, 11.98541353], [79.73040815, 11.98593777], [79.72712089, 11.98588473], [79.72591256, 11.983485], [79.72552647, 11.98201614], [79.72490613, 11.98048411], [79.72417127, 11.97948087], [79.72362897, 11.97803473], [79.72350474, 11.97704938], [79.72357327, 11.9761996], [79.72366473, 11.97506957], [79.72400849, 11.97350109], [79.72426998, 11.97281847], [79.72450829, 11.97172456], [79.72451735, 11.97122734], [79.72734069, 11.97116765], [79.72890604, 11.97087782], [79.72963127, 11.97066967], [79.73017291, 11.9704164], [79.73118267, 11.96986459], [79.73462982, 11.96836722], [79.73598851, 11.96794184], [79.73759969, 11.96738083], [79.74032161, 11.96643056], [79.7419649, 11.96587849], [79.74478744, 11.96396998], [79.74565772, 11.95925078], [79.74664252, 11.95426936], [79.74868098, 11.94402634], [79.7488285, 11.93820172], [79.74898218, 11.93368184], [79.74924123, 11.92722024], [79.74926577, 11.92627828], [79.74931774, 11.92324089], [79.74932285, 11.92216062], [79.7499239, 11.92265358], [79.75111777, 11.92169139], [79.75029211, 11.92056101], [79.75027407, 11.91990561], [79.75365679, 11.92009248], [79.75629937, 11.92278757], [79.75635402, 11.92372775], [79.75639968, 11.92426112], [79.75648103, 11.92702286], [79.76103835, 11.92845315], [79.76219502, 11.92854405], [79.76070169, 11.93202378], [79.76041996, 11.93592438], [79.76042802, 11.938442], [79.76051034, 11.93912907], [79.76048238, 11.94005565], [79.76356529, 11.94417012], [79.76516733, 11.94417531], [79.766292, 11.94410797], [79.76897283, 11.9439825], [79.77152511, 11.9438886], [79.77222642, 11.94642457], [79.77360251, 11.94902407], [79.77385005, 11.94990104], [79.77510331, 11.94973428], [79.77633279, 11.95172804], [79.77677272, 11.95369891], [79.77947201, 11.95355979], [79.78347857, 11.95626415], [79.78391877, 11.95762481], [79.78462043, 11.95958671], [79.7871761, 11.96018085], [79.78769134, 11.96024767], [79.7881825, 11.96037439], [79.78841685, 11.95969648], [79.8012905, 11.95462455], [79.8033429, 11.95313806], [79.80510965, 11.95528553], [79.80503128, 11.95644262], [79.80524056, 11.96316837], [79.80588716, 11.96565904], [79.80615317, 11.96654954], [79.80647871, 11.96802313], [79.80719906, 11.96947423], [79.8083781, 11.97245319], [79.80880942, 11.97327141], [79.8098143, 11.97522429], [79.81135644, 11.97678407], [79.81260489, 11.97789176], [79.81629573, 11.97903168], [79.81703955, 11.97869737], [79.82487072, 11.96152325], [79.84063594, 11.95578565], [79.83696699, 11.9355715], [79.8255965, 11.89299584], [79.82269492, 11.87647921], [79.80691858, 11.8368762], [79.80309692, 11.85073347], [79.80327531, 11.85272231], [79.80217348, 11.85450288], [79.80154027, 11.85430834], [79.80067269, 11.85527085], [79.7992456, 11.85508964], [79.7963225, 11.85502549], [79.79461093, 11.85477185], [79.79337648, 11.85488447], [79.79033393, 11.85526318], [79.78961345, 11.85533075], [79.78228481, 11.85587519], [79.78173418, 11.85576651], [79.77250477, 11.83661803], [79.77128824, 11.83695044], [79.77067786, 11.83721236], [79.76673507, 11.8400629], [79.76526094, 11.84286469], [79.7650812, 11.84469521], [79.76433231, 11.84686902], [79.76375845, 11.84750158], [79.76320134, 11.85183149], [79.7633803, 11.85184964], [79.76430726, 11.85179579], [79.76491759, 11.85175988], [79.76815933, 11.85794906], [79.76826929, 11.8583785], [79.77009367, 11.87460596], [79.76453119, 11.87545347], [79.76426471, 11.87617203], [79.753738, 11.86419856], [79.75392811, 11.85012342], [79.74310603, 11.84832272], [79.74016646, 11.86447379], [79.72112127, 11.8625007], [79.71567258, 11.85745802], [79.71492965, 11.85887755], [79.70826474, 11.8690856], [79.70927815, 11.88261355], [79.70942091, 11.88440794], [79.70982161, 11.88928943], [79.68959522, 11.88640153], [79.68875999, 11.88632482], [79.68793389, 11.88650127], [79.6853588, 11.88409721], [79.68510163, 11.88344186], [79.6850599, 11.88098298], [79.67993819, 11.88083926], [79.67689549, 11.8807674], [79.6738761, 11.88372845], [79.67382165, 11.88741678], [79.67385855, 11.88893096], [79.67507517, 11.89155238], [79.67754897, 11.89154296], [79.68262894, 11.88878486], [79.68336329, 11.88879832], [79.68462537, 11.88884777], [79.68692967, 11.89088591], [79.68852305, 11.89464166], [79.68939962, 11.89472739], [79.69320437, 11.89462263], [79.69322735, 11.89495703], [79.6933008, 11.89500681], [79.695389, 11.89478938], [79.69555967, 11.89846859], [79.69790191, 11.90473272], [79.69758524, 11.90480062], [79.69775572, 11.9075984], [79.69566308, 11.90874245], [79.69570014, 11.90888725], [79.69582385, 11.90937066], [79.69553053, 11.91097085], [79.69537909, 11.91121494], [79.69549441, 11.91362858], [79.69575641, 11.91546359], [79.69597267, 11.91768286], [79.69617364, 11.9189788], [79.69620257, 11.9191654], [79.69671207, 11.91917434], [79.69869024, 11.91915573], [79.70457922, 11.91914981], [79.70585057, 11.9190681], [79.70672266, 11.9190136], [79.70833384, 11.91936123], [79.71075277, 11.9193199], [79.71546659, 11.91918292], [79.71680227, 11.91913732], [79.71858982, 11.91904111], [79.71866113, 11.91903727], [79.71814571, 11.91472538], [79.71443211, 11.91339318], [79.71267879, 11.91352921], [79.71068682, 11.91361114], [79.70668757, 11.90823347], [79.70895385, 11.90430501], [79.70853996, 11.90157508], [79.70742466, 11.90150304], [79.70527926, 11.89391911], [79.70746841, 11.89355691], [79.70870743, 11.89327636], [79.70948292, 11.89251679], [79.70951037, 11.89244449], [79.70956994, 11.89191107], [79.70977638, 11.891667], [79.71093265, 11.89082141], [79.71119424, 11.89070836], [79.71156595, 11.89067204], [79.71179549, 11.89072628], [79.7119607, 11.89083469], [79.71210306, 11.8910064], [79.71229602, 11.89159843], [79.71239697, 11.89172954], [79.71257138, 11.89181984], [79.7133514, 11.89106928], [79.71350742, 11.89101502], [79.71368188, 11.89103756], [79.71382412, 11.891137], [79.71416853, 11.89158887], [79.71435665, 11.89164762], [79.71484776, 11.89163841], [79.71515527, 11.89164282], [79.71537557, 11.89169252], [79.71628459, 11.89260978], [79.71664258, 11.89279048], [79.71714745, 11.89268178], [79.71731261, 11.89255518], [79.71793199, 11.89199905], [79.71802834, 11.89182729], [79.71882643, 11.89042582], [79.71900081, 11.89035345], [79.7192303, 11.89034434], [79.71960662, 11.89042556], [79.72002889, 11.89052942], [79.72096513, 11.89050204], [79.72202976, 11.89], [79.72252076, 11.8897738], [79.72253227, 11.8897685], [79.72230045, 11.88968351], [79.72209379, 11.88941237], [79.72331441, 11.88872488], [79.72467294, 11.88883299], [79.72494374, 11.88909505], [79.72427395, 11.88977326], [79.7233425, 11.89037923], [79.72280118, 11.89107546], [79.72270487, 11.89131958], [79.72270491, 11.89148233], [79.72281977, 11.8917173], [79.72300333, 11.89176692], [79.72332461, 11.8917578], [79.72358622, 11.89176228], [79.7237606, 11.8917803], [79.72427467, 11.89192475], [79.72443985, 11.89191569], [79.72457292, 11.89184332], [79.72469671, 11.89145906], [79.72477453, 11.89084429], [79.7248892, 11.89062276], [79.72504068, 11.89055043], [79.72519668, 11.89055037], [79.72562826, 11.89098867], [79.72617438, 11.891002], [79.72678469, 11.89065828], [79.72791351, 11.89011103], [79.72856064, 11.89013338], [79.72879015, 11.89020563], [79.7288844, 11.89020559], [79.72896462, 11.89045415], [79.72937332, 11.8912631], [79.72954788, 11.89165633], [79.73049363, 11.89239268], [79.73052146, 11.89319278], [79.73052621, 11.89380744], [79.73056845, 11.89632506], [79.73064706, 11.89800193], [79.73068031, 11.90113424], [79.73071737, 11.90199753], [79.73130992, 11.9032087], [79.73340747, 11.90358762], [79.73437611, 11.90405282], [79.73575762, 11.90405684], [79.7375155, 11.90409693], [79.73554457, 11.91102674], [79.73261242, 11.91325165], [79.72998381, 11.91696797], [79.72848814, 11.91879452], [79.72645589, 11.92195466], [79.72390924, 11.9243918], [79.71848049, 11.92818576], [79.71762608, 11.929595], [79.71796882, 11.93117383], [79.71985647, 11.93933158], [79.72043118, 11.94218352], [79.72068022, 11.94345185], [79.72077438, 11.9440298], [79.71957524, 11.94543996], [79.71235862, 11.94848221], [79.71090181, 11.94931162], [79.70952394, 11.94940856], [79.70938422, 11.94891241], [79.7091083, 11.94751132], [79.70831274, 11.9472269], [79.70793891, 11.9463019], [79.70827194, 11.94038578], [79.70886723, 11.93888281], [79.71121571, 11.93306952], [79.71083475, 11.9332187], [79.70965988, 11.93385188], [79.70842984, 11.93435844], [79.70653442, 11.93538496], [79.7065529, 11.9359951], [79.70661283, 11.93693079], [79.7065303, 11.93726979], [79.70584665, 11.93840895], [79.70478669, 11.93974264], [79.70429101, 11.94017223], [79.70384126, 11.94042994], [79.70334092, 11.94059731], [79.70275349, 11.94071497], [79.69684149, 11.9425741], [79.69634154, 11.94410653], [79.6959514, 11.94452695], [79.69588732, 11.94487951], [79.69580978, 11.94732938], [79.69575937, 11.94770006], [79.69433207, 11.94880768], [79.69399045, 11.94963345], [79.69295647, 11.95066908], [79.69166094, 11.95131685], [79.69177586, 11.95201291], [79.6935352, 11.9572557], [79.69451383, 11.96067261], [79.69568785, 11.96391177], [79.69699309, 11.9619466], [79.70092203, 11.96270929], [79.70136371, 11.9633604], [79.70380244, 11.96715646], [79.70595842, 11.96671119], [79.70725661, 11.96613685], [79.70781451, 11.96603479], [79.71124072, 11.96717444], [79.71141861, 11.9674392], [79.71477998, 11.96769565], [79.7157136, 11.96966914], [79.71295711, 11.97325855], [79.71239819, 11.97360856], [79.71222198, 11.97439027], [79.71218924, 11.97439449], [79.71040479, 11.9757062], [79.71040178, 11.97570647], [79.70926791, 11.97581072], [79.71001175, 11.97656178], [79.71543856, 11.98488598], [79.71645576, 11.98570283], [79.72030349, 11.99234332], [79.72206372, 11.99263914], [79.72311511, 11.99249419], [79.72903815, 11.99361768], [79.73046586, 11.99323748], [79.7338776, 11.99451987], [79.73479239, 11.99746662], [79.73578873, 11.99750233], [79.73700552, 11.99788608], [79.73698742, 11.99843757], [79.73768164, 12.00095036], [79.73989926, 12.00092241], [79.73999583, 12.00129298], [79.74006467, 12.00129301], [79.74132491, 12.00122014], [79.74146586, 12.00136708], [79.74867432, 12.0073079]], [[79.77515874, 11.90182721], [79.77053222, 11.89088257], [79.77300691, 11.87688969], [79.77284218, 11.87522067], [79.77343946, 11.87516848], [79.77694882, 11.87804797], [79.77895692, 11.8775901], [79.7796654, 11.87791191], [79.77842658, 11.86544679], [79.7784357, 11.86339851], [79.78066713, 11.86274922], [79.78136925, 11.86321165], [79.78236043, 11.8627859], [79.784958, 11.86282835], [79.78517139, 11.86307105], [79.78735907, 11.87332935], [79.78818459, 11.87392006], [79.79023059, 11.87730506], [79.79236451, 11.87684645], [79.79483105, 11.88521478], [79.79469166, 11.885457], [79.79491692, 11.88801254], [79.79496958, 11.88825497], [79.7964922, 11.89988601], [79.79056797, 11.89711339], [79.7814953, 11.90276281], [79.77656197, 11.90496008], [79.77515874, 11.90182721]]], [[[79.79253573, 12.02535039], [79.79298814, 12.02540582], [79.79479939, 12.02566746], [79.79654692, 12.02571442], [79.79727438, 12.02556424], [79.80340973, 12.02585533], [79.80433643, 12.02585563], [79.80566838, 12.02449095], [79.80500293, 12.02322967], [79.80521459, 12.02165685], [79.80469685, 12.02063033], [79.80361731, 12.01971732], [79.8021254, 12.01861401], [79.80199249, 12.01735749], [79.80201023, 12.01727323], [79.80202012, 12.0172264], [79.80185944, 12.01706812], [79.80111564, 12.01698654], [79.79690527, 12.0167006], [79.79654346, 12.01675267], [79.79618434, 12.01680431], [79.79599905, 12.01700816], [79.79560094, 12.01748665], [79.79516782, 12.01726709], [79.79504101, 12.01693501], [79.79497959, 12.01687458], [79.79461397, 12.01683091], [79.79168431, 12.0176165], [79.79064657, 12.01774728], [79.7891081, 12.0182259], [79.78928531, 12.01879948], [79.78952536, 12.01997526], [79.78955274, 12.02060346], [79.78956713, 12.02076907], [79.7895802, 12.02091988], [79.78997892, 12.02291337], [79.78962957, 12.02425108], [79.78942891, 12.02457733], [79.78880261, 12.02574233], [79.7887519, 12.0260859], [79.7890686, 12.0264521], [79.78939005, 12.02634824], [79.79098818, 12.02605957], [79.79240242, 12.02582496], [79.79253573, 12.02535039]]], [[[79.65099944, 12.02181229], [79.65001222, 12.02094447], [79.64936015, 12.0203208], [79.64899737, 12.0199095], [79.64765655, 12.01831856], [79.64784002, 12.01580998], [79.64684362, 12.01478851], [79.64643946, 12.01246984], [79.64628784, 12.01049911], [79.64609487, 12.00935114], [79.64599837, 12.00812164], [79.64582849, 12.00708664], [79.64531414, 12.00470917], [79.64388731, 12.00517], [79.64330756, 12.00293746], [79.64309495, 12.00141141], [79.64253996, 11.99971815], [79.6423104, 11.99922552], [79.64207167, 11.99887755], [79.64169051, 11.99851143], [79.64140592, 11.99831252], [79.64104773, 11.99821306], [79.64055192, 11.99819051], [79.63905516, 11.99832164], [79.63724154, 11.99843019], [79.63644726, 11.99808665], [79.63616719, 11.99579954], [79.63671813, 11.99535214], [79.64135975, 11.99108965], [79.64021063, 11.98976461], [79.63997313, 11.98832347], [79.63981238, 11.98802967], [79.6391651, 11.9882105], [79.63790245, 11.98486581], [79.63745245, 11.98302616], [79.63740191, 11.98216734], [79.63725495, 11.9805764], [79.63708053, 11.97983964], [79.63667648, 11.97862373], [79.63891679, 11.97684288], [79.64031703, 11.9762733], [79.64034, 11.97530603], [79.64037207, 11.9742574], [79.64064289, 11.97314548], [79.64090452, 11.97277939], [79.6411662, 11.97109342], [79.64130392, 11.97103918], [79.64285558, 11.97005376], [79.64438887, 11.96949775], [79.64544476, 11.9690638], [79.64636286, 11.9686795], [79.64708362, 11.96822296], [79.64734987, 11.96804666], [79.64778601, 11.96792014], [79.64845571, 11.96739222], [79.64815313, 11.96639687], [79.64761133, 11.96431318], [79.64761581, 11.96289384], [79.64769836, 11.96139785], [79.64746877, 11.96031299], [79.64746873, 11.95950842], [79.64763853, 11.95882148], [79.64743649, 11.95773666], [79.64698199, 11.95695468], [79.64689933, 11.95638523], [79.64737208, 11.95572977], [79.64223067, 11.95398987], [79.64185393, 11.94846196], [79.64190903, 11.94781561], [79.64257449, 11.94441657], [79.64273509, 11.94216557], [79.64337845, 11.94269515], [79.65748436, 11.94805414], [79.65742473, 11.94774684], [79.6565433, 11.94702364], [79.65675902, 11.94675875], [79.65733737, 11.94603369], [79.65741537, 11.94541004], [79.65753465, 11.94508005], [79.65757758, 11.94504716], [79.65864547, 11.94461432], [79.65863153, 11.94321765], [79.65862226, 11.94196564], [79.65886551, 11.94191136], [79.6593613, 11.94186616], [79.65945305, 11.94155879], [79.6599625, 11.94155395], [79.66041244, 11.94154967], [79.6604293, 11.9414853], [79.6603894, 11.9402027], [79.6606024, 11.94011809], [79.66069686, 11.94008057], [79.6608069, 11.93855739], [79.66066906, 11.93716072], [79.66329006, 11.93704289], [79.66933089, 11.93751218], [79.66959683, 11.93552794], [79.67013765, 11.93555941], [79.67029457, 11.93556854], [79.67032961, 11.93523349], [79.66982124, 11.93161815], [79.67069797, 11.93157732], [79.67052778, 11.92985526], [79.66886925, 11.9182663], [79.66109813, 11.91518011], [79.66269996, 11.91516634], [79.66268611, 11.91438442], [79.65751784, 11.91295209], [79.65604908, 11.91292508], [79.64830104, 11.90773225], [79.64677273, 11.90776391], [79.64071405, 11.9022046], [79.62536103, 11.9030224], [79.62532481, 11.90302734], [79.62837681, 11.91948462], [79.62822989, 11.91994114], [79.62795904, 11.92059196], [79.62068837, 11.92489929], [79.6184851, 11.92606085], [79.61876491, 11.9287819], [79.61887504, 11.93027802], [79.61845273, 11.93033679], [79.61849405, 11.93050401], [79.6186914, 11.93203628], [79.61824609, 11.93212667], [79.61845709, 11.93471658], [79.61851215, 11.93607714], [79.61794752, 11.93603637], [79.61891576, 11.94324583], [79.62840497, 11.94516293], [79.62870689, 11.95349734], [79.6287343, 11.95857329], [79.62836253, 11.9597168], [79.62823858, 11.95991564], [79.62793096, 11.96088297], [79.62737549, 11.96166944], [79.62712759, 11.96248301], [79.62695772, 11.96319271], [79.62659956, 11.9642729], [79.62704028, 11.96644707], [79.62443729, 11.96901432], [79.62368443, 11.96916336], [79.62306761, 11.9692298], [79.62246414, 11.96977676], [79.6216046, 11.96994024], [79.61859421, 11.97034699], [79.6186114, 11.97081752], [79.61892821, 11.97116101], [79.62434266, 11.97581534], [79.6245288, 11.97709147], [79.62388227, 11.97856293], [79.62408144, 11.98001695], [79.62437265, 11.98178763], [79.6208237, 11.98393908], [79.61977431, 11.98447614], [79.61746287, 11.98671869], [79.6178715, 11.98722037], [79.61742583, 11.98782545], [79.61722406, 11.98869614], [79.61718758, 11.98955231], [79.61872534, 11.98948944], [79.62361032, 11.98932244], [79.62384903, 11.98984221], [79.62445041, 11.99207955], [79.62473044, 11.99415883], [79.62487274, 11.99482326], [79.62593197, 12.00037644], [79.62398466, 12.00041736], [79.61917383, 12.00141196], [79.61927708, 12.00469006], [79.61928547, 12.00483124], [79.62037344, 12.00904387], [79.6209243, 12.01236607], [79.62904663, 12.0187981], [79.6255292, 12.03217258], [79.64470911, 12.02706482], [79.65099944, 12.02181229]]], [[[79.69740564, 12.03247224], [79.69769049, 12.03308238], [79.69919192, 12.03276108], [79.70014703, 12.03264333], [79.70031688, 12.03233599], [79.70249794, 12.03210942], [79.70310849, 12.03158493], [79.70359063, 12.0314176], [79.70422838, 12.0295416], [79.70432926, 12.0289405], [79.70441138, 12.02704206], [79.70421831, 12.02634151], [79.70392848, 12.02442065], [79.70357446, 12.02259019], [79.70344572, 12.02187156], [79.70339044, 12.02110317], [79.70339024, 12.02051559], [79.70333947, 12.0194398], [79.7027517, 12.01942187], [79.70259514, 12.01774502], [79.70234715, 12.01735188], [79.70184621, 12.01560275], [79.70169901, 12.01448191], [79.70159783, 12.01383105], [79.70268115, 12.01295388], [79.70257047, 12.01092896], [79.7025059, 12.00983973], [79.70504891, 12.00735755], [79.70623796, 12.00695497], [79.70651336, 12.00674705], [79.70746821, 12.00597384], [79.7082253, 12.00420185], [79.70930412, 12.00392582], [79.71140693, 12.00354555], [79.71253779, 12.00140012], [79.71549118, 11.99922227], [79.71538072, 11.99824599], [79.71745524, 11.99601699], [79.71756998, 11.99585423], [79.71790963, 11.9955875], [79.71843755, 11.99519407], [79.71961194, 11.99221508], [79.71893248, 11.99224867], [79.71771099, 11.99169583], [79.71789254, 11.9916507], [79.71808739, 11.990959], [79.71771986, 11.99039936], [79.71580534, 11.99050318], [79.7145074, 11.9907364], [79.71137287, 11.9921012], [79.7070792, 11.99421567], [79.70671517, 11.99439695], [79.70586299, 11.9945904], [79.70549451, 11.9939503], [79.70375447, 11.99408175], [79.70218866, 11.99342226], [79.70143527, 11.99187661], [79.70020219, 11.9919381], [79.69827375, 11.9919019], [79.69604531, 11.99196835], [79.69466489, 11.99155697], [79.69395656, 11.99050302], [79.69393759, 11.99032806], [79.69355641, 11.98996661], [79.69273461, 11.989917], [79.69101291, 11.98978177], [79.68948866, 11.99008944], [79.68547173, 11.99164062], [79.68511349, 11.99075476], [79.68438786, 11.98974246], [79.68395163, 11.98941253], [79.68327654, 11.98827364], [79.68317546, 11.98778553], [79.68265645, 11.98666468], [79.68237634, 11.98641614], [79.68092956, 11.98341067], [79.68046592, 11.98371358], [79.67997759, 11.98417227], [79.67803309, 11.98624517], [79.67757418, 11.98707684], [79.6766792, 11.98907486], [79.67482185, 11.99177245], [79.67192367, 11.99470286], [79.67073428, 11.99320691], [79.66945324, 11.99261044], [79.66764414, 11.99130902], [79.66729521, 11.9909565], [79.66506842, 11.99051834], [79.66405838, 11.99043257], [79.66347369, 11.99024501], [79.66289209, 11.98964164], [79.66265203, 11.98956393], [79.66203358, 11.98961021], [79.66155607, 11.98960569], [79.66110157, 11.98928029], [79.66086276, 11.98920798], [79.66072507, 11.98951925], [79.65938451, 11.99063196], [79.65860416, 11.99115183], [79.65774559, 11.99118352], [79.65682284, 11.99243114], [79.65844146, 12.00141223], [79.65795861, 12.00214545], [79.65784396, 12.00364155], [79.65791738, 12.00401672], [79.65760074, 12.00500206], [79.65799112, 12.00632638], [79.65988776, 12.00979298], [79.65976844, 12.01062465], [79.66394686, 12.01169546], [79.66980085, 12.01041107], [79.67131592, 12.01006277], [79.67155508, 12.01234532], [79.67261141, 12.01448763], [79.67324067, 12.0157125], [79.67328203, 12.01597912], [79.67303886, 12.01702779], [79.67513318, 12.02075642], [79.67547769, 12.02136654], [79.68129064, 12.02094521], [79.68238821, 12.02160042], [79.68259945, 12.02176759], [79.68400484, 12.02350306], [79.68484101, 12.02576734], [79.6850156, 12.02628257], [79.68622774, 12.02626422], [79.68647592, 12.02696482], [79.68899695, 12.02781854], [79.69016363, 12.02938223], [79.69111938, 12.03243748], [79.69502743, 12.03393272], [79.69512836, 12.03377904], [79.69520627, 12.03313266], [79.69658379, 12.03274813], [79.69740564, 12.03247224]]], [[[79.85142683, 12.00853523], [79.84988403, 12.00926726], [79.84898865, 12.00961071], [79.84516829, 12.01093455], [79.84456679, 12.01114689], [79.8437541, 12.01139545], [79.84286325, 12.01184275], [79.84222501, 12.01210486], [79.84086574, 12.0131668], [79.84107657, 12.01548561], [79.84139779, 12.01710832], [79.84167776, 12.01777726], [79.84255427, 12.02105439], [79.84282044, 12.0221663], [79.84370185, 12.0237032], [79.84392659, 12.02561513], [79.84395392, 12.02721518], [79.84408624, 12.03281544], [79.84408617, 12.03376011], [79.84424677, 12.03469125], [79.844389, 12.0354144], [79.8449351, 12.037801], [79.84532072, 12.03851071], [79.8458027, 12.04021478], [79.84639942, 12.04175163], [79.84685388, 12.04258788], [79.84738654, 12.04337439], [79.84793273, 12.0450966], [79.84827701, 12.04615425], [79.84855699, 12.0471397], [79.84898395, 12.04849117], [79.84943838, 12.04972063], [79.84951644, 12.05020879], [79.8497688, 12.05131167], [79.85133942, 12.05089603], [79.85397546, 12.04992906], [79.85690989, 12.04877677], [79.86074441, 12.04759733], [79.86287524, 12.0470461], [79.8666546, 12.04571742], [79.87051666, 12.04414466], [79.87240856, 12.0431459], [79.87175675, 12.03742356], [79.85679739, 12.00605501], [79.85142683, 12.00853523]]]]}, "geometry_name": "geom", "properties": {"geo_id": "IN-TN-PUD", "district_name": "Puducherry", "state_name": "Tamil Nadu", "state_geo_id": "IN-TN", "agro_climatic_zone": ""}}, {"type": "Feature", "id": "NowcastWarningDistrict.fid-2bfa195d_1a08a681a2b_60f0", "geometry": {"type": "MultiPolygon", "coordinates": [[[[80.14455541, 13.02432517], [80.14484222, 13.01700103], [80.15819048, 13.01542233], [80.1606809, 12.99798095], [80.16956459, 12.97990174], [80.18069865, 12.97824141], [80.18602428, 12.96820704], [80.19588024, 12.9685374], [80.19563313, 12.96021155], [80.20233132, 12.95368418], [80.19823183, 12.94554807], [80.18937056, 12.94114944], [80.19917525, 12.93345883], [80.20139543, 12.92388215], [80.19882753, 12.91110442], [80.21737933, 12.91055921], [80.21648221, 12.89020938], [80.20893026, 12.87284749], [80.21288023, 12.86085323], [80.2200163, 12.85250772], [80.23266922, 12.85215153], [80.23618558, 12.85809622], [80.24912216, 12.85669733], [80.24815834, 12.81002037], [80.24999161, 12.79431239], [80.25502162, 12.78213651], [80.24392923, 12.74707177], [80.2122734, 12.66032394], [80.20099091, 12.6320857], [80.1971847, 12.61368224], [80.18680611, 12.58712657], [80.1846778, 12.57596314], [80.16877476, 12.53729487], [80.16065202, 12.50139033], [80.15735307, 12.46903359], [80.15042368, 12.45441665], [80.11336716, 12.4019425], [80.06685434, 12.34626388], [80.03424937, 12.30175464], [80.02574995, 12.28845216], [80.01509808, 12.26481601], [80.00863869, 12.25480501], [80.00378275, 12.25677574], [79.98805025, 12.25145648], [79.98318866, 12.24107165], [79.97309906, 12.23336437], [79.95986485, 12.23418648], [79.95531857, 12.22883173], [79.94420581, 12.24225846], [79.92135716, 12.25005238], [79.92451258, 12.23159092], [79.914261, 12.23552457], [79.9008743, 12.22940598], [79.8734357, 12.24287116], [79.86544043, 12.25197222], [79.86242498, 12.26194283], [79.84728923, 12.2756998], [79.83804366, 12.29356093], [79.83290413, 12.29799856], [79.82742213, 12.31292205], [79.81985165, 12.3118176], [79.81430126, 12.32053958], [79.80400722, 12.32653919], [79.79922763, 12.33739895], [79.78826401, 12.33599879], [79.77881583, 12.33898752], [79.75030222, 12.32483728], [79.72190792, 12.33117623], [79.71597007, 12.33547648], [79.70007755, 12.33330229], [79.69745049, 12.32493216], [79.685549, 12.32376859], [79.68334565, 12.31664572], [79.67370173, 12.31638975], [79.65323848, 12.32985673], [79.6490791, 12.34087185], [79.6403907, 12.34468249], [79.64712196, 12.35886541], [79.66367395, 12.36806192], [79.66008913, 12.37896868], [79.66945711, 12.39380622], [79.69775574, 12.40224847], [79.6987695, 12.41033418], [79.70732385, 12.41512751], [79.70863828, 12.427873], [79.71631928, 12.43147755], [79.71783485, 12.43924667], [79.7340656, 12.42968513], [79.73848767, 12.43897597], [79.7333665, 12.4540844], [79.74946462, 12.45674462], [79.74410437, 12.47251194], [79.74712184, 12.48317288], [79.7274029, 12.49443929], [79.74473724, 12.50313898], [79.75615046, 12.5149556], [79.74392632, 12.53189412], [79.75387822, 12.54247535], [79.75367549, 12.56174295], [79.7686791, 12.55222656], [79.77685962, 12.55189541], [79.78012749, 12.56048419], [79.7927619, 12.56061973], [79.7959019, 12.56819586], [79.81323991, 12.56527203], [79.82133695, 12.5692875], [79.82061691, 12.57890085], [79.81127622, 12.5955448], [79.81527696, 12.60611297], [79.80648081, 12.62886752], [79.82354783, 12.62065489], [79.84360759, 12.62639854], [79.84562733, 12.63091855], [79.86306113, 12.62662205], [79.8736415, 12.63102026], [79.89190345, 12.63201903], [79.89695738, 12.64163225], [79.90914, 12.6401759], [79.92449714, 12.63258071], [79.92851581, 12.63717208], [79.9230596, 12.6509672], [79.92357172, 12.65846082], [79.91698847, 12.68247957], [79.91705024, 12.69624209], [79.93180429, 12.69596399], [79.93110121, 12.70238211], [79.94324092, 12.70269594], [79.95198518, 12.71004729], [79.94133694, 12.73023047], [79.91763516, 12.75276049], [79.90472953, 12.75516032], [79.88249166, 12.76701284], [79.88750955, 12.77678475], [79.90126788, 12.78446342], [79.90945526, 12.79973674], [79.94026114, 12.79059207], [79.95550061, 12.79067929], [79.96373181, 12.80938894], [79.9775866, 12.81475473], [79.98895055, 12.80995642], [80.00610213, 12.81295601], [80.02124087, 12.82154213], [80.03037387, 12.82263029], [80.03190867, 12.83040817], [80.05064229, 12.83904611], [80.05367145, 12.85144258], [80.06134424, 12.8636797], [80.05227417, 12.88306673], [80.07029358, 12.91748394], [80.08416591, 12.92636504], [80.09117372, 12.94679182], [80.09983667, 12.94568079], [80.10416667, 12.95494618], [80.08431831, 12.96336565], [80.08354695, 12.97160476], [80.07115227, 12.96405867], [80.05405273, 12.95834104], [80.04762202, 12.96474764], [80.05290507, 12.98278661], [80.06238193, 12.98195835], [80.06074459, 13.00128688], [80.06309878, 13.00845698], [80.07983575, 13.01622132], [80.08282795, 13.03618042], [80.0885892, 13.04110779], [80.09695663, 13.03586179], [80.10836502, 13.04180178], [80.11908772, 13.0349915], [80.12794286, 13.03420083], [80.13438907, 13.04465218], [80.14564401, 13.03747715], [80.14455541, 13.02432517]]]]}, "geometry_name": "geom", "properties": {"geo_id": "IN-TN-CGL", "district_name": "Chengalpattu", "state_name": "Tamil Nadu", "state_geo_id": "IN-TN", "agro_climatic_zone": "North Eastern Zone"}}, {"type": "Feature", "id": "NowcastWarningDistrict.fid-2bfa195d_1a08a681a2b_60f1", "geometry": {"type": "MultiPolygon", "coordinates": [[[[80.33188193, 13.23544051], [80.32400729, 13.20348479], [80.31277595, 13.1674522], [80.29852059, 13.1377365], [80.29670829, 13.12424953], [80.3020835, 13.11483249], [80.29488842, 13.09307752], [80.30091567, 13.09007396], [80.28749369, 13.06623769], [80.28105939, 13.0396194], [80.27802204, 13.01609825], [80.27209136, 12.9969989], [80.26782691, 12.97508884], [80.24365559, 12.97989519], [80.23387534, 12.97553028], [80.22121344, 12.96508403], [80.21625225, 12.96738493], [80.20415542, 12.9830486], [80.20941391, 13.00841117], [80.19874194, 13.01613624], [80.20000329, 13.0286568], [80.18747842, 13.02318951], [80.15024358, 13.02601968], [80.14455541, 13.02432517], [80.14564401, 13.03747715], [80.13438907, 13.04465218], [80.14058987, 13.04895461], [80.14848805, 13.06441087], [80.15264525, 13.05402002], [80.14571529, 13.0398609], [80.15877943, 13.0416809], [80.1634033, 13.07342558], [80.16136667, 13.08114074], [80.14609741, 13.08818841], [80.14043624, 13.09855211], [80.14577912, 13.13941167], [80.16821953, 13.14219798], [80.18591086, 13.14809293], [80.19267432, 13.1579031], [80.19248381, 13.1731473], [80.20184042, 13.18137089], [80.21592809, 13.17225974], [80.2239582, 13.18426426], [80.22275131, 13.19976208], [80.23182392, 13.19651066], [80.24888146, 13.19864826], [80.24998912, 13.20609245], [80.2704391, 13.20326838], [80.27112953, 13.22531958], [80.27772812, 13.23043255], [80.28389615, 13.22130343], [80.29661394, 13.21358157], [80.31020763, 13.21607675], [80.31767647, 13.22961974], [80.33188193, 13.23544051]]]]}, "geometry_name": "geom", "properties": {"geo_id": "IN-TN-CHE", "district_name": "Chennai", "state_name": "Tamil Nadu", "state_geo_id": "IN-TN", "agro_climatic_zone": "North Eastern Zone"}}, {"type": "Feature", "id": "NowcastWarningDistrict.fid-2bfa195d_1a08a681a2b_60f2", "geometry": {"type": "MultiPolygon", "coordinates": [[[[77.14708257, 11.33621715], [77.15111286, 11.31853797], [77.15056706, 11.30627932], [77.12607097, 11.30731436], [77.11896105, 11.30260021], [77.11962566, 11.28982179], [77.13451412, 11.28295588], [77.14384291, 11.28729499], [77.15127049, 11.27894135], [77.17008368, 11.28327895], [77.16454988, 11.26776185], [77.1594965, 11.24326192], [77.15922075, 11.23148685], [77.14922938, 11.22301231], [77.14516288, 11.20772517], [77.15887422, 11.19738663], [77.16098184, 11.16799603], [77.17345173, 11.16822967], [77.17888899, 11.16124514], [77.17541631, 11.14207545], [77.18085354, 11.13808778], [77.18957567, 11.15046264], [77.19580881, 11.144228], [77.20869323, 11.14056818], [77.21351846, 11.12673952], [77.23156599, 11.12668445], [77.23433018, 11.13858969], [77.24342494, 11.13765083], [77.25354913, 11.12173405], [77.26293534, 11.11364937], [77.2381396, 11.10352517], [77.21565923, 11.0896099], [77.20187405, 11.08696903], [77.19519061, 11.07882506], [77.16838547, 11.06733903], [77.16608735, 11.06023801], [77.17743921, 11.04470972], [77.17896058, 11.03579989], [77.17401551, 11.01206033], [77.16747191, 11.00461178], [77.15413915, 10.99745245], [77.16994256, 10.96871116], [77.1696986, 10.9567912], [77.17900745, 10.92654486], [77.18869375, 10.91845188], [77.19893048, 10.92023084], [77.2109917, 10.90226895], [77.22088422, 10.90089657], [77.23683461, 10.90721542], [77.24807128, 10.90465295], [77.25600128, 10.88874111], [77.25778686, 10.86983337], [77.26675441, 10.85926773], [77.28742779, 10.84824011], [77.29008976, 10.83223858], [77.29511266, 10.82741596], [77.29835372, 10.81149194], [77.29056724, 10.81160523], [77.27819755, 10.8027438], [77.27830436, 10.78402459], [77.25413464, 10.7763911], [77.23009205, 10.7774084], [77.21438573, 10.78556311], [77.21042775, 10.7906359], [77.21410252, 10.80357207], [77.19646301, 10.80272189], [77.16122467, 10.79320736], [77.16024958, 10.77923067], [77.15276008, 10.76567479], [77.14534502, 10.76544017], [77.13414915, 10.7501291], [77.14057118, 10.72330083], [77.14258605, 10.69467803], [77.14126472, 10.68017223], [77.14511667, 10.65993001], [77.15229552, 10.65058605], [77.17287272, 10.64384427], [77.18114393, 10.6438521], [77.17589107, 10.62832543], [77.17066914, 10.59970318], [77.16627725, 10.5905544], [77.15798406, 10.58422213], [77.14394852, 10.58284874], [77.10219808, 10.58599363], [77.09056134, 10.58408017], [77.08099614, 10.57214501], [77.08269707, 10.5638006], [77.07578641, 10.55543221], [77.07308481, 10.54019353], [77.07663614, 10.52999167], [77.07338175, 10.51638466], [77.07858932, 10.51486223], [77.07837681, 10.50283795], [77.06405597, 10.48741461], [77.0594003, 10.47416879], [77.07070282, 10.45827743], [77.06436585, 10.44895505], [77.05630178, 10.44474471], [77.04808066, 10.4310051], [77.04179835, 10.4263835], [77.0443541, 10.41554878], [77.06051245, 10.40483491], [77.07032306, 10.39305674], [77.08672657, 10.37794771], [77.09160004, 10.36484362], [77.08830433, 10.35998823], [77.08235946, 10.3344152], [77.09135884, 10.31391329], [77.07363524, 10.29958144], [77.07260664, 10.29912831], [77.06433326, 10.29576109], [77.06389761, 10.29517939], [77.06177539, 10.29085012], [77.06171792, 10.29083807], [77.04768795, 10.28481784], [77.04598696, 10.28432219], [77.05247597, 10.27174762], [77.05247286, 10.27173644], [77.05213604, 10.2706257], [77.05211305, 10.27057152], [77.05195214, 10.27018357], [77.05194854, 10.27017319], [77.05135504, 10.26907793], [77.05133732, 10.26905204], [77.05127708, 10.26896064], [77.05126783, 10.26894262], [77.05079012, 10.26801735], [77.05078541, 10.26798149], [77.05079004, 10.26797694], [77.05078536, 10.26795889], [77.05078522, 10.26792273], [77.05078973, 10.26790011], [77.05078502, 10.26786398], [77.05078962, 10.26785491], [77.05106526, 10.26700884], [77.0510698, 10.26700429], [77.05123766, 10.26669636], [77.0512376, 10.26668732], [77.05124676, 10.26667831], [77.05124673, 10.2666738], [77.05125126, 10.26666925], [77.05125583, 10.26665566], [77.05059526, 10.2617502], [77.04185083, 10.2546225], [77.04162632, 10.25435202], [77.03998514, 10.25264867], [77.0399817, 10.25264883], [77.03867252, 10.25266653], [77.03863146, 10.25266661], [77.03602049, 10.2525709], [77.03599308, 10.25256646], [77.03483271, 10.25224019], [77.03480539, 10.25223575], [77.03478533, 10.2522325], [77.0347785, 10.25223139], [77.01888162, 10.24655908], [77.01830967, 10.24610887], [77.01422802, 10.24560636], [77.0142269, 10.24560428], [77.01335398, 10.24353392], [77.01334445, 10.24351288], [77.01094131, 10.24002961], [77.01093952, 10.24002916], [77.00717619, 10.23918275], [77.00716662, 10.23918278], [77.00453355, 10.23707204], [77.00453018, 10.23706651], [77.00236312, 10.23435226], [77.00224019, 10.23447931], [77.00102513, 10.23443245], [77.00102609, 10.23442412], [76.99799784, 10.23013271], [76.9979979, 10.23014175], [76.98975873, 10.22530764], [76.98868148, 10.22463899], [76.97346657, 10.22542557], [76.97144591, 10.22938152], [76.95320086, 10.23209377], [76.9385935, 10.2388682], [76.92156043, 10.23218491], [76.90996891, 10.23783669], [76.91001468, 10.23855996], [76.9030047, 10.24029635], [76.9012066, 10.25184406], [76.89909759, 10.25871988], [76.89837646, 10.26035812], [76.89741471, 10.26243538], [76.89707323, 10.26275278], [76.89144183, 10.26305738], [76.88908461, 10.26559041], [76.88247374, 10.27158372], [76.87658862, 10.27427988], [76.87342194, 10.27633587], [76.87311081, 10.27775141], [76.87313546, 10.28007461], [76.87334306, 10.28330489], [76.8736661, 10.28612257], [76.8742036, 10.29016487], [76.87431762, 10.2918053], [76.87430883, 10.2952631], [76.87348942, 10.29777387], [76.87333097, 10.29823989], [76.87268852, 10.29865745], [76.87006813, 10.2985785], [76.86861722, 10.29625325], [76.86842258, 10.29606977], [76.86701553, 10.29564868], [76.86434889, 10.29532126], [76.86320504, 10.29288965], [76.86238636, 10.29203137], [76.86008534, 10.29187926], [76.85971146, 10.29202035], [76.85965182, 10.29207869], [76.85918351, 10.29258675], [76.8583873, 10.29356059], [76.85791729, 10.29363868], [76.85738301, 10.29362377], [76.8559078, 10.29325073], [76.85441722, 10.29229182], [76.85155216, 10.28772505], [76.8524545, 10.28544462], [76.85193268, 10.28491714], [76.85162241, 10.28493157], [76.84920414, 10.28529487], [76.84855947, 10.28540304], [76.84862376, 10.28675633], [76.84862364, 10.28675907], [76.84790136, 10.2877206], [76.84684209, 10.28793618], [76.84306683, 10.2895189], [76.84197312, 10.29193085], [76.84276722, 10.29707714], [76.84070165, 10.29967688], [76.83973454, 10.29993704], [76.83869206, 10.30102451], [76.83807313, 10.30173125], [76.83282289, 10.30319561], [76.83134816, 10.30324228], [76.83017248, 10.30386223], [76.83010833, 10.30516464], [76.82994609, 10.30634429], [76.82981057, 10.30687354], [76.82932851, 10.30757533], [76.83035611, 10.31305547], [76.83131216, 10.31556165], [76.83297118, 10.31807052], [76.83474186, 10.32659073], [76.83517491, 10.32812643], [76.83571627, 10.32911495], [76.83609194, 10.33055861], [76.83580816, 10.33283466], [76.83673178, 10.33512846], [76.83765624, 10.33776577], [76.83630829, 10.34601821], [76.84619643, 10.35784399], [76.84623913, 10.35844971], [76.84878538, 10.36822867], [76.8438928, 10.37753449], [76.83429214, 10.38325004], [76.82365674, 10.3950608], [76.83403436, 10.403342], [76.83043425, 10.41129737], [76.81637856, 10.42351904], [76.82832588, 10.45016552], [76.83103665, 10.5000327], [76.8334524, 10.50772774], [76.83349649, 10.50787908], [76.84187985, 10.53571965], [76.83808276, 10.54335528], [76.83535968, 10.54493988], [76.83421317, 10.57062513], [76.83754191, 10.58185743], [76.83750437, 10.58224671], [76.83836235, 10.59640947], [76.82836268, 10.59716785], [76.82835243, 10.59716175], [76.82401396, 10.59756787], [76.82316031, 10.59785486], [76.81843728, 10.61053641], [76.81816124, 10.61155862], [76.81629556, 10.6143821], [76.81629534, 10.61439211], [76.81054135, 10.62447364], [76.81112058, 10.62476043], [76.81253187, 10.62654146], [76.81341066, 10.62782005], [76.81434463, 10.63553787], [76.82779965, 10.63620799], [76.82839021, 10.63661324], [76.83991005, 10.63433393], [76.84111596, 10.63465418], [76.86801359, 10.63358578], [76.86808745, 10.63363594], [76.88220634, 10.63953171], [76.8838478, 10.64768386], [76.87747718, 10.67673488], [76.86673433, 10.68336596], [76.86673274, 10.68337282], [76.87142798, 10.69924612], [76.88220939, 10.71734154], [76.89294007, 10.72146046], [76.88864039, 10.72831108], [76.8902207, 10.73742888], [76.89073983, 10.73824428], [76.8965665, 10.75244448], [76.90249871, 10.75838825], [76.90721025, 10.78268801], [76.90083928, 10.80018214], [76.90088734, 10.80715064], [76.88898528, 10.80957544], [76.87005956, 10.80832734], [76.86396348, 10.81727428], [76.84817226, 10.81880455], [76.84498551, 10.82532996], [76.85389025, 10.83460624], [76.84841764, 10.84939018], [76.8319412, 10.8601273], [76.83075628, 10.86992823], [76.79179971, 10.88110686], [76.77971554, 10.8906009], [76.76789923, 10.88703306], [76.76005522, 10.89369125], [76.74078742, 10.89097003], [76.72538208, 10.90165942], [76.72513093, 10.9018594], [76.71670554, 10.90651818], [76.71652126, 10.90677006], [76.69521099, 10.91022672], [76.66753372, 10.92421468], [76.6675032, 10.92424145], [76.65909484, 10.93049645], [76.65579714, 10.93900564], [76.6647267, 10.94348394], [76.66677102, 10.96808634], [76.68602442, 10.98934648], [76.68600523, 10.98943737], [76.6859787, 10.98955919], [76.68572849, 10.99017894], [76.69416432, 11.02155715], [76.71026394, 11.03441113], [76.71444334, 11.04089654], [76.73760322, 11.03973873], [76.76659985, 11.02909301], [76.77364919, 11.03353908], [76.79184124, 11.0373607], [76.79258633, 11.03860339], [76.79256801, 11.03861697], [76.79261832, 11.03870291], [76.79265035, 11.03877974], [76.79268232, 11.03882945], [76.79270525, 11.03888373], [76.7936565, 11.04163728], [76.79375996, 11.04179073], [76.79322098, 11.04311929], [76.79373781, 11.04400547], [76.79632701, 11.04627991], [76.79698577, 11.04702594], [76.79733343, 11.04746448], [76.78872061, 11.0454358], [76.78863255, 11.04536509], [76.76894305, 11.04343408], [76.76139876, 11.05082809], [76.76118023, 11.05151698], [76.75972112, 11.05222508], [76.75965925, 11.05223267], [76.74612893, 11.05482356], [76.74114159, 11.06973319], [76.75048106, 11.0789927], [76.74999988, 11.09353356], [76.74891535, 11.09290406], [76.73903378, 11.10375173], [76.74741678, 11.11120253], [76.74547449, 11.13057238], [76.73539761, 11.13639352], [76.73130375, 11.13112428], [76.71970824, 11.14130289], [76.71611355, 11.14914879], [76.70660647, 11.1416364], [76.68955641, 11.15957443], [76.69295556, 11.17236254], [76.70658685, 11.17936396], [76.71004344, 11.18707129], [76.72849848, 11.19110426], [76.72217934, 11.20363043], [76.73141614, 11.21558579], [76.70709041, 11.23837877], [76.70085016, 11.24565532], [76.70022327, 11.25864688], [76.70987707, 11.26130659], [76.73711747, 11.2446329], [76.74303211, 11.25318238], [76.75348749, 11.24805135], [76.7635465, 11.26012473], [76.76982522, 11.27670552], [76.76914132, 11.28955773], [76.78705006, 11.27921277], [76.80548685, 11.29766486], [76.81780823, 11.2899338], [76.8242421, 11.29279639], [76.84273064, 11.28742057], [76.85442673, 11.2960643], [76.85900053, 11.31344471], [76.84823948, 11.33483755], [76.84983258, 11.34262594], [76.85921301, 11.34339571], [76.86246962, 11.35127861], [76.88422265, 11.35169053], [76.89288571, 11.36606446], [76.89898269, 11.36302212], [76.90634733, 11.35042854], [76.91466651, 11.35624048], [76.93716518, 11.35912875], [76.93341173, 11.37643449], [76.94810855, 11.37642112], [76.95746134, 11.38105732], [76.97181917, 11.38610584], [76.97973506, 11.37878147], [76.99221246, 11.37716649], [77.0134728, 11.36877432], [77.02576564, 11.37512526], [77.04542835, 11.40253272], [77.06127066, 11.40415975], [77.07064491, 11.40201932], [77.06933696, 11.39133337], [77.08211938, 11.38794125], [77.09308998, 11.39890876], [77.10999934, 11.40642293], [77.11311195, 11.38094314], [77.1282663, 11.37841704], [77.13228398, 11.35125096], [77.1417333, 11.33670952], [77.14708257, 11.33621715]]]]}, "geometry_name": "geom", "properties": {"geo_id": "IN-TN-COI", "district_name": "Coimbatore", "state_name": "Tamil Nadu", "state_geo_id": "IN-TN", "agro_climatic_zone": "Western Zone"}}, {"type": "Feature", "id": "NowcastWarningDistrict.fid-2bfa195d_1a08a681a2b_60f3", "geometry": {"type": "MultiPolygon", "coordinates": [[[[79.70942091, 11.88440794], [79.70927815, 11.88261355], [79.70826474, 11.8690856], [79.71492965, 11.85887755], [79.71567258, 11.85745802], [79.72112127, 11.8625007], [79.74016646, 11.86447379], [79.74310603, 11.84832272], [79.75392811, 11.85012342], [79.753738, 11.86419856], [79.76426471, 11.87617203], [79.76453119, 11.87545347], [79.77009367, 11.87460596], [79.76826929, 11.8583785], [79.76815933, 11.85794906], [79.76491759, 11.85175988], [79.76430726, 11.85179579], [79.7633803, 11.85184964], [79.76320134, 11.85183149], [79.76375845, 11.84750158], [79.76433231, 11.84686902], [79.7650812, 11.84469521], [79.76526094, 11.84286469], [79.76673507, 11.8400629], [79.77067786, 11.83721236], [79.77128824, 11.83695044], [79.77250477, 11.83661803], [79.78173418, 11.85576651], [79.78228481, 11.85587519], [79.78961345, 11.85533075], [79.79033393, 11.85526318], [79.79337648, 11.85488447], [79.79461093, 11.85477185], [79.7963225, 11.85502549], [79.7992456, 11.85508964], [79.80067269, 11.85527085], [79.80154027, 11.85430834], [79.80217348, 11.85450288], [79.80327531, 11.85272231], [79.80309692, 11.85073347], [79.80691858, 11.8368762], [79.80462982, 11.83351723], [79.79840042, 11.8275536], [79.77765015, 11.83091429], [79.77734761, 11.83050722], [79.77010904, 11.82277463], [79.767816, 11.82270204], [79.76451701, 11.83340856], [79.76447326, 11.8335716], [79.76217184, 11.83442458], [79.76071232, 11.83523756], [79.74240613, 11.84221204], [79.72984028, 11.83652148], [79.73239041, 11.83339722], [79.73572176, 11.80932251], [79.73338185, 11.8094048], [79.72452255, 11.81044289], [79.7228203, 11.79648566], [79.71235842, 11.79150771], [79.71988042, 11.78494698], [79.74102804, 11.78061853], [79.7421151, 11.78011189], [79.75595837, 11.77535454], [79.75759708, 11.78344608], [79.76543412, 11.79132776], [79.76591105, 11.79182515], [79.77022241, 11.78342418], [79.78048592, 11.78110925], [79.78443369, 11.78733921], [79.78799862, 11.78663076], [79.79586439, 11.78572061], [79.78812635, 11.74144832], [79.77299305, 11.68560453], [79.76065125, 11.62437278], [79.75735533, 11.59526505], [79.75703538, 11.55614851], [79.75997029, 11.53852797], [79.77748081, 11.48767726], [79.79767543, 11.46374531], [79.80306251, 11.453798], [79.812879, 11.42268756], [79.80336672, 11.38110094], [79.7915684, 11.37242792], [79.77406593, 11.38054011], [79.76439462, 11.38197388], [79.75692215, 11.37289432], [79.75930841, 11.35262255], [79.73542583, 11.34984097], [79.72450889, 11.34584426], [79.7123907, 11.33660411], [79.6908678, 11.31662556], [79.67589864, 11.30760592], [79.66088527, 11.30507194], [79.65028239, 11.29927793], [79.64260151, 11.28527482], [79.6491215, 11.26185098], [79.64435923, 11.24771012], [79.63361685, 11.24630911], [79.6233177, 11.2550575], [79.61133077, 11.24815261], [79.60856657, 11.22930776], [79.59617803, 11.21737322], [79.56194193, 11.20828154], [79.52672009, 11.18372653], [79.49961744, 11.17551612], [79.47902668, 11.16172727], [79.47267266, 11.1610015], [79.45866232, 11.15055469], [79.46388166, 11.17053713], [79.47235264, 11.17719747], [79.47925135, 11.17659413], [79.4956306, 11.1989814], [79.50182068, 11.20334789], [79.50547045, 11.22240656], [79.51021149, 11.22814012], [79.49512346, 11.24880301], [79.49488784, 11.25851015], [79.50398436, 11.25777375], [79.501166, 11.27268907], [79.50127248, 11.29037651], [79.49750257, 11.29299799], [79.49830327, 11.31388984], [79.48859919, 11.31678638], [79.47355267, 11.31406576], [79.44926455, 11.33358577], [79.43752509, 11.33379613], [79.4307985, 11.34554971], [79.43732348, 11.35728739], [79.40853873, 11.36486262], [79.4053679, 11.35414109], [79.39520329, 11.35351342], [79.38923498, 11.36693846], [79.39197967, 11.38816045], [79.38508053, 11.40920635], [79.3669599, 11.41803379], [79.35319173, 11.41890514], [79.34613166, 11.41581711], [79.33093355, 11.41943096], [79.31273966, 11.41849156], [79.29258655, 11.41232517], [79.29000115, 11.40230325], [79.29638932, 11.38167981], [79.27361697, 11.38033886], [79.27292773, 11.3857718], [79.25861029, 11.3884737], [79.24609677, 11.3707093], [79.23803996, 11.37350579], [79.2362229, 11.39048398], [79.22462346, 11.39188909], [79.21201401, 11.38576357], [79.18970685, 11.3793185], [79.1834666, 11.37511138], [79.16814751, 11.37842076], [79.1469058, 11.38307553], [79.1283931, 11.39419991], [79.10587518, 11.40171575], [79.08769209, 11.39682274], [79.05567578, 11.40277372], [79.03244174, 11.39356833], [79.00635758, 11.39957909], [78.99698965, 11.40755204], [78.9857495, 11.40316719], [78.96208676, 11.40545725], [78.94949055, 11.418058], [78.94167245, 11.43198168], [78.9291656, 11.44330685], [78.91156793, 11.46542157], [78.90887438, 11.47547908], [78.88399533, 11.49782771], [78.87763396, 11.50752298], [78.90494488, 11.50534794], [78.91136771, 11.52331927], [78.91646509, 11.52839478], [78.91526082, 11.53853348], [78.92379984, 11.56707672], [78.9306254, 11.56581907], [78.94289358, 11.57087472], [78.95611856, 11.56928057], [78.97000098, 11.57427137], [78.98102814, 11.56701761], [78.99629687, 11.57582161], [79.00448966, 11.57467958], [79.01540318, 11.58963659], [79.01213802, 11.60265763], [79.01838988, 11.60674622], [79.03346313, 11.59797832], [79.04980805, 11.59561945], [79.05501412, 11.58639994], [79.07141452, 11.59932222], [79.07697401, 11.60799282], [79.065924, 11.61060304], [79.0693374, 11.62092765], [79.06748295, 11.63021595], [79.07821691, 11.62958986], [79.08408967, 11.63431888], [79.09787056, 11.61590614], [79.11463327, 11.611826], [79.11647247, 11.59917898], [79.13358702, 11.59392708], [79.14365443, 11.5876936], [79.15023383, 11.5974612], [79.16071432, 11.59789881], [79.17803847, 11.59084067], [79.18369028, 11.58597613], [79.19253983, 11.59298961], [79.19497655, 11.60338969], [79.20941812, 11.61892171], [79.2099999, 11.63371567], [79.21657193, 11.6381751], [79.22513509, 11.631754], [79.23560677, 11.62932764], [79.24121006, 11.64176477], [79.2526836, 11.6519247], [79.27088674, 11.64372838], [79.27957401, 11.64919183], [79.29146482, 11.64727481], [79.29634703, 11.63636492], [79.3087328, 11.63265736], [79.31160954, 11.64389938], [79.32801957, 11.64920502], [79.33231407, 11.66096238], [79.35984192, 11.6598856], [79.36155148, 11.67269101], [79.37427714, 11.6751234], [79.38497606, 11.68085941], [79.40996895, 11.67275811], [79.41784225, 11.66789824], [79.44427881, 11.66600886], [79.44268743, 11.68620022], [79.43715311, 11.6917565], [79.43451822, 11.70333734], [79.43586148, 11.72393939], [79.42845055, 11.73116365], [79.45692282, 11.73784726], [79.46279106, 11.74322906], [79.46198562, 11.76836401], [79.4537791, 11.76967252], [79.44702952, 11.76388848], [79.43575002, 11.76781428], [79.43543623, 11.7822693], [79.44169029, 11.80833951], [79.45326221, 11.81100362], [79.46720871, 11.80624923], [79.4779402, 11.80620965], [79.48269093, 11.81185351], [79.47877679, 11.8238826], [79.4781712, 11.83718508], [79.47163652, 11.83535209], [79.46745558, 11.84782405], [79.45150077, 11.84908051], [79.45003823, 11.8540393], [79.45507686, 11.87149419], [79.46791281, 11.87177984], [79.48655664, 11.86670219], [79.50995121, 11.85759338], [79.52916059, 11.85709485], [79.54274221, 11.84792382], [79.56502263, 11.83992959], [79.57998544, 11.84362548], [79.5908196, 11.84147575], [79.60233375, 11.83011849], [79.61929761, 11.8224674], [79.6243222, 11.81178678], [79.63462248, 11.80196937], [79.64735406, 11.7993745], [79.66612021, 11.81071806], [79.67480884, 11.80679301], [79.67480843, 11.80679006], [79.67457956, 11.80354367], [79.67741891, 11.79970126], [79.68004735, 11.79705209], [79.6906204, 11.80856701], [79.68572276, 11.81250558], [79.6899821, 11.82762352], [79.70033454, 11.83168465], [79.6942676, 11.84755578], [79.6945962, 11.85970993], [79.68938412, 11.86424012], [79.68982357, 11.88084192], [79.6850599, 11.88098298], [79.68510163, 11.88344186], [79.6853588, 11.88409721], [79.68793389, 11.88650127], [79.68875999, 11.88632482], [79.68959522, 11.88640153], [79.70982161, 11.88928943], [79.70942091, 11.88440794]], [[79.7027802, 11.81357694], [79.70423457, 11.81346815], [79.70200256, 11.82290642], [79.69459238, 11.82303929], [79.6929855, 11.81373733], [79.7027802, 11.81357694]]], [[[79.79056797, 11.89711339], [79.7964922, 11.89988601], [79.79496958, 11.88825497], [79.79491692, 11.88801254], [79.79469166, 11.885457], [79.79483105, 11.88521478], [79.79236451, 11.87684645], [79.79023059, 11.87730506], [79.78818459, 11.87392006], [79.78735907, 11.87332935], [79.78517139, 11.86307105], [79.784958, 11.86282835], [79.78236043, 11.8627859], [79.78136925, 11.86321165], [79.78066713, 11.86274922], [79.7784357, 11.86339851], [79.77842658, 11.86544679], [79.7796654, 11.87791191], [79.77895692, 11.8775901], [79.77694882, 11.87804797], [79.77343946, 11.87516848], [79.77284218, 11.87522067], [79.77300691, 11.87688969], [79.77053222, 11.89088257], [79.77515874, 11.90182721], [79.77656197, 11.90496008], [79.7814953, 11.90276281], [79.79056797, 11.89711339]]]]}, "geometry_name": "geom", "properties": {"geo_id": "IN-TN-CUD", "district_name": "Cuddalore", "state_name": "Tamil Nadu", "state_geo_id": "IN-TN", "agro_climatic_zone": "North Eastern Zone"}}, {"type": "Feature", "id": "NowcastWarningDistrict.fid-2bfa195d_1a08a681a2b_60f4", "geometry": {"type": "MultiPolygon", "coordinates": [[[[78.63288071, 12.17661857], [78.64721889, 12.16406643], [78.63971621, 12.14732051], [78.63046426, 12.1351124], [78.6313508, 12.12786246], [78.64667478, 12.12935367], [78.65722571, 12.1250228], [78.66443632, 12.11544426], [78.66551868, 12.10251728], [78.68411199, 12.10591336], [78.69055805, 12.1146039], [78.72910035, 12.12778651], [78.73805081, 12.13370432], [78.74521728, 12.12392039], [78.73408338, 12.11335271], [78.7227341, 12.08811757], [78.71987054, 12.06718222], [78.70962362, 12.04725699], [78.70401209, 12.03006461], [78.70376549, 12.01815466], [78.69771672, 11.99251068], [78.70289383, 11.98614538], [78.71711207, 11.98412738], [78.70455696, 11.9390742], [78.71870541, 11.92814092], [78.72386178, 11.91966887], [78.71131892, 11.90898744], [78.70824072, 11.89793699], [78.69472352, 11.89446444], [78.68987902, 11.90400718], [78.66044427, 11.89509377], [78.65019974, 11.88449984], [78.63455459, 11.88833786], [78.63607817, 11.87839842], [78.62682175, 11.8692228], [78.6116145, 11.85462258], [78.59557602, 11.82262847], [78.57430052, 11.81942482], [78.54677467, 11.8069517], [78.53493736, 11.80724621], [78.52182593, 11.81531423], [78.51773457, 11.81222088], [78.49882255, 11.8139563], [78.49082813, 11.81770764], [78.47751691, 11.81788804], [78.46882469, 11.82373589], [78.45538152, 11.82635222], [78.44067395, 11.83965348], [78.43307026, 11.86223235], [78.44148322, 11.86834623], [78.41437683, 11.88014329], [78.40290299, 11.8730615], [78.38734518, 11.84631753], [78.38319222, 11.830362], [78.3512423, 11.79285332], [78.34501652, 11.79348541], [78.32828345, 11.77598127], [78.31592701, 11.78484692], [78.3288986, 11.79769545], [78.35077894, 11.83391749], [78.35153836, 11.85428922], [78.36755678, 11.88056518], [78.36574791, 11.89183785], [78.35468265, 11.89166523], [78.36002805, 11.90895011], [78.35426296, 11.91228533], [78.34000922, 11.89721852], [78.32806309, 11.89406611], [78.32270476, 11.90521132], [78.33124826, 11.91894917], [78.32913083, 11.92661913], [78.31953622, 11.93238016], [78.30990358, 11.92413797], [78.30230751, 11.92274825], [78.2908405, 11.91243028], [78.29265075, 11.90677182], [78.28007294, 11.89956721], [78.27232885, 11.90305827], [78.27998917, 11.91493962], [78.28058401, 11.93241856], [78.27502569, 11.93144016], [78.26426738, 11.91824663], [78.25955226, 11.92103798], [78.27188424, 11.93580521], [78.2570007, 11.94021958], [78.25320846, 11.95116522], [78.23486558, 11.9792601], [78.17905664, 11.97284321], [78.16907544, 11.96753822], [78.14485916, 11.96825007], [78.12904397, 11.9644988], [78.12249776, 11.95944087], [78.09554712, 11.95285311], [78.0733093, 11.93763062], [78.06682295, 11.93878176], [78.03904338, 11.93633776], [78.03004928, 11.9290711], [78.02712396, 11.92065837], [78.01012266, 11.92063795], [77.9984309, 11.90975022], [77.97922444, 11.90198314], [77.97034589, 11.8955587], [77.95536247, 11.9009779], [77.94702628, 11.8951764], [77.93236833, 11.90112308], [77.91715331, 11.89828684], [77.9002225, 11.90219831], [77.88265785, 11.91225587], [77.865914, 11.91533346], [77.85075919, 11.90562781], [77.84774072, 11.89429592], [77.8361051, 11.90085724], [77.80741754, 11.90907752], [77.78043792, 11.91134268], [77.76266677, 11.90990744], [77.75787111, 11.91870576], [77.74012852, 11.9320061], [77.73900678, 11.93919781], [77.69022179, 11.94208692], [77.67566989, 11.95201161], [77.67402065, 11.96253303], [77.69636919, 12.01576748], [77.72663937, 12.06113416], [77.75568705, 12.0797337], [77.76775454, 12.10663673], [77.77556287, 12.11844128], [77.75721163, 12.13043862], [77.74723051, 12.14312638], [77.74671724, 12.15584934], [77.76102718, 12.16931666], [77.77244727, 12.17196104], [77.7768359, 12.1574042], [77.79433286, 12.14827105], [77.79476714, 12.16878693], [77.80326441, 12.17564167], [77.80930819, 12.20127554], [77.8106017, 12.22676791], [77.81451955, 12.23420864], [77.83351437, 12.24649301], [77.84438068, 12.2615], [77.85377901, 12.26193047], [77.86281473, 12.2570226], [77.8677317, 12.26575527], [77.87345286, 12.28717961], [77.87500603, 12.30324776], [77.86721343, 12.33024447], [77.87702335, 12.33433073], [77.89477717, 12.3335214], [77.90931228, 12.32675862], [77.92674818, 12.32509748], [77.94853114, 12.33657344], [77.94983069, 12.34866817], [77.95461718, 12.35130194], [77.94947888, 12.37509112], [77.96783497, 12.39429506], [77.97037067, 12.41419947], [77.96190101, 12.43156719], [77.94512906, 12.4494475], [77.930429, 12.44175783], [77.92379965, 12.45605514], [77.92593045, 12.46372929], [77.93450925, 12.46943629], [77.92138122, 12.49103411], [77.90679978, 12.48989235], [77.90031022, 12.50021153], [77.90891803, 12.51266207], [77.92147064, 12.5041588], [77.94240765, 12.51367803], [77.95341291, 12.48595172], [77.9658276, 12.48618316], [77.96831913, 12.49527609], [77.9786189, 12.49693591], [77.98306173, 12.50715276], [77.99014206, 12.50903926], [77.9956583, 12.50002525], [78.01184421, 12.50276367], [78.01303045, 12.48385867], [78.02393697, 12.47105874], [78.02706912, 12.45966112], [78.03898955, 12.46211512], [78.04146482, 12.47311718], [78.04911756, 12.4756371], [78.05962982, 12.46726947], [78.07069602, 12.46664845], [78.07898519, 12.46150663], [78.07959932, 12.44903671], [78.09922395, 12.44614708], [78.10872474, 12.45534579], [78.11662154, 12.45527852], [78.12183735, 12.44488328], [78.1407572, 12.43172156], [78.13734918, 12.41733521], [78.12777519, 12.40226164], [78.13608849, 12.37990207], [78.14275954, 12.37072662], [78.16672632, 12.36288271], [78.16364452, 12.35089652], [78.17809562, 12.33430217], [78.2051754, 12.32913005], [78.2159799, 12.33408969], [78.22711016, 12.34891553], [78.23623542, 12.34788623], [78.24612474, 12.32813056], [78.22989385, 12.31813005], [78.23556194, 12.30714018], [78.26303445, 12.28918406], [78.25959661, 12.27874163], [78.26751769, 12.26344988], [78.27755608, 12.26062899], [78.28101421, 12.26712983], [78.30273247, 12.27378563], [78.307634, 12.26593602], [78.32345905, 12.25910584], [78.33427668, 12.26352375], [78.35317195, 12.24667708], [78.35873346, 12.23566268], [78.35493867, 12.22612096], [78.37476234, 12.22491535], [78.38577241, 12.22834595], [78.40411607, 12.22305234], [78.39194744, 12.20452159], [78.37911408, 12.205498], [78.37547969, 12.19996568], [78.39031566, 12.18611213], [78.39957824, 12.18787448], [78.41220041, 12.19642491], [78.42123711, 12.18971181], [78.44640184, 12.19106749], [78.44752151, 12.18531795], [78.46469345, 12.17833007], [78.47189552, 12.17279101], [78.46692163, 12.14904506], [78.49726897, 12.13923047], [78.50845757, 12.14557567], [78.50828273, 12.15624248], [78.51382964, 12.16219765], [78.52098465, 12.17940325], [78.55464732, 12.18048139], [78.56637868, 12.19186096], [78.57445556, 12.19353508], [78.5800569, 12.16756492], [78.5843438, 12.16444698], [78.59820366, 12.16933501], [78.61174174, 12.18229935], [78.62106843, 12.18421629], [78.63288071, 12.17661857]]]]}, "geometry_name": "geom", "properties": {"geo_id": "IN-TN-DHA", "district_name": "Dharmapuri", "state_name": "Tamil Nadu", "state_geo_id": "IN-TN", "agro_climatic_zone": "North Western Zone"}}, {"type": "Feature", "id": "NowcastWarningDistrict.fid-2bfa195d_1a08a681a2b_60f5", "geometry": {"type": "MultiPolygon", "coordinates": [[[[79.71783485, 12.43924667], [79.72064713, 12.44602098], [79.7333665, 12.4540844], [79.73848767, 12.43897597], [79.7340656, 12.42968513], [79.71783485, 12.43924667]]], [[[80.26782691, 12.97508884], [80.25922972, 12.93352783], [80.24912216, 12.85669733], [80.23618558, 12.85809622], [80.23266922, 12.85215153], [80.2200163, 12.85250772], [80.21288023, 12.86085323], [80.20893026, 12.87284749], [80.21648221, 12.89020938], [80.21737933, 12.91055921], [80.19882753, 12.91110442], [80.20139543, 12.92388215], [80.19917525, 12.93345883], [80.18937056, 12.94114944], [80.19823183, 12.94554807], [80.20233132, 12.95368418], [80.19563313, 12.96021155], [80.19588024, 12.9685374], [80.18602428, 12.96820704], [80.18069865, 12.97824141], [80.16956459, 12.97990174], [80.1606809, 12.99798095], [80.15819048, 13.01542233], [80.14484222, 13.01700103], [80.14455541, 13.02432517], [80.15024358, 13.02601968], [80.18747842, 13.02318951], [80.20000329, 13.0286568], [80.19874194, 13.01613624], [80.20941391, 13.00841117], [80.20415542, 12.9830486], [80.21625225, 12.96738493], [80.22121344, 12.96508403], [80.23387534, 12.97553028], [80.24365559, 12.97989519], [80.26782691, 12.97508884]]], [[[80.07983575, 13.01622132], [80.06309878, 13.00845698], [80.06074459, 13.00128688], [80.06238193, 12.98195835], [80.05290507, 12.98278661], [80.04762202, 12.96474764], [80.05405273, 12.95834104], [80.07115227, 12.96405867], [80.08354695, 12.97160476], [80.08431831, 12.96336565], [80.10416667, 12.95494618], [80.09983667, 12.94568079], [80.09117372, 12.94679182], [80.08416591, 12.92636504], [80.07029358, 12.91748394], [80.05227417, 12.88306673], [80.06134424, 12.8636797], [80.05367145, 12.85144258], [80.05064229, 12.83904611], [80.03190867, 12.83040817], [80.03037387, 12.82263029], [80.02124087, 12.82154213], [80.00610213, 12.81295601], [79.98895055, 12.80995642], [79.9775866, 12.81475473], [79.96373181, 12.80938894], [79.95550061, 12.79067929], [79.94026114, 12.79059207], [79.90945526, 12.79973674], [79.90126788, 12.78446342], [79.88750955, 12.77678475], [79.88249166, 12.76701284], [79.90472953, 12.75516032], [79.91763516, 12.75276049], [79.94133694, 12.73023047], [79.95198518, 12.71004729], [79.94324092, 12.70269594], [79.93110121, 12.70238211], [79.93180429, 12.69596399], [79.91705024, 12.69624209], [79.91698847, 12.68247957], [79.92357172, 12.65846082], [79.9230596, 12.6509672], [79.92851581, 12.63717208], [79.92449714, 12.63258071], [79.90914, 12.6401759], [79.89695738, 12.64163225], [79.89190345, 12.63201903], [79.8736415, 12.63102026], [79.86306113, 12.62662205], [79.84562733, 12.63091855], [79.84360759, 12.62639854], [79.82354783, 12.62065489], [79.80648081, 12.62886752], [79.81527696, 12.60611297], [79.81127622, 12.5955448], [79.82061691, 12.57890085], [79.82133695, 12.5692875], [79.81323991, 12.56527203], [79.7959019, 12.56819586], [79.7927619, 12.56061973], [79.78012749, 12.56048419], [79.77685962, 12.55189541], [79.7686791, 12.55222656], [79.75367549, 12.56174295], [79.75387822, 12.54247535], [79.74392632, 12.53189412], [79.72111773, 12.54747318], [79.7146311, 12.54959059], [79.71921872, 12.56459475], [79.70565148, 12.569453], [79.7066193, 12.57509341], [79.72461483, 12.58739042], [79.7102416, 12.59347415], [79.69723331, 12.5952946], [79.69082448, 12.60112656], [79.66580827, 12.59339762], [79.6540888, 12.60297623], [79.64716759, 12.60239831], [79.64373982, 12.6131916], [79.64497837, 12.62538579], [79.63031575, 12.63101775], [79.6431114, 12.65738557], [79.64657802, 12.67038857], [79.65946647, 12.6708576], [79.67101937, 12.66651726], [79.68249008, 12.66798413], [79.72151958, 12.68388311], [79.74368993, 12.69695475], [79.73769437, 12.70359662], [79.73646257, 12.71928949], [79.72688798, 12.72344226], [79.72335506, 12.73152922], [79.74106369, 12.73446035], [79.74482946, 12.74386416], [79.73111335, 12.75598194], [79.71201402, 12.75724044], [79.70725541, 12.76555806], [79.70829932, 12.7762152], [79.69794286, 12.77590611], [79.68981689, 12.7833113], [79.6732584, 12.79088037], [79.66965053, 12.77735808], [79.65951029, 12.7763876], [79.65453131, 12.76416685], [79.64619268, 12.77248813], [79.65019504, 12.78248999], [79.6406674, 12.78611533], [79.64292, 12.80258038], [79.63917153, 12.81362204], [79.62823789, 12.8212017], [79.60796734, 12.82941294], [79.60315907, 12.82729269], [79.58537449, 12.83475216], [79.57924693, 12.84277799], [79.55962176, 12.85355273], [79.56713782, 12.85944826], [79.55875969, 12.87224575], [79.55701004, 12.88490023], [79.5641366, 12.88597789], [79.56827477, 12.89956944], [79.57770559, 12.89979302], [79.61978213, 12.9134928], [79.63764076, 12.92441689], [79.64117938, 12.92311054], [79.66225985, 12.92997881], [79.6588847, 12.95058408], [79.6832085, 12.96154959], [79.69891727, 12.9751093], [79.73409905, 12.98679], [79.74528399, 12.99583801], [79.74758887, 13.00290183], [79.78059321, 13.02253421], [79.78988965, 13.0245715], [79.79674292, 13.02754316], [79.80105232, 13.01494843], [79.81062485, 13.01819172], [79.82298919, 13.02811167], [79.83020869, 12.99630924], [79.81299723, 12.98946164], [79.82155848, 12.97829131], [79.82235852, 12.96654949], [79.83235571, 12.9582264], [79.84848942, 12.95612284], [79.85246259, 12.94865235], [79.89072312, 12.94510132], [79.89615216, 12.95903056], [79.9095262, 12.96689811], [79.91404399, 12.97892426], [79.88920857, 12.99223198], [79.8995143, 12.99553979], [79.90841501, 13.00420277], [79.92454914, 12.99111666], [79.93581347, 12.99247042], [79.94183653, 13.00857197], [79.92004151, 13.01950005], [79.90041004, 13.01698481], [79.89709226, 13.03178226], [79.90067998, 13.04946261], [79.9179991, 13.047201], [79.91748102, 13.03562187], [79.93677177, 13.03259484], [79.95562663, 13.03776948], [79.96882876, 13.03747609], [79.96987, 13.04900978], [79.97887324, 13.04916018], [79.98020813, 13.03250497], [79.98742579, 13.03033725], [79.99455508, 13.04674488], [80.00617056, 13.04249125], [80.02378088, 13.04035235], [80.02245582, 13.02390053], [80.02734807, 13.0200066], [80.04396031, 13.01985452], [80.06070853, 13.02774179], [80.06234304, 13.03451711], [80.07105454, 13.03741633], [80.07983575, 13.01622132]]]]}, "geometry_name": "geom", "properties": {"geo_id": "IN-TN-KAN", "district_name": "Kancheepuram", "state_name": "Tamil Nadu", "state_geo_id": "IN-TN", "agro_climatic_zone": "North Eastern Zone"}}, {"type": "Feature", "id": "NowcastWarningDistrict.fid-2bfa195d_1a08a681a2b_60f6", "geometry": {"type": "MultiPolygon", "coordinates": [[[[78.15158257, 10.7043368], [78.15072908, 10.70248019], [78.14507043, 10.67670594], [78.1485018, 10.66048677], [78.14553537, 10.64958837], [78.16306526, 10.64885033], [78.1601763, 10.63963353], [78.16208922, 10.62081959], [78.1653921, 10.61374042], [78.14486195, 10.60552836], [78.13616662, 10.59677716], [78.13511106, 10.57850579], [78.1391678, 10.56263018], [78.16096429, 10.56249338], [78.17004102, 10.554202], [78.17999192, 10.55976983], [78.20001737, 10.5466887], [78.19010717, 10.53845454], [78.18606173, 10.52329381], [78.17661438, 10.51742781], [78.17336478, 10.50372687], [78.19172595, 10.50090979], [78.20261198, 10.4865146], [78.20653699, 10.47399674], [78.21328273, 10.47366966], [78.22395857, 10.46569731], [78.23403056, 10.47027795], [78.24637031, 10.46794581], [78.25219502, 10.46271237], [78.27739907, 10.45408769], [78.29639858, 10.45040924], [78.31509328, 10.43946082], [78.30718284, 10.42387262], [78.30325076, 10.40741281], [78.2878275, 10.40211524], [78.28804884, 10.39493687], [78.27720374, 10.38318938], [78.27933947, 10.37263943], [78.30479416, 10.35216898], [78.31783845, 10.34872277], [78.32399017, 10.33721944], [78.33780169, 10.32549565], [78.33324973, 10.30036572], [78.32883293, 10.28925374], [78.33031083, 10.26785864], [78.32769171, 10.26362253], [78.32974812, 10.24850888], [78.32265299, 10.23894228], [78.32868815, 10.22835182], [78.32019331, 10.21409722], [78.30798284, 10.20803265], [78.30384774, 10.2109112], [78.29142346, 10.20394647], [78.28233292, 10.1906581], [78.27199512, 10.18372942], [78.26966144, 10.16357627], [78.28136841, 10.16690264], [78.28425776, 10.14858198], [78.28083281, 10.12958125], [78.26894683, 10.10699747], [78.2612844, 10.102429], [78.26452775, 10.09361884], [78.26037914, 10.08592457], [78.24409417, 10.08454059], [78.23640561, 10.07769446], [78.21258908, 10.07526455], [78.17859449, 10.09257549], [78.17021449, 10.0924454], [78.16918918, 10.10216469], [78.15630223, 10.10726042], [78.16541414, 10.12418897], [78.16346287, 10.13830218], [78.15904683, 10.14356893], [78.16122413, 10.1545445], [78.15286584, 10.16220741], [78.1514382, 10.17115349], [78.14310218, 10.18236918], [78.12003579, 10.1893668], [78.09678191, 10.19031887], [78.08771568, 10.18510111], [78.07075413, 10.18810449], [78.06000876, 10.18461246], [78.0200318, 10.18452424], [78.01274977, 10.17069797], [78.01356925, 10.16319425], [78.00243166, 10.16291878], [77.98603252, 10.14285742], [77.98355758, 10.13619494], [77.97270685, 10.13116227], [77.96434994, 10.13623647], [77.93355489, 10.1136175], [77.91893302, 10.07178644], [77.909455, 10.07580617], [77.89248163, 10.07829339], [77.8839241, 10.07459571], [77.8748425, 10.06159464], [77.86063758, 10.07513297], [77.83551739, 10.07405439], [77.82286991, 10.06554015], [77.80442784, 10.06716821], [77.7886812, 10.05385114], [77.78054947, 10.05093752], [77.76355268, 10.05591347], [77.74227096, 10.03613611], [77.71723113, 10.01805225], [77.71255372, 10.0258604], [77.70641335, 10.03888087], [77.71004644, 10.04987399], [77.70819301, 10.08229558], [77.69807624, 10.08675489], [77.70253635, 10.10273856], [77.69326364, 10.11154184], [77.67633475, 10.1177918], [77.67439881, 10.14047148], [77.67637939, 10.14463007], [77.69211108, 10.14536446], [77.69849181, 10.13436038], [77.70786613, 10.12890209], [77.71867909, 10.13018779], [77.72426509, 10.13610366], [77.72463516, 10.15390077], [77.72928145, 10.15906635], [77.7158379, 10.17004118], [77.70527812, 10.18417021], [77.69663998, 10.20619125], [77.67068233, 10.19561738], [77.66776122, 10.18998066], [77.65289475, 10.19471487], [77.64884295, 10.20097593], [77.62557442, 10.21100265], [77.6206137, 10.21828953], [77.59598568, 10.20575688], [77.60300474, 10.19996233], [77.59164786, 10.19139473], [77.58701601, 10.19277298], [77.56739631, 10.18265722], [77.56882706, 10.19311794], [77.55566465, 10.20207921], [77.54808802, 10.20248269], [77.54805298, 10.20218132], [77.54927353, 10.19408539], [77.53580301, 10.17895616], [77.5118039, 10.16089785], [77.50001386, 10.16096554], [77.48865535, 10.14839394], [77.47695224, 10.14796803], [77.46804463, 10.14225203], [77.46228383, 10.13011141], [77.44478406, 10.13627205], [77.43818163, 10.13240823], [77.41116466, 10.14543524], [77.40874755, 10.15844994], [77.3983629, 10.16008698], [77.38394926, 10.14603769], [77.37508436, 10.1425342], [77.36032421, 10.15103202], [77.34146892, 10.13602211], [77.32899893, 10.14233993], [77.32372284, 10.12756604], [77.31301353, 10.13538894], [77.30248338, 10.13600126], [77.28680971, 10.12715946], [77.28303963, 10.11777382], [77.26658266, 10.12169488], [77.26724747, 10.12514583], [77.2679958, 10.12640793], [77.27416973, 10.13483556], [77.27411789, 10.135595], [77.27422757, 10.13582798], [77.27422569, 10.13591454], [77.27179789, 10.14199445], [77.2735471, 10.16789405], [77.27418788, 10.16963074], [77.27611302, 10.1868649], [77.27647644, 10.18760473], [77.28312972, 10.19684364], [77.28979065, 10.21473249], [77.29495563, 10.21789837], [77.28808856, 10.23186319], [77.28808816, 10.23186338], [77.29420845, 10.24723471], [77.31053851, 10.24633015], [77.32855272, 10.2710492], [77.3480979, 10.26339872], [77.35129611, 10.27621003], [77.3474194, 10.29012818], [77.33828827, 10.30408171], [77.32990189, 10.30963152], [77.32654467, 10.32112194], [77.33486501, 10.33210801], [77.32996963, 10.34113905], [77.33664222, 10.35413636], [77.31567256, 10.35565607], [77.31474193, 10.37335339], [77.3167308, 10.40366331], [77.32289995, 10.42668703], [77.31997586, 10.4339553], [77.32321078, 10.44910836], [77.33558613, 10.45507741], [77.34451079, 10.44832055], [77.35714759, 10.44484562], [77.37130912, 10.4493533], [77.38493213, 10.44883365], [77.38406452, 10.47297717], [77.37854246, 10.49392019], [77.40106982, 10.49867967], [77.40536522, 10.5235792], [77.37802127, 10.525917], [77.36908113, 10.53926097], [77.36866488, 10.55032689], [77.37760504, 10.5610676], [77.38444426, 10.59018794], [77.40168437, 10.6133633], [77.41231744, 10.6170511], [77.41774223, 10.62556231], [77.43440812, 10.63154051], [77.44758203, 10.63074247], [77.45296006, 10.63934467], [77.48250887, 10.65000359], [77.50464942, 10.64255979], [77.50447961, 10.6332478], [77.51613525, 10.61295135], [77.51474895, 10.60559173], [77.54283912, 10.60976425], [77.55306577, 10.64246277], [77.56427842, 10.64913747], [77.58600721, 10.68346897], [77.59494309, 10.67645012], [77.61693075, 10.67385276], [77.63678806, 10.66874062], [77.65569505, 10.6733551], [77.65850733, 10.692494], [77.66469826, 10.71627492], [77.67291763, 10.72401736], [77.69547299, 10.73530542], [77.70044143, 10.73345101], [77.70627453, 10.71596506], [77.70744217, 10.68721996], [77.70626526, 10.67784496], [77.69847427, 10.66242782], [77.71087382, 10.64882772], [77.71410734, 10.64152659], [77.72305914, 10.64076472], [77.72815111, 10.63017653], [77.74341579, 10.63694303], [77.75437514, 10.65107843], [77.75354096, 10.6678983], [77.78251462, 10.6844624], [77.79414149, 10.68473258], [77.80803179, 10.68077187], [77.81495171, 10.6785223], [77.81447365, 10.65003042], [77.83068115, 10.63282901], [77.84002089, 10.63688522], [77.87248366, 10.63443339], [77.88193822, 10.64903429], [77.89591259, 10.64551265], [77.9087134, 10.65583188], [77.9139726, 10.64824171], [77.9319409, 10.6467477], [77.93466398, 10.64379088], [77.95970057, 10.63957733], [77.97946566, 10.6433554], [77.9731947, 10.65452249], [77.96985004, 10.67249638], [77.97489176, 10.67502633], [77.99084511, 10.67150435], [78.00554605, 10.67546445], [78.00888289, 10.70786297], [78.01516765, 10.71963638], [78.01059217, 10.73110274], [77.99866401, 10.72987942], [77.99817062, 10.74277385], [77.9668489, 10.74393653], [77.94927217, 10.74256213], [77.93130631, 10.7366212], [77.93245309, 10.75143275], [77.93935236, 10.76570453], [77.94607303, 10.76772835], [77.98327856, 10.75946443], [77.99492755, 10.76173866], [77.99890952, 10.77416849], [78.04055621, 10.77520116], [78.06662098, 10.76896522], [78.06994774, 10.77571928], [78.09806027, 10.76693166], [78.10006133, 10.7791729], [78.09641642, 10.78886854], [78.10506503, 10.80503407], [78.14131778, 10.8028248], [78.14912701, 10.80386865], [78.15230615, 10.82644289], [78.158571, 10.83278441], [78.17520611, 10.832656], [78.18047025, 10.81101652], [78.16988855, 10.7989849], [78.16872023, 10.77835428], [78.15163727, 10.74051024], [78.15466645, 10.72005097], [78.15158257, 10.7043368]]]]}, "geometry_name": "geom", "properties": {"geo_id": "IN-TN-DIN", "district_name": "Dindigul", "state_name": "Tamil Nadu", "state_geo_id": "IN-TN", "agro_climatic_zone": "Southern Zone"}}, {"type": "Feature", "id": "NowcastWarningDistrict.fid-2bfa195d_1a08a681a2b_60f7", "geometry": {"type": "MultiPolygon", "coordinates": [[[[78.87763396, 11.50752298], [78.88399533, 11.49782771], [78.90887438, 11.47547908], [78.91156793, 11.46542157], [78.9291656, 11.44330685], [78.94167245, 11.43198168], [78.94949055, 11.418058], [78.96208676, 11.40545725], [78.9857495, 11.40316719], [78.99698965, 11.40755204], [79.00635758, 11.39957909], [79.03244174, 11.39356833], [79.05567578, 11.40277372], [79.08769209, 11.39682274], [79.10587518, 11.40171575], [79.1283931, 11.39419991], [79.1469058, 11.38307553], [79.16814751, 11.37842076], [79.16350191, 11.37039521], [79.15285095, 11.36654945], [79.15064236, 11.3577941], [79.15935421, 11.34936334], [79.15746145, 11.33842026], [79.14071053, 11.33240034], [79.13077571, 11.33238691], [79.12496382, 11.31075785], [79.14091136, 11.30930684], [79.14257817, 11.30231868], [79.13662884, 11.29300277], [79.13010263, 11.29757715], [79.11409192, 11.29373452], [79.10958628, 11.28287222], [79.10897821, 11.27022926], [79.12196553, 11.26410968], [79.122174, 11.24872913], [79.10944464, 11.24438451], [79.11116731, 11.2306026], [79.09891001, 11.23066482], [79.09344709, 11.19984999], [79.08548013, 11.20476678], [79.06592611, 11.20436085], [79.06723444, 11.18885685], [79.07577026, 11.18926515], [79.07816857, 11.17989994], [79.0729837, 11.17018058], [79.07075305, 11.1544588], [79.0606507, 11.15333554], [79.06056666, 11.14127111], [79.05506766, 11.1298698], [79.06539904, 11.12686633], [79.0691422, 11.10972198], [79.05435643, 11.08497479], [79.04387587, 11.08625111], [79.03172634, 11.08343575], [79.02441439, 11.06766667], [79.00644742, 11.05885429], [79.00170586, 11.06061512], [78.99833222, 11.07621381], [78.98473687, 11.07885402], [78.9841637, 11.08881678], [78.97395517, 11.09428049], [78.93933323, 11.09481337], [78.92706254, 11.08972114], [78.91661506, 11.09615932], [78.89612563, 11.10005739], [78.87320563, 11.09672164], [78.87058826, 11.08500512], [78.8621306, 11.09013513], [78.84790679, 11.08938349], [78.84003243, 11.07643654], [78.80725154, 11.07893438], [78.80602212, 11.09030697], [78.81093671, 11.11173855], [78.77939173, 11.11492069], [78.76062874, 11.12011194], [78.74881279, 11.11595737], [78.73528723, 11.10555225], [78.73776208, 11.08949106], [78.74548938, 11.08306955], [78.74274983, 11.07547659], [78.7202339, 11.07397875], [78.71765214, 11.05562735], [78.70103509, 11.06857301], [78.70032029, 11.08445725], [78.69431552, 11.10396332], [78.68704954, 11.11422111], [78.68817619, 11.12588529], [78.68096949, 11.13033672], [78.68089876, 11.14542972], [78.67382487, 11.16501685], [78.6593454, 11.16321946], [78.66234487, 11.17378289], [78.67294883, 11.18570141], [78.67477212, 11.19409516], [78.68531594, 11.19575239], [78.69853665, 11.19082725], [78.71277637, 11.21379084], [78.70884254, 11.22767336], [78.713443, 11.24001224], [78.71007076, 11.24895405], [78.71659406, 11.2584401], [78.7260738, 11.26099568], [78.72869694, 11.27246702], [78.73779236, 11.27444376], [78.75121105, 11.28479299], [78.73887119, 11.2940654], [78.73312929, 11.32336253], [78.70570946, 11.32521885], [78.6868739, 11.32433298], [78.67535962, 11.32703794], [78.66585441, 11.3172666], [78.65626962, 11.33382939], [78.63972973, 11.32855977], [78.64079718, 11.3365333], [78.65711811, 11.34673435], [78.65964767, 11.35794861], [78.67209846, 11.35997673], [78.67392731, 11.367611], [78.68910669, 11.38169321], [78.66318573, 11.37378685], [78.65881599, 11.37963634], [78.65668757, 11.40063256], [78.65078254, 11.40747647], [78.65133333, 11.42241998], [78.6757506, 11.42818504], [78.68835223, 11.43549645], [78.68855078, 11.4431535], [78.69967001, 11.45573966], [78.70824389, 11.45700319], [78.74134855, 11.44964751], [78.74323395, 11.44329153], [78.75604169, 11.43712261], [78.76030675, 11.42828758], [78.77254994, 11.41535583], [78.77323531, 11.40828661], [78.78918166, 11.38650054], [78.79904548, 11.38493048], [78.81274931, 11.41662919], [78.82235062, 11.4259066], [78.81933734, 11.43955674], [78.78951719, 11.45376912], [78.79623268, 11.46094007], [78.79843524, 11.48188237], [78.80973629, 11.48193963], [78.81197769, 11.49875496], [78.8102659, 11.50792098], [78.82209012, 11.50962773], [78.83385571, 11.50662857], [78.83522475, 11.51465196], [78.84304726, 11.52301982], [78.8567333, 11.52347786], [78.87074964, 11.51765233], [78.87763396, 11.50752298]]]]}, "geometry_name": "geom", "properties": {"geo_id": "IN-TN-PER", "district_name": "Perambalur", "state_name": "Tamil Nadu", "state_geo_id": "IN-TN", "agro_climatic_zone": "Cauvery Delta Zone"}}, {"type": "Feature", "id": "NowcastWarningDistrict.fid-2bfa195d_1a08a681a2b_60f8", "geometry": {"type": "MultiPolygon", "coordinates": [[[[77.42724111, 11.76087037], [77.42536281, 11.75135715], [77.41540414, 11.73957548], [77.41942536, 11.72883012], [77.43505392, 11.73150239], [77.43526237, 11.71695307], [77.44318323, 11.71658713], [77.43561569, 11.70276568], [77.44208467, 11.68080066], [77.44173588, 11.67177126], [77.45402602, 11.66607528], [77.45085207, 11.65735448], [77.4387568, 11.64760772], [77.4450179, 11.61838755], [77.4586244, 11.60663732], [77.44970709, 11.59542534], [77.4518401, 11.58060755], [77.44470634, 11.56137435], [77.48559474, 11.54981914], [77.49328704, 11.55878484], [77.50396794, 11.56450745], [77.51631275, 11.57933589], [77.51225054, 11.59135246], [77.5279464, 11.58595659], [77.53548637, 11.60175927], [77.53727952, 11.619235], [77.55662733, 11.64517908], [77.56430451, 11.66087176], [77.58180709, 11.67594843], [77.59846598, 11.67184241], [77.61066007, 11.65224813], [77.61912368, 11.65689208], [77.62275114, 11.66487385], [77.63433505, 11.66396145], [77.64033208, 11.68317838], [77.65083502, 11.70430227], [77.66329406, 11.72068575], [77.68626453, 11.74247611], [77.70571919, 11.77619589], [77.70983192, 11.79759643], [77.72218178, 11.79508419], [77.71524356, 11.77556433], [77.71032915, 11.77140734], [77.70306851, 11.74607071], [77.69730184, 11.73568967], [77.69643642, 11.72261082], [77.6909615, 11.7185088], [77.695134, 11.70677558], [77.68989461, 11.69475137], [77.69698399, 11.69155498], [77.69468984, 11.67437031], [77.68963236, 11.66368935], [77.68945495, 11.65243082], [77.69619476, 11.63911532], [77.7054702, 11.63442902], [77.71629496, 11.64218972], [77.7149622, 11.64928668], [77.73634282, 11.65773267], [77.74562211, 11.65461015], [77.74891254, 11.66418963], [77.77055044, 11.69706288], [77.77651773, 11.69570464], [77.76859476, 11.67947022], [77.76126151, 11.6482201], [77.7502823, 11.63211038], [77.74938303, 11.62356708], [77.73649546, 11.60354129], [77.73652504, 11.59395506], [77.746199, 11.5706482], [77.73184493, 11.55182821], [77.72359652, 11.53423582], [77.73262333, 11.51712799], [77.73143508, 11.5096921], [77.70252413, 11.48251163], [77.69658993, 11.46442806], [77.68644914, 11.44157642], [77.68305508, 11.42307617], [77.69321955, 11.41113206], [77.7025531, 11.39580221], [77.71749229, 11.3782737], [77.74258663, 11.36415349], [77.75178687, 11.35157639], [77.75844136, 11.33305574], [77.76880042, 11.32576436], [77.78406611, 11.29980603], [77.78971017, 11.29446509], [77.80907577, 11.26657646], [77.82571353, 11.26113334], [77.83881006, 11.26147449], [77.85828195, 11.24954347], [77.86592027, 11.23974871], [77.87030773, 11.2198963], [77.86157854, 11.18931669], [77.86667938, 11.17362287], [77.87945618, 11.16366523], [77.88434056, 11.15593118], [77.88169938, 11.1254288], [77.88750269, 11.09966801], [77.88766258, 11.087382], [77.89534608, 11.07672307], [77.90536337, 11.07300238], [77.93312714, 11.07015572], [77.92216436, 11.04976204], [77.90495849, 11.04420846], [77.89977343, 11.03397498], [77.88904342, 11.03257865], [77.88107727, 11.02430663], [77.86752915, 11.0239989], [77.85428689, 11.03166437], [77.85164528, 11.04610174], [77.83894289, 11.04469441], [77.83050905, 11.04780296], [77.82728916, 11.06414756], [77.81783357, 11.07030228], [77.80864458, 11.0697894], [77.80444999, 11.06295371], [77.79276135, 11.06710911], [77.77956964, 11.06295081], [77.77656929, 11.05833467], [77.75503811, 11.07107789], [77.73819737, 11.08536233], [77.72778297, 11.07632987], [77.71336346, 11.07817382], [77.70831436, 11.09054699], [77.6958674, 11.09638548], [77.67348808, 11.0996168], [77.66136942, 11.10377682], [77.65524661, 11.11518639], [77.64463734, 11.11668773], [77.6399141, 11.12337781], [77.61647937, 11.12658232], [77.60735345, 11.11669599], [77.59543562, 11.11215646], [77.58722329, 11.12125003], [77.57508996, 11.11933591], [77.5586062, 11.10903979], [77.53846387, 11.10801714], [77.53342608, 11.10417786], [77.51276124, 11.10604174], [77.50323415, 11.10935885], [77.50460185, 11.12543202], [77.49862216, 11.14378722], [77.48901782, 11.14071281], [77.48388906, 11.14657285], [77.4852311, 11.16036789], [77.4714801, 11.1599568], [77.4697653, 11.16511033], [77.47718434, 11.18484058], [77.48856747, 11.17907803], [77.49397054, 11.18210007], [77.51232259, 11.18302587], [77.51036973, 11.19850282], [77.49904106, 11.20562741], [77.50199002, 11.21925812], [77.49609169, 11.22973439], [77.47528114, 11.24077271], [77.4635362, 11.25860825], [77.46908824, 11.27008742], [77.45635439, 11.29355164], [77.45897296, 11.30419416], [77.45250199, 11.30837987], [77.43858119, 11.30845278], [77.4257401, 11.31965502], [77.41866002, 11.3100874], [77.40268673, 11.3151226], [77.39411241, 11.32190478], [77.38640366, 11.32252001], [77.37861494, 11.33941014], [77.36318241, 11.34149764], [77.36696648, 11.32477186], [77.36052206, 11.31575344], [77.33455277, 11.31675706], [77.33326508, 11.30686468], [77.34494402, 11.3003396], [77.34817996, 11.29025704], [77.3463675, 11.27695055], [77.33132801, 11.25678312], [77.30385371, 11.26686347], [77.31437608, 11.28196794], [77.29187644, 11.28653616], [77.28631718, 11.29237084], [77.28857025, 11.30194763], [77.28817794, 11.32234149], [77.29297437, 11.3300067], [77.28174528, 11.33440781], [77.25854594, 11.3132475], [77.25200542, 11.32246249], [77.24100454, 11.3238252], [77.23520873, 11.30567438], [77.22090001, 11.30247875], [77.21712488, 11.29808624], [77.2019576, 11.30229847], [77.20500032, 11.30891071], [77.21810271, 11.30586516], [77.22645576, 11.31755631], [77.23622382, 11.31392328], [77.2368235, 11.32567549], [77.22575826, 11.34161721], [77.228386, 11.35103188], [77.21803403, 11.35202047], [77.19650652, 11.33868694], [77.17873031, 11.34205783], [77.17579708, 11.33087994], [77.18334358, 11.32026994], [77.16767902, 11.31722564], [77.15801187, 11.33313308], [77.14708257, 11.33621715], [77.1417333, 11.33670952], [77.13228398, 11.35125096], [77.1282663, 11.37841704], [77.11311195, 11.38094314], [77.10999934, 11.40642293], [77.09308998, 11.39890876], [77.08211938, 11.38794125], [77.06933696, 11.39133337], [77.07064491, 11.40201932], [77.06127066, 11.40415975], [77.04542835, 11.40253272], [77.02576564, 11.37512526], [77.0134728, 11.36877432], [76.99221246, 11.37716649], [76.97973506, 11.37878147], [76.97181917, 11.38610584], [76.95746134, 11.38105732], [76.98099795, 11.40129651], [76.97669901, 11.40711048], [76.97690047, 11.4182978], [76.98259759, 11.43993063], [76.99771092, 11.44056228], [77.00729654, 11.43436779], [77.01231584, 11.45151916], [77.00005699, 11.47395617], [76.99111118, 11.48066552], [76.97237762, 11.46820096], [76.95592462, 11.47914427], [76.93526636, 11.4821636], [76.9371697, 11.49552624], [76.93376309, 11.50671228], [76.94110265, 11.51610369], [76.93796989, 11.52707454], [76.91436458, 11.52418075], [76.90715482, 11.52792977], [76.89410596, 11.52724694], [76.8662755, 11.51958517], [76.86657264, 11.53335795], [76.86310672, 11.54410198], [76.83932276, 11.56669532], [76.83531027, 11.57520157], [76.84625162, 11.5855767], [76.84693266, 11.5944715], [76.85647086, 11.59928101], [76.85812454, 11.61402985], [76.85100405, 11.61585521], [76.84554124, 11.63218075], [76.83460439, 11.63969129], [76.83373607, 11.64895714], [76.84184109, 11.66212971], [76.85006469, 11.68656579], [76.8620695, 11.70423098], [76.862633, 11.71101099], [76.8742133, 11.72411047], [76.88834944, 11.73364317], [76.88809725, 11.74170227], [76.8958113, 11.75774926], [76.89661074, 11.77646761], [76.90884419, 11.79505311], [76.9221759, 11.79177523], [76.93208823, 11.79278902], [76.94412476, 11.78791672], [76.9560193, 11.79115439], [76.96117718, 11.78162214], [76.9699227, 11.77685974], [76.9832741, 11.80094768], [76.98299064, 11.81184892], [76.99353908, 11.80916032], [77.01294024, 11.81461503], [77.02987994, 11.80467497], [77.03874927, 11.79384669], [77.02886476, 11.77467473], [77.03510162, 11.76977901], [77.04005579, 11.7806223], [77.05042703, 11.78961726], [77.06294257, 11.79039671], [77.06892592, 11.78426748], [77.05642675, 11.76977576], [77.07109415, 11.75130836], [77.08276503, 11.73976335], [77.10500983, 11.73279824], [77.11798289, 11.72238366], [77.11197182, 11.74245522], [77.1126603, 11.76558447], [77.11074656, 11.77347245], [77.1380782, 11.77264148], [77.14709466, 11.78191479], [77.18201614, 11.78632057], [77.18923577, 11.79252152], [77.21752468, 11.79532806], [77.23860169, 11.79465275], [77.24959587, 11.80418066], [77.24987603, 11.81301268], [77.28797553, 11.80043562], [77.29385438, 11.80899828], [77.31267395, 11.79353644], [77.32686759, 11.77615147], [77.33514883, 11.77123078], [77.35998896, 11.77993936], [77.36920497, 11.78676062], [77.38802366, 11.788465], [77.41365823, 11.77467314], [77.42222729, 11.77237604], [77.42724111, 11.76087037]]], [[[77.5321324, 11.84847574], [77.54263822, 11.8418891], [77.54246947, 11.82472213], [77.54954499, 11.80840257], [77.55566566, 11.80077846], [77.57347805, 11.80115834], [77.57191802, 11.78549792], [77.59338287, 11.78564911], [77.60603534, 11.79155366], [77.61708305, 11.7856739], [77.62511668, 11.76672633], [77.6354198, 11.75387592], [77.63154992, 11.72922735], [77.62076964, 11.73724253], [77.61407026, 11.76546929], [77.58951131, 11.77196187], [77.58517553, 11.75799893], [77.59612812, 11.75072229], [77.57790872, 11.72522601], [77.57160171, 11.71144134], [77.5639051, 11.72987409], [77.56013253, 11.76231485], [77.55705789, 11.76649961], [77.53992865, 11.75237411], [77.54745013, 11.74845142], [77.53882429, 11.7392799], [77.52523511, 11.75226608], [77.50978595, 11.75325777], [77.4964653, 11.74060122], [77.48346933, 11.72058987], [77.4694493, 11.70705961], [77.47167342, 11.69399644], [77.4573539, 11.67799595], [77.44997306, 11.6969272], [77.46688679, 11.74360601], [77.48043277, 11.73918363], [77.50835076, 11.76218866], [77.52935088, 11.77634462], [77.53311343, 11.78928894], [77.52722714, 11.79994277], [77.52659883, 11.81126067], [77.53203452, 11.81474752], [77.53527915, 11.82573679], [77.5321324, 11.84847574]]]]}, "geometry_name": "geom", "properties": {"geo_id": "IN-TN-ERO", "district_name": "Erode", "state_name": "Tamil Nadu", "state_geo_id": "IN-TN", "agro_climatic_zone": "Western Zone"}}, {"type": "Feature", "id": "NowcastWarningDistrict.fid-2bfa195d_1a08a681a2b_60f9", "geometry": {"type": "MultiPolygon", "coordinates": [[[[79.17262956, 12.0304784], [79.16994444, 12.01940748], [79.17117548, 11.98885607], [79.18638273, 11.98576271], [79.18470415, 11.97275479], [79.21221475, 11.97543384], [79.21182116, 11.98493294], [79.22718711, 11.9934331], [79.23856583, 11.99421353], [79.22944379, 11.97266316], [79.23700929, 11.96544321], [79.23276845, 11.95434733], [79.24838161, 11.95110613], [79.25127824, 11.96249863], [79.26407196, 11.95861181], [79.26103604, 11.95151943], [79.28451863, 11.94173218], [79.29264737, 11.94412566], [79.30359731, 11.93624138], [79.30812714, 11.92039109], [79.32156639, 11.92094088], [79.34875223, 11.92600701], [79.36168866, 11.91875932], [79.37490312, 11.91952836], [79.41371806, 11.89944894], [79.43087989, 11.88073373], [79.44097927, 11.87277663], [79.45507686, 11.87149419], [79.45003823, 11.8540393], [79.45150077, 11.84908051], [79.46745558, 11.84782405], [79.47163652, 11.83535209], [79.4781712, 11.83718508], [79.47877679, 11.8238826], [79.48269093, 11.81185351], [79.4779402, 11.80620965], [79.46720871, 11.80624923], [79.45326221, 11.81100362], [79.44169029, 11.80833951], [79.43543623, 11.7822693], [79.43575002, 11.76781428], [79.44702952, 11.76388848], [79.4537791, 11.76967252], [79.46198562, 11.76836401], [79.46279106, 11.74322906], [79.45692282, 11.73784726], [79.42845055, 11.73116365], [79.43586148, 11.72393939], [79.43451822, 11.70333734], [79.43715311, 11.6917565], [79.44268743, 11.68620022], [79.44427881, 11.66600886], [79.41784225, 11.66789824], [79.40996895, 11.67275811], [79.38497606, 11.68085941], [79.37427714, 11.6751234], [79.36155148, 11.67269101], [79.35984192, 11.6598856], [79.33231407, 11.66096238], [79.32801957, 11.64920502], [79.31160954, 11.64389938], [79.3087328, 11.63265736], [79.29634703, 11.63636492], [79.29146482, 11.64727481], [79.27957401, 11.64919183], [79.27088674, 11.64372838], [79.2526836, 11.6519247], [79.24121006, 11.64176477], [79.23560677, 11.62932764], [79.22513509, 11.631754], [79.21657193, 11.6381751], [79.2099999, 11.63371567], [79.20941812, 11.61892171], [79.19497655, 11.60338969], [79.19253983, 11.59298961], [79.18369028, 11.58597613], [79.17803847, 11.59084067], [79.16071432, 11.59789881], [79.15023383, 11.5974612], [79.14365443, 11.5876936], [79.13358702, 11.59392708], [79.11647247, 11.59917898], [79.11463327, 11.611826], [79.09787056, 11.61590614], [79.08408967, 11.63431888], [79.07821691, 11.62958986], [79.06748295, 11.63021595], [79.0693374, 11.62092765], [79.065924, 11.61060304], [79.07697401, 11.60799282], [79.07141452, 11.59932222], [79.05501412, 11.58639994], [79.04980805, 11.59561945], [79.03346313, 11.59797832], [79.01838988, 11.60674622], [79.01213802, 11.60265763], [79.01540318, 11.58963659], [79.00448966, 11.57467958], [78.99629687, 11.57582161], [78.98102814, 11.56701761], [78.97000098, 11.57427137], [78.95611856, 11.56928057], [78.94289358, 11.57087472], [78.9306254, 11.56581907], [78.92379984, 11.56707672], [78.91526082, 11.53853348], [78.91646509, 11.52839478], [78.91136771, 11.52331927], [78.90494488, 11.50534794], [78.87763396, 11.50752298], [78.87074964, 11.51765233], [78.8567333, 11.52347786], [78.84304726, 11.52301982], [78.8340668, 11.53212646], [78.82921061, 11.54388238], [78.81603722, 11.54247394], [78.81663806, 11.56065386], [78.82786585, 11.57667533], [78.81762589, 11.59086628], [78.77665342, 11.60474443], [78.77674189, 11.61335518], [78.78643429, 11.61348511], [78.78984039, 11.62888154], [78.78594948, 11.63681297], [78.78728424, 11.64904468], [78.80648946, 11.6613449], [78.80460647, 11.68824771], [78.79135092, 11.69341476], [78.7806477, 11.7033417], [78.75380803, 11.69396545], [78.73775878, 11.69295956], [78.72495517, 11.68901599], [78.71794969, 11.68319687], [78.70959497, 11.69016234], [78.70042822, 11.69161932], [78.68241746, 11.68210597], [78.67786978, 11.67183601], [78.68009971, 11.64357139], [78.65906724, 11.64794156], [78.66002066, 11.66162627], [78.64954372, 11.66766987], [78.65262157, 11.71595101], [78.63791099, 11.72124124], [78.63906878, 11.7409983], [78.64336537, 11.7560688], [78.6431732, 11.76833618], [78.65925778, 11.77865878], [78.66487048, 11.79616876], [78.67915825, 11.80200653], [78.69224817, 11.80388441], [78.69035644, 11.81843922], [78.69411781, 11.83445276], [78.69346083, 11.85129893], [78.67760764, 11.85833053], [78.66120673, 11.85755076], [78.65529225, 11.86520365], [78.6355502, 11.86499213], [78.62682175, 11.8692228], [78.63607817, 11.87839842], [78.63455459, 11.88833786], [78.65019974, 11.88449984], [78.66044427, 11.89509377], [78.68987902, 11.90400718], [78.69472352, 11.89446444], [78.70824072, 11.89793699], [78.71131892, 11.90898744], [78.72386178, 11.91966887], [78.71870541, 11.92814092], [78.70455696, 11.9390742], [78.71711207, 11.98412738], [78.72882005, 11.98704161], [78.74413067, 11.99661818], [78.75730574, 12.01144032], [78.77139439, 12.00673197], [78.79428997, 12.01254816], [78.80472921, 12.01928134], [78.81678001, 12.00941748], [78.8346321, 12.00704797], [78.86487069, 12.01672415], [78.87337411, 12.02625258], [78.89199818, 12.02295748], [78.89704411, 12.0176147], [78.91360119, 12.01445844], [78.92746995, 12.0282061], [78.93371237, 12.03972633], [78.9429899, 12.04683424], [78.94285797, 12.05260621], [78.95971613, 12.06874716], [78.96748065, 12.064677], [78.97769949, 12.06670763], [78.99034978, 12.06194796], [78.99504559, 12.0676322], [79.03150073, 12.06441715], [79.02090053, 12.05539133], [79.02927982, 12.04756153], [79.05249164, 12.03653143], [79.06476483, 12.05919307], [79.0630446, 12.06986863], [79.07492089, 12.06960919], [79.08521527, 12.08105099], [79.09848055, 12.06893498], [79.09250393, 12.04928615], [79.08114027, 12.03893811], [79.07891005, 12.03150242], [79.09454551, 12.03001794], [79.10709126, 12.01980424], [79.11254104, 12.02646251], [79.12543036, 12.0187747], [79.13643208, 12.02608344], [79.13853991, 12.03624428], [79.14664976, 12.04386456], [79.16547109, 12.0318805], [79.17262956, 12.0304784]]]]}, "geometry_name": "geom", "properties": {"geo_id": "IN-TN-KAL", "district_name": "Kallakkurichi", "state_name": "Tamil Nadu", "state_geo_id": "IN-TN", "agro_climatic_zone": ""}}, {"type": "Feature", "id": "NowcastWarningDistrict.fid-2bfa195d_1a08a681a2b_60fb", "geometry": {"type": "MultiPolygon", "coordinates": [[[[78.37867311, 10.31008402], [78.39063742, 10.3022364], [78.38429693, 10.28974197], [78.38754662, 10.27003274], [78.40637022, 10.27563274], [78.42399719, 10.27110601], [78.42508186, 10.25857061], [78.41060429, 10.25710749], [78.40572024, 10.25030691], [78.39280385, 10.24374392], [78.39830247, 10.22528209], [78.40823282, 10.22279974], [78.41233919, 10.21340127], [78.40907927, 10.20645855], [78.40831498, 10.20519086], [78.40380413, 10.19156349], [78.39462244, 10.17405607], [78.39877423, 10.16567944], [78.41303255, 10.16065616], [78.40169288, 10.13856988], [78.4253391, 10.13331938], [78.42951254, 10.12568818], [78.43729223, 10.1321332], [78.45274666, 10.11904349], [78.45726886, 10.12435403], [78.47369654, 10.12105], [78.47066891, 10.11028745], [78.45735039, 10.10148926], [78.45804892, 10.08426151], [78.46186843, 10.07160769], [78.45418666, 10.07016288], [78.45289336, 10.05892513], [78.43739901, 10.06109788], [78.42779637, 10.05326526], [78.43071304, 10.0360326], [78.44348795, 10.03434431], [78.45609533, 10.01805889], [78.457909, 10.01136805], [78.45450073, 9.99164371], [78.45655684, 9.96850256], [78.41258336, 9.95660224], [78.38889482, 9.9522276], [78.37840257, 9.96052284], [78.37092881, 9.960595], [78.36663483, 9.93350309], [78.34034845, 9.93778172], [78.33393865, 9.9309096], [78.31711043, 9.92620984], [78.31349162, 9.91974921], [78.31040946, 9.89936985], [78.31448257, 9.89019393], [78.31333692, 9.87503623], [78.30961003, 9.86525292], [78.29285808, 9.86184491], [78.28733529, 9.8701838], [78.2642458, 9.86953907], [78.25515805, 9.86394378], [78.26699027, 9.85621789], [78.26095329, 9.84809681], [78.25843775, 9.83416344], [78.24671839, 9.8374695], [78.23921808, 9.84530608], [78.24448143, 9.85417837], [78.24126485, 9.85959495], [78.22904951, 9.86494203], [78.22293594, 9.86298631], [78.20999234, 9.87486049], [78.19547616, 9.868937], [78.18102514, 9.8677866], [78.16098606, 9.87597555], [78.15128497, 9.874715], [78.15084154, 9.85222062], [78.14094068, 9.85132597], [78.12500888, 9.85464405], [78.12323123, 9.84902493], [78.13238002, 9.83321664], [78.13477747, 9.81121491], [78.14344206, 9.81274717], [78.15302317, 9.82168849], [78.1652302, 9.82821076], [78.17938689, 9.82286134], [78.19344544, 9.8066257], [78.17368834, 9.7763316], [78.16846164, 9.78252992], [78.17052752, 9.79468097], [78.15930281, 9.80463187], [78.14088041, 9.80917601], [78.13894316, 9.80016198], [78.14579321, 9.794181], [78.13935298, 9.78018992], [78.13701032, 9.76174137], [78.11234115, 9.77909534], [78.10700843, 9.7860703], [78.08838315, 9.77578848], [78.10430274, 9.76822728], [78.1010547, 9.7551308], [78.08429782, 9.75818014], [78.07816126, 9.74899724], [78.06710969, 9.75294641], [78.06141583, 9.74153971], [78.07264122, 9.73184067], [78.06801772, 9.72339082], [78.07994038, 9.70828951], [78.07629257, 9.6967974], [78.083041, 9.69342161], [78.08710702, 9.68009088], [78.07962667, 9.67498146], [78.08184728, 9.66318753], [78.07618027, 9.66046966], [78.05927334, 9.66175935], [78.05765325, 9.67400087], [78.04055339, 9.67850378], [78.0307225, 9.65969056], [78.01653997, 9.64735834], [78.01457023, 9.63946017], [78.00451045, 9.64235871], [77.99096091, 9.6416455], [77.98806179, 9.63598652], [77.97527288, 9.6296025], [77.96609012, 9.63366441], [77.96456204, 9.64420234], [77.95381637, 9.64932206], [77.92316109, 9.64755485], [77.92159738, 9.63786279], [77.91136581, 9.63840176], [77.89746646, 9.62782429], [77.89141271, 9.64234473], [77.84594259, 9.65055226], [77.84226791, 9.6354168], [77.82903869, 9.63630099], [77.81454662, 9.64123949], [77.80857459, 9.63985487], [77.79471888, 9.64873919], [77.79096766, 9.63910921], [77.77632576, 9.6404341], [77.76753936, 9.65015508], [77.76797282, 9.66137992], [77.76258168, 9.67871917], [77.73402514, 9.69217217], [77.72579223, 9.69274868], [77.71497742, 9.7000341], [77.70761686, 9.69084984], [77.69943422, 9.69240212], [77.66841826, 9.67723999], [77.65090057, 9.68312267], [77.65021768, 9.69507975], [77.64355219, 9.70502083], [77.631341, 9.70371457], [77.60553423, 9.69511967], [77.5901543, 9.67856358], [77.58596892, 9.66685005], [77.57971362, 9.66708425], [77.56257594, 9.65951356], [77.55246068, 9.64618455], [77.54330409, 9.64518771], [77.5474417, 9.65861055], [77.53734117, 9.65977419], [77.52028234, 9.63812418], [77.51684551, 9.61732814], [77.50528199, 9.59944041], [77.49984453, 9.59630101], [77.49812023, 9.57518963], [77.49074567, 9.57332944], [77.47542108, 9.56308106], [77.4735833, 9.57163912], [77.46414777, 9.57896484], [77.4754075, 9.59736108], [77.48546315, 9.60686518], [77.486378, 9.61440337], [77.49409783, 9.62148594], [77.50627399, 9.63847643], [77.50363189, 9.65019748], [77.51189041, 9.65265519], [77.53534591, 9.67504432], [77.54072553, 9.69533884], [77.55404349, 9.71505663], [77.56433526, 9.7445513], [77.58123009, 9.75964333], [77.60061874, 9.7805174], [77.60345252, 9.79131737], [77.61206589, 9.79914765], [77.6237009, 9.82422384], [77.6237463, 9.83122175], [77.61708186, 9.84159626], [77.61847588, 9.85842196], [77.63195077, 9.87126972], [77.64559108, 9.88953708], [77.64617509, 9.90181043], [77.65411815, 9.91856333], [77.66860726, 9.91432634], [77.67904605, 9.93284581], [77.67319509, 9.96180525], [77.68185551, 9.96884711], [77.69190108, 9.96809951], [77.69673292, 9.98253729], [77.69701468, 10.00054708], [77.70011397, 10.01406456], [77.70873003, 10.01835258], [77.71255372, 10.0258604], [77.71723113, 10.01805225], [77.74227096, 10.03613611], [77.76355268, 10.05591347], [77.78054947, 10.05093752], [77.7886812, 10.05385114], [77.80442784, 10.06716821], [77.82286991, 10.06554015], [77.83551739, 10.07405439], [77.86063758, 10.07513297], [77.8748425, 10.06159464], [77.8839241, 10.07459571], [77.89248163, 10.07829339], [77.909455, 10.07580617], [77.91893302, 10.07178644], [77.93355489, 10.1136175], [77.96434994, 10.13623647], [77.97270685, 10.13116227], [77.98355758, 10.13619494], [77.98603252, 10.14285742], [78.00243166, 10.16291878], [78.01356925, 10.16319425], [78.01274977, 10.17069797], [78.0200318, 10.18452424], [78.06000876, 10.18461246], [78.07075413, 10.18810449], [78.08771568, 10.18510111], [78.09678191, 10.19031887], [78.12003579, 10.1893668], [78.14310218, 10.18236918], [78.1514382, 10.17115349], [78.15286584, 10.16220741], [78.16122413, 10.1545445], [78.15904683, 10.14356893], [78.16346287, 10.13830218], [78.16541414, 10.12418897], [78.15630223, 10.10726042], [78.16918918, 10.10216469], [78.17021449, 10.0924454], [78.17859449, 10.09257549], [78.21258908, 10.07526455], [78.23640561, 10.07769446], [78.24409417, 10.08454059], [78.26037914, 10.08592457], [78.26452775, 10.09361884], [78.2612844, 10.102429], [78.26894683, 10.10699747], [78.28083281, 10.12958125], [78.28425776, 10.14858198], [78.28136841, 10.16690264], [78.26966144, 10.16357627], [78.27199512, 10.18372942], [78.28233292, 10.1906581], [78.29142346, 10.20394647], [78.30384774, 10.2109112], [78.30798284, 10.20803265], [78.32019331, 10.21409722], [78.32868815, 10.22835182], [78.32265299, 10.23894228], [78.32974812, 10.24850888], [78.32769171, 10.26362253], [78.33031083, 10.26785864], [78.32883293, 10.28925374], [78.33324973, 10.30036572], [78.35022605, 10.29937338], [78.36065663, 10.29592514], [78.37184873, 10.30861918], [78.37867311, 10.31008402]]]]}, "geometry_name": "geom", "properties": {"geo_id": "IN-TN-MAD", "district_name": "Madurai", "state_name": "Tamil Nadu", "state_geo_id": "IN-TN", "agro_climatic_zone": "Southern Zone"}}, {"type": "Feature", "id": "NowcastWarningDistrict.fid-2bfa195d_1a08a681a2b_60fc", "geometry": {"type": "MultiPolygon", "coordinates": [[[[76.84693266, 11.5944715], [76.84625162, 11.5855767], [76.83531027, 11.57520157], [76.83932276, 11.56669532], [76.86310672, 11.54410198], [76.86657264, 11.53335795], [76.8662755, 11.51958517], [76.89410596, 11.52724694], [76.90715482, 11.52792977], [76.91436458, 11.52418075], [76.93796989, 11.52707454], [76.94110265, 11.51610369], [76.93376309, 11.50671228], [76.9371697, 11.49552624], [76.93526636, 11.4821636], [76.95592462, 11.47914427], [76.97237762, 11.46820096], [76.99111118, 11.48066552], [77.00005699, 11.47395617], [77.01231584, 11.45151916], [77.00729654, 11.43436779], [76.99771092, 11.44056228], [76.98259759, 11.43993063], [76.97690047, 11.4182978], [76.97669901, 11.40711048], [76.98099795, 11.40129651], [76.95746134, 11.38105732], [76.94810855, 11.37642112], [76.93341173, 11.37643449], [76.93716518, 11.35912875], [76.91466651, 11.35624048], [76.90634733, 11.35042854], [76.89898269, 11.36302212], [76.89288571, 11.36606446], [76.88422265, 11.35169053], [76.86246962, 11.35127861], [76.85921301, 11.34339571], [76.84983258, 11.34262594], [76.84823948, 11.33483755], [76.85900053, 11.31344471], [76.85442673, 11.2960643], [76.84273064, 11.28742057], [76.8242421, 11.29279639], [76.81780823, 11.2899338], [76.80548685, 11.29766486], [76.78705006, 11.27921277], [76.76914132, 11.28955773], [76.76982522, 11.27670552], [76.7635465, 11.26012473], [76.75348749, 11.24805135], [76.74303211, 11.25318238], [76.73711747, 11.2446329], [76.70987707, 11.26130659], [76.70022327, 11.25864688], [76.70085016, 11.24565532], [76.70709041, 11.23837877], [76.69826982, 11.23960164], [76.68422183, 11.23373994], [76.67823563, 11.22111592], [76.65341348, 11.21011497], [76.62972264, 11.19417375], [76.60115673, 11.20637251], [76.59208002, 11.20520617], [76.58905291, 11.20476909], [76.53421728, 11.19677103], [76.51609156, 11.20429665], [76.51048204, 11.21163759], [76.50035369, 11.21145854], [76.49906941, 11.2113253], [76.49516632, 11.2111552], [76.49496999, 11.2111481], [76.48683715, 11.21088942], [76.48542286, 11.21084547], [76.48368412, 11.21076126], [76.47781847, 11.2097717], [76.47236639, 11.2087507], [76.47347053, 11.19493118], [76.46647723, 11.19324632], [76.46622493, 11.19312089], [76.45844287, 11.18768147], [76.45235698, 11.19864722], [76.44560447, 11.19909845], [76.43862275, 11.19896122], [76.43936117, 11.20295587], [76.44896116, 11.20546856], [76.45160638, 11.22709312], [76.45162669, 11.22726521], [76.45184963, 11.22914485], [76.45231898, 11.23362806], [76.45243866, 11.23462269], [76.45268551, 11.23645834], [76.4530879, 11.23936735], [76.45434898, 11.23992032], [76.46630243, 11.24511942], [76.48711368, 11.25828532], [76.48892659, 11.25905727], [76.52217783, 11.27133808], [76.52626077, 11.28826299], [76.54575559, 11.30031035], [76.53935636, 11.3046204], [76.53729896, 11.31404371], [76.54996694, 11.33099342], [76.54785726, 11.35888558], [76.50818455, 11.35412344], [76.51512034, 11.35968932], [76.51775233, 11.3715633], [76.46208234, 11.38746975], [76.46204587, 11.38749855], [76.44786006, 11.39830354], [76.44248478, 11.40230136], [76.41507826, 11.42262732], [76.41694428, 11.43230024], [76.41789794, 11.43750723], [76.41870495, 11.44178323], [76.39800258, 11.43493707], [76.37054189, 11.45461333], [76.34630476, 11.46414888], [76.34222596, 11.46759262], [76.32547052, 11.45332889], [76.30515322, 11.46778864], [76.29417649, 11.47288874], [76.28443504, 11.4829203], [76.27044147, 11.47716118], [76.26413424, 11.48066175], [76.2475734, 11.4685407], [76.24978819, 11.49832318], [76.24816253, 11.51648623], [76.23854139, 11.5265426], [76.24084249, 11.52706155], [76.24094642, 11.52707053], [76.24453299, 11.5260975], [76.24488473, 11.5261741], [76.25016725, 11.52748372], [76.25041931, 11.52752911], [76.24977083, 11.53731419], [76.24451102, 11.54300253], [76.24402968, 11.55444756], [76.23875056, 11.55857186], [76.23376771, 11.57117111], [76.23927962, 11.57563043], [76.23980677, 11.57550367], [76.24999999, 11.58122741], [76.25010979, 11.58160265], [76.25367013, 11.58544631], [76.25405067, 11.58537866], [76.25902443, 11.58869402], [76.25966059, 11.58866271], [76.26034347, 11.58908333], [76.2605827, 11.58910149], [76.26072309, 11.58910669], [76.26114118, 11.58917859], [76.26274974, 11.59045847], [76.26301572, 11.59044501], [76.26492717, 11.59389006], [76.2706338, 11.59378379], [76.27890633, 11.60094213], [76.28810676, 11.59036381], [76.29209527, 11.5903877], [76.29594165, 11.59041597], [76.30238379, 11.57122558], [76.31592424, 11.57659431], [76.32231711, 11.58715007], [76.33587651, 11.5957362], [76.34039817, 11.58719849], [76.34844825, 11.58927874], [76.35185996, 11.5893751], [76.35199667, 11.58937853], [76.35527453, 11.5896998], [76.36710209, 11.59832953], [76.37798143, 11.60190972], [76.38393244, 11.61204828], [76.3832906, 11.62404458], [76.38809582, 11.62966743], [76.40776664, 11.63415027], [76.40789774, 11.63414059], [76.41082036, 11.63405957], [76.41258562, 11.63379271], [76.41640376, 11.63351343], [76.42620448, 11.63356939], [76.42775343, 11.63305389], [76.44342804, 11.64362344], [76.43136225, 11.66636337], [76.44376679, 11.66358689], [76.45667094, 11.66445631], [76.47502837, 11.68168572], [76.51167532, 11.70497859], [76.53884089, 11.68948551], [76.55138428, 11.67231805], [76.5494191, 11.6652798], [76.55330339, 11.64848471], [76.56121732, 11.6327166], [76.55967428, 11.625195], [76.56965734, 11.61806026], [76.58328443, 11.61379162], [76.58962924, 11.61765729], [76.59760785, 11.61064336], [76.61367309, 11.60765722], [76.62909347, 11.61361588], [76.6501999, 11.61345221], [76.67147195, 11.61590622], [76.68458609, 11.61396357], [76.70271082, 11.61584318], [76.74850777, 11.61404477], [76.75691579, 11.61843685], [76.77476386, 11.61234237], [76.791527, 11.61273665], [76.79569464, 11.60872452], [76.82283596, 11.60807625], [76.84693266, 11.5944715]]]]}, "geometry_name": "geom", "properties": {"geo_id": "IN-TN-NIL", "district_name": "The Nilgiris", "state_name": "Tamil Nadu", "state_geo_id": "IN-TN", "agro_climatic_zone": "Hilly Zone"}}, {"type": "Feature", "id": "NowcastWarningDistrict.fid-2bfa195d_1a08a681a2b_60fd", "geometry": {"type": "MultiPolygon", "coordinates": [[[[78.48622033, 11.40741994], [78.47910321, 11.38789093], [78.46987592, 11.3856473], [78.46460504, 11.37711934], [78.45470291, 11.34929141], [78.44685068, 11.34480021], [78.44726007, 11.33209847], [78.46100813, 11.32416227], [78.46503052, 11.31168555], [78.45665215, 11.30600595], [78.45039732, 11.29224812], [78.44703651, 11.27483263], [78.43898471, 11.26931968], [78.43533698, 11.25497331], [78.42470453, 11.22581993], [78.42192336, 11.21166758], [78.4151653, 11.20924556], [78.41066815, 11.19748903], [78.39985421, 11.19524329], [78.3811808, 11.18700212], [78.3874075, 11.17716693], [78.3791382, 11.17017029], [78.38151413, 11.14228509], [78.37685456, 11.13465943], [78.36439056, 11.13790452], [78.34564702, 11.13401088], [78.34750668, 11.123262], [78.34344365, 11.11215532], [78.33662523, 11.10485878], [78.32728431, 11.10368649], [78.32397653, 11.09723999], [78.33820119, 11.09486473], [78.34186408, 11.08333418], [78.35074842, 11.06921854], [78.36335159, 11.06508362], [78.36009931, 11.04664529], [78.35012374, 11.04829429], [78.3491234, 11.03257735], [78.34463095, 11.02623936], [78.33029498, 11.03031004], [78.32387455, 11.05792303], [78.29489935, 11.07219541], [78.29088439, 11.07718008], [78.27205715, 11.07772526], [78.26551129, 11.07030059], [78.25484852, 11.08124425], [78.24887193, 11.09231514], [78.22989428, 11.09484969], [78.22917696, 11.08451671], [78.23482225, 11.07863858], [78.2354075, 11.06413297], [78.22147574, 11.05771863], [78.21886556, 11.06692714], [78.20416783, 11.07093589], [78.19224549, 11.06475938], [78.1832633, 11.06956597], [78.16331338, 11.04909207], [78.1675318, 11.04434534], [78.18210541, 11.04185716], [78.19418608, 11.04458512], [78.19676814, 11.02960453], [78.19477622, 11.02205163], [78.18165799, 11.02020982], [78.17288123, 11.01296057], [78.16490433, 11.0131875], [78.16001168, 11.02238224], [78.14500926, 11.03726391], [78.13521726, 11.04220928], [78.11902273, 11.0605024], [78.10174184, 11.07549932], [78.07101118, 11.07902489], [78.05476635, 11.07396307], [78.04633473, 11.08125192], [78.02747661, 11.09056661], [78.01142489, 11.09470571], [77.99059133, 11.09619064], [77.96416, 11.07529744], [77.94604483, 11.06534375], [77.93312714, 11.07015572], [77.90536337, 11.07300238], [77.89534608, 11.07672307], [77.88766258, 11.087382], [77.88750269, 11.09966801], [77.88169938, 11.1254288], [77.88434056, 11.15593118], [77.87945618, 11.16366523], [77.86667938, 11.17362287], [77.86157854, 11.18931669], [77.87030773, 11.2198963], [77.86592027, 11.23974871], [77.85828195, 11.24954347], [77.83881006, 11.26147449], [77.82571353, 11.26113334], [77.80907577, 11.26657646], [77.78971017, 11.29446509], [77.78406611, 11.29980603], [77.76880042, 11.32576436], [77.75844136, 11.33305574], [77.75178687, 11.35157639], [77.74258663, 11.36415349], [77.71749229, 11.3782737], [77.7025531, 11.39580221], [77.69321955, 11.41113206], [77.68305508, 11.42307617], [77.68644914, 11.44157642], [77.69658993, 11.46442806], [77.70625346, 11.46094981], [77.70867896, 11.44916976], [77.71937973, 11.45331623], [77.73199633, 11.44468782], [77.74379597, 11.44621587], [77.75394982, 11.45174781], [77.76103897, 11.45098696], [77.76662656, 11.4802614], [77.77273894, 11.4828086], [77.78489417, 11.47783625], [77.78856818, 11.46778476], [77.78429392, 11.45081028], [77.80408074, 11.44844324], [77.80500376, 11.45783169], [77.81432897, 11.45755382], [77.81582052, 11.46739896], [77.83119463, 11.46894791], [77.8344502, 11.45703344], [77.82114473, 11.44897159], [77.83275324, 11.43916512], [77.83793977, 11.44135818], [77.84918049, 11.43434894], [77.84658787, 11.42800693], [77.85248154, 11.41510715], [77.86392176, 11.41829928], [77.87421238, 11.41619333], [77.88014563, 11.42347989], [77.89029432, 11.42431605], [77.89872013, 11.42040123], [77.90776041, 11.42570267], [77.91162377, 11.43401936], [77.91305091, 11.45412015], [77.91881067, 11.45215324], [77.9310375, 11.45979954], [77.94114164, 11.45979767], [77.9468025, 11.46673029], [77.96717269, 11.46995237], [77.97425461, 11.47570887], [77.97261233, 11.484736], [77.9769914, 11.50136068], [77.97213862, 11.50855653], [77.97896643, 11.53050413], [77.97970379, 11.53026857], [78.00758249, 11.52489119], [78.01661427, 11.53028289], [78.03444026, 11.52842266], [78.04365734, 11.51508226], [78.05415795, 11.51397781], [78.05509063, 11.52221373], [78.07525301, 11.52237655], [78.07895182, 11.54679932], [78.09688817, 11.54773767], [78.10513805, 11.55747929], [78.11916596, 11.53910169], [78.13932957, 11.54343658], [78.1482952, 11.53905174], [78.16058853, 11.53881123], [78.16537502, 11.54802719], [78.2014693, 11.55308775], [78.20375458, 11.56318958], [78.2096547, 11.56464357], [78.23959986, 11.55746513], [78.24360433, 11.55270846], [78.26389234, 11.55907269], [78.26432909, 11.56699656], [78.27192958, 11.57867491], [78.28354104, 11.58053683], [78.30326844, 11.58875643], [78.31186597, 11.58767775], [78.31926276, 11.57849014], [78.30737304, 11.57096591], [78.32428284, 11.5549054], [78.32324943, 11.54260604], [78.33010871, 11.53162352], [78.35649379, 11.55888317], [78.36570194, 11.5779405], [78.38287017, 11.57519727], [78.39172732, 11.58536276], [78.41814339, 11.58991238], [78.43905039, 11.59811294], [78.45162121, 11.59706153], [78.44892328, 11.56864446], [78.46063376, 11.56134611], [78.4558572, 11.54386369], [78.46256645, 11.53905254], [78.46162861, 11.52923517], [78.47119417, 11.52846849], [78.47340528, 11.52004688], [78.46504553, 11.50549016], [78.4553002, 11.49919658], [78.43421361, 11.49894802], [78.43620942, 11.48660329], [78.4324039, 11.47636135], [78.42591395, 11.47090668], [78.43646631, 11.46402529], [78.44269634, 11.45393965], [78.4487993, 11.43145524], [78.44306699, 11.40872935], [78.44739466, 11.40015829], [78.47193984, 11.40806195], [78.48622033, 11.40741994]]]]}, "geometry_name": "geom", "properties": {"geo_id": "IN-TN-NAM", "district_name": "Namakkal", "state_name": "Tamil Nadu", "state_geo_id": "IN-TN", "agro_climatic_zone": "North Western Zone"}}, {"type": "Feature", "id": "NowcastWarningDistrict.fid-2bfa195d_1a08a681a2b_60fe", "geometry": {"type": "MultiPolygon", "coordinates": [[[[77.71255372, 10.0258604], [77.70873003, 10.01835258], [77.70011397, 10.01406456], [77.69701468, 10.00054708], [77.69673292, 9.98253729], [77.69190108, 9.96809951], [77.68185551, 9.96884711], [77.67319509, 9.96180525], [77.67904605, 9.93284581], [77.66860726, 9.91432634], [77.65411815, 9.91856333], [77.64617509, 9.90181043], [77.64559108, 9.88953708], [77.63195077, 9.87126972], [77.61847588, 9.85842196], [77.61708186, 9.84159626], [77.6237463, 9.83122175], [77.6237009, 9.82422384], [77.61206589, 9.79914765], [77.60345252, 9.79131737], [77.60061874, 9.7805174], [77.58123009, 9.75964333], [77.56433526, 9.7445513], [77.55404349, 9.71505663], [77.54072553, 9.69533884], [77.53534591, 9.67504432], [77.51189041, 9.65265519], [77.50363189, 9.65019748], [77.50627399, 9.63847643], [77.49409783, 9.62148594], [77.486378, 9.61440337], [77.48546315, 9.60686518], [77.4754075, 9.59736108], [77.46414777, 9.57896484], [77.4735833, 9.57163912], [77.47542108, 9.56308106], [77.47729448, 9.55219477], [77.45478458, 9.54153136], [77.42786973, 9.54651761], [77.41413306, 9.53660979], [77.40246899, 9.52505552], [77.38517837, 9.51923153], [77.36561838, 9.53499914], [77.36579968, 9.55091644], [77.36153185, 9.55777853], [77.35290553, 9.55958166], [77.3502632, 9.56708112], [77.35999554, 9.57851469], [77.35969032, 9.57946398], [77.3550074, 9.58655658], [77.35497103, 9.58668317], [77.35747551, 9.59443171], [77.35458691, 9.60406956], [77.33949082, 9.57331394], [77.32536116, 9.58003404], [77.32240636, 9.59828792], [77.30380826, 9.59874076], [77.29033841, 9.58477314], [77.26971372, 9.57276912], [77.25306708, 9.58296637], [77.24277331, 9.58521685], [77.23712863, 9.58106068], [77.22249471, 9.59277747], [77.22218428, 9.59771411], [77.209843, 9.60497052], [77.20362202, 9.61442464], [77.18867938, 9.60610097], [77.16777893, 9.61501673], [77.16824483, 9.62206601], [77.17626034, 9.62947846], [77.17404605, 9.63730527], [77.17926982, 9.64485799], [77.17973747, 9.6562642], [77.1945699, 9.67412498], [77.20661515, 9.6944353], [77.20194643, 9.70389318], [77.20496094, 9.72389124], [77.22345137, 9.72999989], [77.22023381, 9.74503908], [77.2317375, 9.76939397], [77.22408306, 9.77842782], [77.22266346, 9.78779177], [77.23601002, 9.79005761], [77.24666603, 9.79788656], [77.24679015, 9.80799501], [77.24019973, 9.81646054], [77.22683259, 9.82136678], [77.22378309, 9.82870308], [77.22752736, 9.8380937], [77.22293528, 9.84487972], [77.23718403, 9.85138075], [77.23630748, 9.85960394], [77.21961197, 9.86468941], [77.21526884, 9.87738995], [77.22074646, 9.8844832], [77.21825256, 9.90429442], [77.22980117, 9.91212928], [77.23170073, 9.92404345], [77.23806741, 9.93693539], [77.25296385, 9.95345121], [77.26071139, 9.95240989], [77.27285476, 9.96419467], [77.27266827, 9.9763368], [77.26080463, 9.99576193], [77.26615686, 10.0014242], [77.25520759, 10.00993039], [77.26233058, 10.02398434], [77.25886052, 10.03406834], [77.25817611, 10.03472353], [77.25428459, 10.03739364], [77.25337616, 10.03932358], [77.25194779, 10.0411177], [77.2507829, 10.04219491], [77.23293945, 10.06305829], [77.23270205, 10.0634999], [77.22588512, 10.06838849], [77.22579233, 10.06846281], [77.21991706, 10.07696857], [77.20328239, 10.088807], [77.20126489, 10.10582145], [77.20767786, 10.11532545], [77.20772025, 10.11568227], [77.20825289, 10.11783619], [77.2098239, 10.11829599], [77.21643454, 10.1158538], [77.23250061, 10.12447176], [77.23239438, 10.12468026], [77.23204533, 10.12527815], [77.23335878, 10.12636699], [77.23783906, 10.12997042], [77.26658266, 10.12169488], [77.28303963, 10.11777382], [77.28680971, 10.12715946], [77.30248338, 10.13600126], [77.31301353, 10.13538894], [77.32372284, 10.12756604], [77.32899893, 10.14233993], [77.34146892, 10.13602211], [77.36032421, 10.15103202], [77.37508436, 10.1425342], [77.38394926, 10.14603769], [77.3983629, 10.16008698], [77.40874755, 10.15844994], [77.41116466, 10.14543524], [77.43818163, 10.13240823], [77.44478406, 10.13627205], [77.46228383, 10.13011141], [77.46804463, 10.14225203], [77.47695224, 10.14796803], [77.48865535, 10.14839394], [77.50001386, 10.16096554], [77.5118039, 10.16089785], [77.53580301, 10.17895616], [77.54927353, 10.19408539], [77.54805298, 10.20218132], [77.54808802, 10.20248269], [77.55566465, 10.20207921], [77.56882706, 10.19311794], [77.56739631, 10.18265722], [77.58701601, 10.19277298], [77.59164786, 10.19139473], [77.60300474, 10.19996233], [77.59598568, 10.20575688], [77.6206137, 10.21828953], [77.62557442, 10.21100265], [77.64884295, 10.20097593], [77.65289475, 10.19471487], [77.66776122, 10.18998066], [77.67068233, 10.19561738], [77.69663998, 10.20619125], [77.70527812, 10.18417021], [77.7158379, 10.17004118], [77.72928145, 10.15906635], [77.72463516, 10.15390077], [77.72426509, 10.13610366], [77.71867909, 10.13018779], [77.70786613, 10.12890209], [77.69849181, 10.13436038], [77.69211108, 10.14536446], [77.67637939, 10.14463007], [77.67439881, 10.14047148], [77.67633475, 10.1177918], [77.69326364, 10.11154184], [77.70253635, 10.10273856], [77.69807624, 10.08675489], [77.70819301, 10.08229558], [77.71004644, 10.04987399], [77.70641335, 10.03888087], [77.71255372, 10.0258604]]]]}, "geometry_name": "geom", "properties": {"geo_id": "IN-TN-THN", "district_name": "Theni", "state_name": "Tamil Nadu", "state_geo_id": "IN-TN", "agro_climatic_zone": "Southern Zone"}}, {"type": "Feature", "id": "NowcastWarningDistrict.fid-2bfa195d_1a08a681a2b_6100", "geometry": {"type": "MultiPolygon", "coordinates": [[[[79.20045363, 9.25068194], [79.21267506, 9.24650223], [79.20383677, 9.23972284], [79.1998033, 9.23035646], [79.19006149, 9.23090061], [79.17982914, 9.2374663], [79.17949407, 9.24861921], [79.19523214, 9.25289671], [79.20045363, 9.25068194]]], [[[79.10665564, 9.85081684], [79.1025448, 9.83864873], [79.08267439, 9.81554613], [79.07903035, 9.80144132], [79.07065914, 9.79427021], [79.06120494, 9.78090093], [79.05906926, 9.77295778], [79.03737466, 9.76281265], [79.00790832, 9.7247622], [78.99438883, 9.70924924], [78.98947835, 9.69921503], [78.98036289, 9.68955717], [78.97494698, 9.67799039], [78.97100023, 9.65570474], [78.95981483, 9.63093433], [78.93477481, 9.60833123], [78.92515155, 9.58500146], [78.9201385, 9.55922525], [78.91775437, 9.53769359], [78.91994817, 9.52528414], [78.91322019, 9.50551136], [78.91522635, 9.49903115], [78.90221179, 9.49561], [78.89787166, 9.48230131], [78.90029796, 9.46878889], [78.92362848, 9.42564603], [78.94419304, 9.39945924], [78.98046934, 9.36124228], [79.01285806, 9.33256512], [79.03679004, 9.31517674], [79.07081888, 9.29514401], [79.08759845, 9.29505164], [79.10297663, 9.29130109], [79.1219736, 9.29130571], [79.13231313, 9.28793698], [79.14293857, 9.29126162], [79.15773784, 9.28470136], [79.18271732, 9.28286792], [79.2100035, 9.28318016], [79.21970783, 9.29056496], [79.24196262, 9.29270178], [79.25276752, 9.29139235], [79.27052407, 9.29548069], [79.27830197, 9.30988606], [79.29072411, 9.31987126], [79.31331529, 9.32761589], [79.32724367, 9.32126677], [79.33504634, 9.30932875], [79.31516816, 9.27850765], [79.3272854, 9.2594549], [79.36102045, 9.2307429], [79.37360208, 9.21820295], [79.38772518, 9.2090621], [79.42324746, 9.17850871], [79.4243613, 9.17154669], [79.37282443, 9.20383598], [79.33432031, 9.22896811], [79.31086619, 9.24147745], [79.29109739, 9.25017537], [79.2573619, 9.25917937], [79.22130606, 9.25962416], [79.2184694, 9.27075508], [79.20585134, 9.27518823], [79.20919806, 9.28240317], [79.18865611, 9.2824828], [79.14321578, 9.27606292], [79.11087018, 9.26619907], [79.09016021, 9.2616454], [79.06917766, 9.26108905], [79.01558729, 9.27054489], [78.98255711, 9.27474234], [78.95917972, 9.2737806], [78.92417929, 9.26696447], [78.91615271, 9.25878167], [78.89569634, 9.25153723], [78.87488239, 9.25726059], [78.8498187, 9.25153584], [78.82265568, 9.23935576], [78.80559041, 9.23666262], [78.79434392, 9.22995572], [78.76427015, 9.22138474], [78.75542228, 9.21583015], [78.7326028, 9.21188935], [78.71947883, 9.2036243], [78.71534884, 9.18915432], [78.69071346, 9.19490945], [78.67847477, 9.19595998], [78.66137213, 9.19266152], [78.64807758, 9.18503577], [78.64207638, 9.17201619], [78.64989176, 9.1604744], [78.60159334, 9.14657195], [78.58792874, 9.13935081], [78.57894566, 9.1314292], [78.55094108, 9.138092], [78.53090273, 9.13807781], [78.50273233, 9.1338735], [78.48815659, 9.12896517], [78.46753635, 9.12798949], [78.41528685, 9.11459811], [78.38488733, 9.09472233], [78.36540185, 9.10314786], [78.35680093, 9.09861303], [78.35637639, 9.11805686], [78.35032661, 9.11755447], [78.3152484, 9.13306938], [78.28786291, 9.13630456], [78.27394607, 9.14148591], [78.27497199, 9.14866524], [78.29137269, 9.17941538], [78.29612057, 9.20508086], [78.26935485, 9.20209872], [78.27283623, 9.25722112], [78.2809738, 9.2841942], [78.30473448, 9.28123464], [78.31643451, 9.28216826], [78.32250155, 9.27737747], [78.3358984, 9.28204038], [78.34676414, 9.29787324], [78.34613036, 9.30940549], [78.35333038, 9.30863767], [78.36487964, 9.33946525], [78.36265785, 9.34919373], [78.33747257, 9.35427258], [78.32943551, 9.34585842], [78.32357494, 9.33396804], [78.31140401, 9.33502813], [78.30480234, 9.32350788], [78.2938678, 9.33197267], [78.2953762, 9.34261931], [78.31048254, 9.34515437], [78.30655735, 9.35244996], [78.30825248, 9.36502235], [78.30349128, 9.38428857], [78.29621573, 9.3889929], [78.28398365, 9.38992547], [78.27406156, 9.38439372], [78.26319928, 9.3866279], [78.25523321, 9.37364168], [78.24303629, 9.38106253], [78.24319451, 9.4066767], [78.22252274, 9.41012276], [78.22101628, 9.42991019], [78.2150439, 9.43345583], [78.21862126, 9.44740129], [78.22823652, 9.44499836], [78.27190594, 9.4485009], [78.30117869, 9.44216192], [78.31103491, 9.46794109], [78.33037796, 9.46281811], [78.33077134, 9.48079241], [78.32848778, 9.49520395], [78.33953936, 9.4959153], [78.34732443, 9.51139896], [78.36529374, 9.51203326], [78.37569939, 9.50799672], [78.3822614, 9.51594865], [78.38737106, 9.5360972], [78.37632711, 9.53976345], [78.37659101, 9.55264738], [78.37293779, 9.57318465], [78.38243873, 9.579577], [78.39387119, 9.58135801], [78.40257129, 9.59086455], [78.4118312, 9.58785766], [78.41794954, 9.60013064], [78.42557015, 9.60034681], [78.42946126, 9.60882709], [78.44016231, 9.61527648], [78.45390101, 9.61592037], [78.46195471, 9.63612134], [78.47230241, 9.62712282], [78.47711815, 9.61319801], [78.48607118, 9.60929921], [78.50299082, 9.61092964], [78.49888687, 9.59809248], [78.50676571, 9.59316599], [78.52010267, 9.57888993], [78.53071158, 9.57573782], [78.55764821, 9.57475474], [78.5713729, 9.56672427], [78.57578926, 9.57606469], [78.58998693, 9.57053801], [78.59757139, 9.56090538], [78.61136716, 9.55705943], [78.61701963, 9.54873269], [78.61506643, 9.53756204], [78.6337932, 9.52737746], [78.64296959, 9.52692979], [78.65557473, 9.52005328], [78.66180584, 9.53611929], [78.65422812, 9.54319918], [78.6837927, 9.56295145], [78.69378318, 9.57676497], [78.67894625, 9.59385077], [78.68121122, 9.60224983], [78.70597055, 9.59359302], [78.72728184, 9.58921647], [78.7504754, 9.58879108], [78.76353271, 9.59298646], [78.77225682, 9.58846422], [78.7944778, 9.59695131], [78.82127412, 9.59974645], [78.82731129, 9.61663212], [78.81866401, 9.62446486], [78.79467066, 9.62568012], [78.79464321, 9.64353656], [78.78559337, 9.65201937], [78.79440972, 9.66531695], [78.79374684, 9.674132], [78.7991857, 9.69627084], [78.79574836, 9.70347132], [78.7822222, 9.71263088], [78.78047079, 9.71833539], [78.7518791, 9.71580306], [78.74492077, 9.70762448], [78.74123337, 9.74649387], [78.73279003, 9.74902797], [78.7340061, 9.75868601], [78.7443149, 9.76029216], [78.74479161, 9.78230728], [78.75217207, 9.7804791], [78.77418246, 9.78678861], [78.78454674, 9.78531356], [78.78233788, 9.76521433], [78.7920419, 9.7755466], [78.79827344, 9.78720233], [78.81042858, 9.78667175], [78.81695615, 9.78024929], [78.82765499, 9.79275063], [78.83141675, 9.7819425], [78.82165396, 9.7608613], [78.80578606, 9.75980023], [78.80890852, 9.73899742], [78.8153261, 9.73155332], [78.82606144, 9.73411392], [78.81663596, 9.74430621], [78.82432253, 9.75016632], [78.83388776, 9.7499599], [78.845149, 9.742977], [78.85821587, 9.7652555], [78.88333603, 9.74724659], [78.89284167, 9.76211901], [78.8932749, 9.77286893], [78.88675348, 9.78675637], [78.87356398, 9.78526449], [78.86647689, 9.78932365], [78.8677431, 9.80572893], [78.86438362, 9.81381617], [78.87402778, 9.82472477], [78.8660826, 9.8341408], [78.87239531, 9.84454297], [78.86877108, 9.85337147], [78.88346758, 9.88019692], [78.8908573, 9.8788452], [78.90142547, 9.89522729], [78.89387162, 9.90727495], [78.89443718, 9.91320138], [78.90385243, 9.91923589], [78.90961075, 9.91725549], [78.91655562, 9.92731315], [78.92969116, 9.9259554], [78.94395605, 9.91684869], [78.96293809, 9.92386518], [78.96723341, 9.94314885], [78.97538566, 9.94139724], [78.99106265, 9.94400992], [78.9976469, 9.93121011], [79.01563731, 9.90316078], [79.02244425, 9.90266583], [79.03526954, 9.88564989], [79.04109704, 9.86478006], [79.04731215, 9.85805508], [79.05744096, 9.85889382], [79.06680576, 9.85084916], [79.09794365, 9.85636896], [79.10665564, 9.85081684]]]]}, "geometry_name": "geom", "properties": {"geo_id": "IN-TN-RAM", "district_name": "Ramanathapuram", "state_name": "Tamil Nadu", "state_geo_id": "IN-TN", "agro_climatic_zone": "Southern Zone"}}, {"type": "Feature", "id": "NowcastWarningDistrict.fid-2bfa195d_1a08a681a2b_6101", "geometry": {"type": "MultiPolygon", "coordinates": [[[[79.78988965, 13.0245715], [79.78059321, 13.02253421], [79.74758887, 13.00290183], [79.74528399, 12.99583801], [79.73409905, 12.98679], [79.69891727, 12.9751093], [79.6832085, 12.96154959], [79.6588847, 12.95058408], [79.66225985, 12.92997881], [79.64117938, 12.92311054], [79.63764076, 12.92441689], [79.61978213, 12.9134928], [79.57770559, 12.89979302], [79.56827477, 12.89956944], [79.5641366, 12.88597789], [79.55701004, 12.88490023], [79.55875969, 12.87224575], [79.56713782, 12.85944826], [79.55962176, 12.85355273], [79.53917559, 12.86293362], [79.51190356, 12.85659968], [79.50287359, 12.868568], [79.47255886, 12.87426696], [79.47288683, 12.85131155], [79.45699763, 12.84419814], [79.46050724, 12.82863593], [79.45736056, 12.81046778], [79.47714924, 12.80713027], [79.47645567, 12.79952845], [79.46229849, 12.79852983], [79.45980234, 12.78336257], [79.46916468, 12.77079044], [79.45628954, 12.75038358], [79.45338588, 12.74026028], [79.46692429, 12.732166], [79.47532651, 12.73139932], [79.4655062, 12.71814636], [79.46517336, 12.69994111], [79.4549901, 12.69909894], [79.45910746, 12.68994084], [79.45097745, 12.67118177], [79.43401871, 12.6652106], [79.42679549, 12.65809789], [79.40990766, 12.65608896], [79.40518429, 12.64578445], [79.38291699, 12.62826703], [79.36933097, 12.63222605], [79.35181753, 12.64636692], [79.36243525, 12.65175089], [79.36056995, 12.6670681], [79.35627489, 12.67230156], [79.37001458, 12.68058261], [79.38275621, 12.68281108], [79.39494657, 12.6898332], [79.38007238, 12.7077689], [79.39237828, 12.7139245], [79.39343756, 12.72276504], [79.38654108, 12.73250068], [79.37978224, 12.73347247], [79.37644907, 12.72174377], [79.35564425, 12.71894944], [79.35366082, 12.7110262], [79.35774099, 12.6968031], [79.34512773, 12.69488984], [79.33894428, 12.70122553], [79.34578887, 12.70767616], [79.3430231, 12.73155339], [79.33024135, 12.73522119], [79.32759759, 12.73994376], [79.29599154, 12.74723476], [79.28362574, 12.7633792], [79.28828587, 12.77548465], [79.28519365, 12.78161672], [79.27151254, 12.79149136], [79.26204767, 12.79412227], [79.25879585, 12.81414746], [79.25232353, 12.80811963], [79.24020879, 12.80859559], [79.23813173, 12.79764524], [79.2086815, 12.78472933], [79.1980037, 12.79009254], [79.19083817, 12.80991758], [79.17819785, 12.82003062], [79.18192223, 12.83484994], [79.18400954, 12.86071547], [79.19402758, 12.87524394], [79.1915927, 12.88371432], [79.21090366, 12.8952117], [79.20582957, 12.90485359], [79.19133125, 12.90807075], [79.18624692, 12.91780717], [79.1943831, 12.93352916], [79.21000505, 12.9385146], [79.21673353, 12.95495033], [79.22864652, 12.95715173], [79.25223633, 12.95153229], [79.26084344, 12.94373099], [79.26915967, 12.95666983], [79.27011709, 12.96951052], [79.26718831, 12.98483522], [79.26953772, 12.9975996], [79.27918033, 13.01066888], [79.28569615, 13.03882394], [79.29206997, 13.04279435], [79.2935419, 13.05182499], [79.27245434, 13.08702], [79.29338146, 13.1014138], [79.30349876, 13.08343365], [79.32473168, 13.07768116], [79.33494695, 13.06055404], [79.34673921, 13.06336254], [79.37930079, 13.07547274], [79.38291538, 13.08104538], [79.40389781, 13.08070086], [79.41361733, 13.08538214], [79.4189579, 13.09510301], [79.41745156, 13.10492424], [79.40732547, 13.10014379], [79.40161291, 13.10421194], [79.40464793, 13.11520782], [79.41331276, 13.1187502], [79.41222225, 13.13762403], [79.41877714, 13.149957], [79.43406239, 13.13649058], [79.43861128, 13.12506413], [79.43210331, 13.11843525], [79.44366251, 13.11401265], [79.45093762, 13.0932478], [79.46331396, 13.09675592], [79.46454399, 13.10734935], [79.47528774, 13.10766654], [79.4751903, 13.13039093], [79.48167309, 13.13949084], [79.50577441, 13.13729976], [79.51729114, 13.14378161], [79.53257712, 13.13648431], [79.5691279, 13.13726405], [79.5709117, 13.12188894], [79.59438767, 13.12198373], [79.5992883, 13.13064844], [79.59576851, 13.13990399], [79.60316465, 13.14751136], [79.61012859, 13.14507598], [79.63106099, 13.14555586], [79.63664131, 13.15008891], [79.63154533, 13.17156141], [79.64494881, 13.1790589], [79.64813271, 13.19949609], [79.66120643, 13.21042317], [79.67151066, 13.20379153], [79.67160492, 13.18805449], [79.68417837, 13.18716636], [79.7007569, 13.19164579], [79.70079087, 13.18118759], [79.69181883, 13.17723975], [79.69486287, 13.15904335], [79.70623724, 13.16328865], [79.73653985, 13.16694329], [79.73899705, 13.14343164], [79.73744244, 13.12087968], [79.72208212, 13.10761616], [79.70265169, 13.10867537], [79.70147329, 13.09941505], [79.72277535, 13.09939029], [79.73632939, 13.09511869], [79.73552825, 13.08685724], [79.74164173, 13.07600769], [79.73811942, 13.06552828], [79.72577426, 13.06796459], [79.72444792, 13.05950443], [79.73523596, 13.06059406], [79.74658631, 13.05107102], [79.76337678, 13.05243761], [79.76997485, 13.0600922], [79.7881446, 13.05658768], [79.79118161, 13.04659594], [79.7861645, 13.03872099], [79.78988965, 13.0245715]]]]}, "geometry_name": "geom", "properties": {"geo_id": "IN-TN-RAN", "district_name": "Ranippettai", "state_name": "Tamil Nadu", "state_geo_id": "IN-TN", "agro_climatic_zone": ""}}, {"type": "Feature", "id": "NowcastWarningDistrict.fid-2bfa195d_1a08a681a2b_6102", "geometry": {"type": "MultiPolygon", "coordinates": [[[[78.62682175, 11.8692228], [78.6355502, 11.86499213], [78.65529225, 11.86520365], [78.66120673, 11.85755076], [78.67760764, 11.85833053], [78.69346083, 11.85129893], [78.69411781, 11.83445276], [78.69035644, 11.81843922], [78.69224817, 11.80388441], [78.67915825, 11.80200653], [78.66487048, 11.79616876], [78.65925778, 11.77865878], [78.6431732, 11.76833618], [78.64336537, 11.7560688], [78.63906878, 11.7409983], [78.63791099, 11.72124124], [78.65262157, 11.71595101], [78.64954372, 11.66766987], [78.66002066, 11.66162627], [78.65906724, 11.64794156], [78.68009971, 11.64357139], [78.67786978, 11.67183601], [78.68241746, 11.68210597], [78.70042822, 11.69161932], [78.70959497, 11.69016234], [78.71794969, 11.68319687], [78.72495517, 11.68901599], [78.73775878, 11.69295956], [78.75380803, 11.69396545], [78.7806477, 11.7033417], [78.79135092, 11.69341476], [78.80460647, 11.68824771], [78.80648946, 11.6613449], [78.78728424, 11.64904468], [78.78594948, 11.63681297], [78.78984039, 11.62888154], [78.78643429, 11.61348511], [78.77674189, 11.61335518], [78.77665342, 11.60474443], [78.81762589, 11.59086628], [78.82786585, 11.57667533], [78.81663806, 11.56065386], [78.81603722, 11.54247394], [78.82921061, 11.54388238], [78.8340668, 11.53212646], [78.84304726, 11.52301982], [78.83522475, 11.51465196], [78.83385571, 11.50662857], [78.82209012, 11.50962773], [78.8102659, 11.50792098], [78.81197769, 11.49875496], [78.80973629, 11.48193963], [78.79843524, 11.48188237], [78.79623268, 11.46094007], [78.78951719, 11.45376912], [78.81933734, 11.43955674], [78.82235062, 11.4259066], [78.81274931, 11.41662919], [78.79904548, 11.38493048], [78.78918166, 11.38650054], [78.77323531, 11.40828661], [78.77254994, 11.41535583], [78.76030675, 11.42828758], [78.75604169, 11.43712261], [78.74323395, 11.44329153], [78.74134855, 11.44964751], [78.70824389, 11.45700319], [78.69967001, 11.45573966], [78.68855078, 11.4431535], [78.68835223, 11.43549645], [78.6757506, 11.42818504], [78.65133333, 11.42241998], [78.65078254, 11.40747647], [78.65668757, 11.40063256], [78.65881599, 11.37963634], [78.66318573, 11.37378685], [78.65563559, 11.36617111], [78.6412554, 11.34208403], [78.62187088, 11.3364564], [78.6045246, 11.33876961], [78.59313156, 11.32687054], [78.58365089, 11.32978708], [78.57963345, 11.31886399], [78.57155484, 11.31524632], [78.55292174, 11.32005137], [78.55537262, 11.33538889], [78.55209924, 11.34604654], [78.5534379, 11.35865358], [78.54241776, 11.36945809], [78.52348425, 11.37066764], [78.51531075, 11.38447804], [78.50621762, 11.38329453], [78.50821845, 11.39050745], [78.50980349, 11.39679315], [78.49628204, 11.40888519], [78.48622033, 11.40741994], [78.47193984, 11.40806195], [78.44739466, 11.40015829], [78.44306699, 11.40872935], [78.4487993, 11.43145524], [78.44269634, 11.45393965], [78.43646631, 11.46402529], [78.42591395, 11.47090668], [78.4324039, 11.47636135], [78.43620942, 11.48660329], [78.43421361, 11.49894802], [78.4553002, 11.49919658], [78.46504553, 11.50549016], [78.47340528, 11.52004688], [78.47119417, 11.52846849], [78.46162861, 11.52923517], [78.46256645, 11.53905254], [78.4558572, 11.54386369], [78.46063376, 11.56134611], [78.44892328, 11.56864446], [78.45162121, 11.59706153], [78.43905039, 11.59811294], [78.41814339, 11.58991238], [78.39172732, 11.58536276], [78.38287017, 11.57519727], [78.36570194, 11.5779405], [78.35649379, 11.55888317], [78.33010871, 11.53162352], [78.32324943, 11.54260604], [78.32428284, 11.5549054], [78.30737304, 11.57096591], [78.31926276, 11.57849014], [78.31186597, 11.58767775], [78.30326844, 11.58875643], [78.28354104, 11.58053683], [78.27192958, 11.57867491], [78.26432909, 11.56699656], [78.26389234, 11.55907269], [78.24360433, 11.55270846], [78.23959986, 11.55746513], [78.2096547, 11.56464357], [78.20375458, 11.56318958], [78.2014693, 11.55308775], [78.16537502, 11.54802719], [78.16058853, 11.53881123], [78.1482952, 11.53905174], [78.13932957, 11.54343658], [78.11916596, 11.53910169], [78.10513805, 11.55747929], [78.09688817, 11.54773767], [78.07895182, 11.54679932], [78.07525301, 11.52237655], [78.05509063, 11.52221373], [78.05415795, 11.51397781], [78.04365734, 11.51508226], [78.03444026, 11.52842266], [78.01661427, 11.53028289], [78.00758249, 11.52489119], [77.97970379, 11.53026857], [77.97896643, 11.53050413], [77.97213862, 11.50855653], [77.9769914, 11.50136068], [77.97261233, 11.484736], [77.97425461, 11.47570887], [77.96717269, 11.46995237], [77.9468025, 11.46673029], [77.94114164, 11.45979767], [77.9310375, 11.45979954], [77.91881067, 11.45215324], [77.91305091, 11.45412015], [77.91162377, 11.43401936], [77.90776041, 11.42570267], [77.89872013, 11.42040123], [77.89029432, 11.42431605], [77.88014563, 11.42347989], [77.87421238, 11.41619333], [77.86392176, 11.41829928], [77.85248154, 11.41510715], [77.84658787, 11.42800693], [77.84918049, 11.43434894], [77.83793977, 11.44135818], [77.83275324, 11.43916512], [77.82114473, 11.44897159], [77.8344502, 11.45703344], [77.83119463, 11.46894791], [77.81582052, 11.46739896], [77.81432897, 11.45755382], [77.80500376, 11.45783169], [77.80408074, 11.44844324], [77.78429392, 11.45081028], [77.78856818, 11.46778476], [77.78489417, 11.47783625], [77.77273894, 11.4828086], [77.76662656, 11.4802614], [77.76103897, 11.45098696], [77.75394982, 11.45174781], [77.74379597, 11.44621587], [77.73199633, 11.44468782], [77.71937973, 11.45331623], [77.70867896, 11.44916976], [77.70625346, 11.46094981], [77.69658993, 11.46442806], [77.70252413, 11.48251163], [77.73143508, 11.5096921], [77.73262333, 11.51712799], [77.72359652, 11.53423582], [77.73184493, 11.55182821], [77.746199, 11.5706482], [77.73652504, 11.59395506], [77.73649546, 11.60354129], [77.74938303, 11.62356708], [77.7502823, 11.63211038], [77.76126151, 11.6482201], [77.76859476, 11.67947022], [77.77651773, 11.69570464], [77.77055044, 11.69706288], [77.74891254, 11.66418963], [77.74562211, 11.65461015], [77.73634282, 11.65773267], [77.7149622, 11.64928668], [77.71629496, 11.64218972], [77.7054702, 11.63442902], [77.69619476, 11.63911532], [77.68945495, 11.65243082], [77.68963236, 11.66368935], [77.69468984, 11.67437031], [77.69698399, 11.69155498], [77.68989461, 11.69475137], [77.695134, 11.70677558], [77.6909615, 11.7185088], [77.69643642, 11.72261082], [77.69730184, 11.73568967], [77.70306851, 11.74607071], [77.71032915, 11.77140734], [77.71524356, 11.77556433], [77.72218178, 11.79508419], [77.70983192, 11.79759643], [77.70571919, 11.77619589], [77.68626453, 11.74247611], [77.66329406, 11.72068575], [77.65083502, 11.70430227], [77.64033208, 11.68317838], [77.63433505, 11.66396145], [77.62275114, 11.66487385], [77.61912368, 11.65689208], [77.61066007, 11.65224813], [77.59846598, 11.67184241], [77.58180709, 11.67594843], [77.56430451, 11.66087176], [77.55662733, 11.64517908], [77.53727952, 11.619235], [77.53548637, 11.60175927], [77.5279464, 11.58595659], [77.51225054, 11.59135246], [77.51631275, 11.57933589], [77.50396794, 11.56450745], [77.49328704, 11.55878484], [77.48559474, 11.54981914], [77.44470634, 11.56137435], [77.4518401, 11.58060755], [77.44970709, 11.59542534], [77.4586244, 11.60663732], [77.4450179, 11.61838755], [77.4387568, 11.64760772], [77.45085207, 11.65735448], [77.45402602, 11.66607528], [77.44173588, 11.67177126], [77.44208467, 11.68080066], [77.43561569, 11.70276568], [77.44318323, 11.71658713], [77.43526237, 11.71695307], [77.43505392, 11.73150239], [77.41942536, 11.72883012], [77.41540414, 11.73957548], [77.42536281, 11.75135715], [77.42724111, 11.76087037], [77.43380662, 11.77813679], [77.44218956, 11.78358209], [77.44980339, 11.79601025], [77.45209919, 11.81303405], [77.45761169, 11.82976314], [77.46639873, 11.84631272], [77.46195883, 11.8528272], [77.46548953, 11.87508223], [77.46044796, 11.88163754], [77.46365986, 11.89552181], [77.47409612, 11.89502597], [77.4830702, 11.89957446], [77.49059136, 11.90848954], [77.49286717, 11.94126238], [77.50368711, 11.94113106], [77.53798391, 11.9323854], [77.54252159, 11.93816329], [77.56106959, 11.94191573], [77.57531437, 11.93648164], [77.59357813, 11.94022284], [77.60435619, 11.93790094], [77.62400193, 11.94730824], [77.64603574, 11.94992065], [77.66907023, 11.94907351], [77.67566989, 11.95201161], [77.69022179, 11.94208692], [77.73900678, 11.93919781], [77.74012852, 11.9320061], [77.75787111, 11.91870576], [77.76266677, 11.90990744], [77.78043792, 11.91134268], [77.80741754, 11.90907752], [77.8361051, 11.90085724], [77.84774072, 11.89429592], [77.85075919, 11.90562781], [77.865914, 11.91533346], [77.88265785, 11.91225587], [77.9002225, 11.90219831], [77.91715331, 11.89828684], [77.93236833, 11.90112308], [77.94702628, 11.8951764], [77.95536247, 11.9009779], [77.97034589, 11.8955587], [77.97922444, 11.90198314], [77.9984309, 11.90975022], [78.01012266, 11.92063795], [78.02712396, 11.92065837], [78.03004928, 11.9290711], [78.03904338, 11.93633776], [78.06682295, 11.93878176], [78.0733093, 11.93763062], [78.09554712, 11.95285311], [78.12249776, 11.95944087], [78.12904397, 11.9644988], [78.14485916, 11.96825007], [78.16907544, 11.96753822], [78.17905664, 11.97284321], [78.23486558, 11.9792601], [78.25320846, 11.95116522], [78.2570007, 11.94021958], [78.27188424, 11.93580521], [78.25955226, 11.92103798], [78.26426738, 11.91824663], [78.27502569, 11.93144016], [78.28058401, 11.93241856], [78.27998917, 11.91493962], [78.27232885, 11.90305827], [78.28007294, 11.89956721], [78.29265075, 11.90677182], [78.2908405, 11.91243028], [78.30230751, 11.92274825], [78.30990358, 11.92413797], [78.31953622, 11.93238016], [78.32913083, 11.92661913], [78.33124826, 11.91894917], [78.32270476, 11.90521132], [78.32806309, 11.89406611], [78.34000922, 11.89721852], [78.35426296, 11.91228533], [78.36002805, 11.90895011], [78.35468265, 11.89166523], [78.36574791, 11.89183785], [78.36755678, 11.88056518], [78.35153836, 11.85428922], [78.35077894, 11.83391749], [78.3288986, 11.79769545], [78.31592701, 11.78484692], [78.32828345, 11.77598127], [78.34501652, 11.79348541], [78.3512423, 11.79285332], [78.38319222, 11.830362], [78.38734518, 11.84631753], [78.40290299, 11.8730615], [78.41437683, 11.88014329], [78.44148322, 11.86834623], [78.43307026, 11.86223235], [78.44067395, 11.83965348], [78.45538152, 11.82635222], [78.46882469, 11.82373589], [78.47751691, 11.81788804], [78.49082813, 11.81770764], [78.49882255, 11.8139563], [78.51773457, 11.81222088], [78.52182593, 11.81531423], [78.53493736, 11.80724621], [78.54677467, 11.8069517], [78.57430052, 11.81942482], [78.59557602, 11.82262847], [78.6116145, 11.85462258], [78.62682175, 11.8692228]], [[77.5321324, 11.84847574], [77.53527915, 11.82573679], [77.53203452, 11.81474752], [77.52659883, 11.81126067], [77.52722714, 11.79994277], [77.53311343, 11.78928894], [77.52935088, 11.77634462], [77.50835076, 11.76218866], [77.48043277, 11.73918363], [77.46688679, 11.74360601], [77.44997306, 11.6969272], [77.4573539, 11.67799595], [77.47167342, 11.69399644], [77.4694493, 11.70705961], [77.48346933, 11.72058987], [77.4964653, 11.74060122], [77.50978595, 11.75325777], [77.52523511, 11.75226608], [77.53882429, 11.7392799], [77.54745013, 11.74845142], [77.53992865, 11.75237411], [77.55705789, 11.76649961], [77.56013253, 11.76231485], [77.5639051, 11.72987409], [77.57160171, 11.71144134], [77.57790872, 11.72522601], [77.59612812, 11.75072229], [77.58517553, 11.75799893], [77.58951131, 11.77196187], [77.61407026, 11.76546929], [77.62076964, 11.73724253], [77.63154992, 11.72922735], [77.6354198, 11.75387592], [77.62511668, 11.76672633], [77.61708305, 11.7856739], [77.60603534, 11.79155366], [77.59338287, 11.78564911], [77.57191802, 11.78549792], [77.57347805, 11.80115834], [77.55566566, 11.80077846], [77.54954499, 11.80840257], [77.54246947, 11.82472213], [77.54263822, 11.8418891], [77.5321324, 11.84847574]]]]}, "geometry_name": "geom", "properties": {"geo_id": "IN-TN-SAL", "district_name": "Salem", "state_name": "Tamil Nadu", "state_geo_id": "IN-TN", "agro_climatic_zone": "North Western Zone"}}, {"type": "Feature", "id": "NowcastWarningDistrict.fid-2bfa195d_1a08a681a2b_6103", "geometry": {"type": "MultiPolygon", "coordinates": [[[[78.50556692, 10.37589681], [78.49762112, 10.36406026], [78.49774459, 10.35211272], [78.50945367, 10.34696219], [78.52141175, 10.32627938], [78.51536906, 10.30909647], [78.51891254, 10.30021994], [78.5133114, 10.28908241], [78.51702536, 10.27995853], [78.50743573, 10.26440713], [78.48690479, 10.26437452], [78.47126478, 10.26977666], [78.45274684, 10.26704173], [78.45014594, 10.24885886], [78.45759246, 10.24056663], [78.47507789, 10.24501032], [78.48774382, 10.23440597], [78.478453, 10.22255163], [78.47280366, 10.20773059], [78.48459978, 10.19233492], [78.49836099, 10.18859192], [78.51598597, 10.19034385], [78.51381698, 10.19781017], [78.51554531, 10.22672726], [78.51894699, 10.23664232], [78.52759317, 10.23854535], [78.53394734, 10.25440757], [78.54851903, 10.25210033], [78.57062855, 10.25677011], [78.57683851, 10.26625462], [78.5717357, 10.28000924], [78.57792778, 10.28723492], [78.59163626, 10.27906273], [78.6250455, 10.2685621], [78.63622403, 10.26923214], [78.65172769, 10.25315972], [78.64830292, 10.24546727], [78.65061144, 10.23659308], [78.64724816, 10.22581205], [78.65852207, 10.21438071], [78.67323092, 10.20469937], [78.66425434, 10.18053643], [78.67035805, 10.17606976], [78.6680429, 10.15428693], [78.68638457, 10.1458761], [78.70896702, 10.17550219], [78.72664355, 10.16981521], [78.72732573, 10.16233433], [78.75259511, 10.16507393], [78.76718751, 10.16343396], [78.76480177, 10.17425063], [78.76533318, 10.19336795], [78.76962044, 10.19944047], [78.7876797, 10.20685531], [78.79358489, 10.20623767], [78.81005719, 10.21276482], [78.82323466, 10.19810305], [78.8164732, 10.16983513], [78.81882519, 10.15925312], [78.82954834, 10.15452208], [78.83675022, 10.14034237], [78.84838475, 10.13746876], [78.84789326, 10.12606799], [78.86227341, 10.12644442], [78.8712789, 10.1369234], [78.88186815, 10.15453096], [78.89653217, 10.14725268], [78.90176567, 10.15179552], [78.91352282, 10.14461157], [78.91031892, 10.13251046], [78.92810122, 10.12079137], [78.92860297, 10.12005897], [78.95004271, 10.10850993], [78.96429704, 10.11914799], [78.96768868, 10.12664665], [78.97699981, 10.1095069], [78.97703408, 10.10184011], [78.98697501, 10.08936505], [78.97700072, 10.08117235], [78.97180988, 10.0821683], [78.96012156, 10.09527168], [78.94982439, 10.08953739], [78.94587643, 10.07888783], [78.93565305, 10.07333842], [78.94372359, 10.05561659], [78.93377968, 10.05314101], [78.92557273, 10.04265453], [78.93142401, 10.03906445], [78.93022653, 10.02176454], [78.95167752, 10.00800935], [78.96485747, 10.00749103], [78.98147833, 9.99036206], [78.99753677, 9.99452934], [79.01392223, 9.98093624], [79.0028874, 9.97878033], [78.99660059, 9.96717014], [79.00330675, 9.95621396], [78.98798225, 9.95022671], [78.99106265, 9.94400992], [78.97538566, 9.94139724], [78.96723341, 9.94314885], [78.96293809, 9.92386518], [78.94395605, 9.91684869], [78.92969116, 9.9259554], [78.91655562, 9.92731315], [78.90961075, 9.91725549], [78.90385243, 9.91923589], [78.89443718, 9.91320138], [78.89387162, 9.90727495], [78.90142547, 9.89522729], [78.8908573, 9.8788452], [78.88346758, 9.88019692], [78.86877108, 9.85337147], [78.87239531, 9.84454297], [78.8660826, 9.8341408], [78.87402778, 9.82472477], [78.86438362, 9.81381617], [78.8677431, 9.80572893], [78.86647689, 9.78932365], [78.87356398, 9.78526449], [78.88675348, 9.78675637], [78.8932749, 9.77286893], [78.89284167, 9.76211901], [78.88333603, 9.74724659], [78.85821587, 9.7652555], [78.845149, 9.742977], [78.83388776, 9.7499599], [78.82432253, 9.75016632], [78.81663596, 9.74430621], [78.82606144, 9.73411392], [78.8153261, 9.73155332], [78.80890852, 9.73899742], [78.80578606, 9.75980023], [78.82165396, 9.7608613], [78.83141675, 9.7819425], [78.82765499, 9.79275063], [78.81695615, 9.78024929], [78.81042858, 9.78667175], [78.79827344, 9.78720233], [78.7920419, 9.7755466], [78.78233788, 9.76521433], [78.78454674, 9.78531356], [78.77418246, 9.78678861], [78.75217207, 9.7804791], [78.74479161, 9.78230728], [78.7443149, 9.76029216], [78.7340061, 9.75868601], [78.73279003, 9.74902797], [78.74123337, 9.74649387], [78.74492077, 9.70762448], [78.7518791, 9.71580306], [78.78047079, 9.71833539], [78.7822222, 9.71263088], [78.79574836, 9.70347132], [78.7991857, 9.69627084], [78.79374684, 9.674132], [78.79440972, 9.66531695], [78.78559337, 9.65201937], [78.79464321, 9.64353656], [78.79467066, 9.62568012], [78.81866401, 9.62446486], [78.82731129, 9.61663212], [78.82127412, 9.59974645], [78.7944778, 9.59695131], [78.77225682, 9.58846422], [78.76353271, 9.59298646], [78.7504754, 9.58879108], [78.72728184, 9.58921647], [78.70597055, 9.59359302], [78.68121122, 9.60224983], [78.67894625, 9.59385077], [78.69378318, 9.57676497], [78.6837927, 9.56295145], [78.65422812, 9.54319918], [78.66180584, 9.53611929], [78.65557473, 9.52005328], [78.64296959, 9.52692979], [78.6337932, 9.52737746], [78.61506643, 9.53756204], [78.61701963, 9.54873269], [78.61136716, 9.55705943], [78.59757139, 9.56090538], [78.58998693, 9.57053801], [78.57578926, 9.57606469], [78.5713729, 9.56672427], [78.55764821, 9.57475474], [78.53071158, 9.57573782], [78.52010267, 9.57888993], [78.50676571, 9.59316599], [78.49888687, 9.59809248], [78.50299082, 9.61092964], [78.48607118, 9.60929921], [78.47711815, 9.61319801], [78.47230241, 9.62712282], [78.46195471, 9.63612134], [78.45390101, 9.61592037], [78.44016231, 9.61527648], [78.42946126, 9.60882709], [78.41775907, 9.60849841], [78.40753819, 9.61917707], [78.40004897, 9.61190376], [78.39404083, 9.61874827], [78.38981843, 9.63097225], [78.39390508, 9.64588118], [78.38846126, 9.65361157], [78.37617894, 9.65707433], [78.35555799, 9.65205245], [78.34973627, 9.66601451], [78.33925873, 9.65811134], [78.33610466, 9.66881573], [78.3422411, 9.67226124], [78.33602446, 9.6883674], [78.32703875, 9.69348794], [78.32078465, 9.70957125], [78.32823187, 9.72555744], [78.32237944, 9.73403259], [78.31214352, 9.71907646], [78.31195243, 9.71883093], [78.30524791, 9.70564867], [78.29952123, 9.70261846], [78.29583355, 9.69095887], [78.30242728, 9.68772823], [78.30037048, 9.67712685], [78.2869076, 9.6758802], [78.28008237, 9.68332124], [78.27947052, 9.6836007], [78.27717933, 9.69433048], [78.27702066, 9.72055003], [78.27194633, 9.729124], [78.27688679, 9.74059885], [78.25696016, 9.75163955], [78.24099888, 9.75574825], [78.22887017, 9.76398841], [78.21850571, 9.77658554], [78.20817522, 9.78147013], [78.20428842, 9.76358753], [78.19647817, 9.76758527], [78.18498325, 9.75751975], [78.16301296, 9.75753046], [78.14742787, 9.75002766], [78.14605141, 9.74290777], [78.1339117, 9.74809318], [78.13701032, 9.76174137], [78.13935298, 9.78018992], [78.14579321, 9.794181], [78.13894316, 9.80016198], [78.14088041, 9.80917601], [78.15930281, 9.80463187], [78.17052752, 9.79468097], [78.16846164, 9.78252992], [78.17368834, 9.7763316], [78.19344544, 9.8066257], [78.17938689, 9.82286134], [78.1652302, 9.82821076], [78.15302317, 9.82168849], [78.14344206, 9.81274717], [78.13477747, 9.81121491], [78.13238002, 9.83321664], [78.12323123, 9.84902493], [78.12500888, 9.85464405], [78.14094068, 9.85132597], [78.15084154, 9.85222062], [78.15128497, 9.874715], [78.16098606, 9.87597555], [78.18102514, 9.8677866], [78.19547616, 9.868937], [78.20999234, 9.87486049], [78.22293594, 9.86298631], [78.22904951, 9.86494203], [78.24126485, 9.85959495], [78.24448143, 9.85417837], [78.23921808, 9.84530608], [78.24671839, 9.8374695], [78.25843775, 9.83416344], [78.26095329, 9.84809681], [78.26699027, 9.85621789], [78.25515805, 9.86394378], [78.2642458, 9.86953907], [78.28733529, 9.8701838], [78.29285808, 9.86184491], [78.30961003, 9.86525292], [78.31333692, 9.87503623], [78.31448257, 9.89019393], [78.31040946, 9.89936985], [78.31349162, 9.91974921], [78.31711043, 9.92620984], [78.33393865, 9.9309096], [78.34034845, 9.93778172], [78.36663483, 9.93350309], [78.37092881, 9.960595], [78.37840257, 9.96052284], [78.38889482, 9.9522276], [78.41258336, 9.95660224], [78.45655684, 9.96850256], [78.45450073, 9.99164371], [78.457909, 10.01136805], [78.45609533, 10.01805889], [78.44348795, 10.03434431], [78.43071304, 10.0360326], [78.42779637, 10.05326526], [78.43739901, 10.06109788], [78.45289336, 10.05892513], [78.45418666, 10.07016288], [78.46186843, 10.07160769], [78.45804892, 10.08426151], [78.45735039, 10.10148926], [78.47066891, 10.11028745], [78.47369654, 10.12105], [78.45726886, 10.12435403], [78.45274666, 10.11904349], [78.43729223, 10.1321332], [78.42951254, 10.12568818], [78.4253391, 10.13331938], [78.40169288, 10.13856988], [78.41303255, 10.16065616], [78.39877423, 10.16567944], [78.39462244, 10.17405607], [78.40380413, 10.19156349], [78.40831498, 10.20519086], [78.40907927, 10.20645855], [78.41233919, 10.21340127], [78.40823282, 10.22279974], [78.39830247, 10.22528209], [78.39280385, 10.24374392], [78.40572024, 10.25030691], [78.41060429, 10.25710749], [78.42508186, 10.25857061], [78.42399719, 10.27110601], [78.40637022, 10.27563274], [78.38754662, 10.27003274], [78.38429693, 10.28974197], [78.39063742, 10.3022364], [78.37867311, 10.31008402], [78.39203479, 10.31781841], [78.40474095, 10.34524337], [78.39975145, 10.3543659], [78.415581, 10.36317956], [78.43663303, 10.36272922], [78.4489399, 10.37490497], [78.43859538, 10.38367201], [78.44022395, 10.40059622], [78.44929434, 10.40982517], [78.46383739, 10.40759326], [78.47015095, 10.40181902], [78.49035886, 10.39582789], [78.49202275, 10.38796178], [78.50579123, 10.3883257], [78.50556692, 10.37589681]]]]}, "geometry_name": "geom", "properties": {"geo_id": "IN-TN-SIV", "district_name": "Sivagangai", "state_name": "Tamil Nadu", "state_geo_id": "IN-TN", "agro_climatic_zone": ""}}, {"type": "Feature", "id": "NowcastWarningDistrict.fid-2bfa195d_1a08a681a2b_6104", "geometry": {"type": "MultiPolygon", "coordinates": [[[[77.33937489, 9.42013672], [77.35027745, 9.412693], [77.36120821, 9.41077709], [77.37221646, 9.40211596], [77.37895856, 9.40186296], [77.38845927, 9.39248251], [77.39716335, 9.39619378], [77.40567601, 9.3935397], [77.41974771, 9.39927079], [77.43483743, 9.39011], [77.43797264, 9.38185473], [77.45051148, 9.36994054], [77.44258981, 9.36259579], [77.44139585, 9.35427337], [77.45764508, 9.35148108], [77.46294204, 9.34589234], [77.45939423, 9.33631825], [77.47151299, 9.32839066], [77.47472496, 9.34074948], [77.50646442, 9.33194793], [77.52095994, 9.3348008], [77.52758272, 9.3489482], [77.53085654, 9.37590605], [77.55208441, 9.36900402], [77.54982799, 9.36317172], [77.56042656, 9.35483792], [77.57486036, 9.35412635], [77.57302341, 9.34302769], [77.58704173, 9.34804322], [77.5914573, 9.3438757], [77.59085167, 9.30884914], [77.60415495, 9.30696532], [77.60659483, 9.30195656], [77.64474168, 9.28874787], [77.67686188, 9.28743892], [77.71210041, 9.2914248], [77.72189604, 9.28090732], [77.7391845, 9.28054553], [77.74160058, 9.26448264], [77.74197817, 9.21931923], [77.73430278, 9.2210619], [77.734496, 9.19630625], [77.72728749, 9.18987066], [77.70584468, 9.18838826], [77.70587273, 9.16939662], [77.69011194, 9.158875], [77.69652662, 9.13392391], [77.68832471, 9.13280858], [77.67410532, 9.13806354], [77.67652216, 9.1103646], [77.68628686, 9.10225751], [77.72583283, 9.10594776], [77.74088368, 9.10435233], [77.7437002, 9.07765177], [77.73717669, 9.07308773], [77.70377944, 9.07287414], [77.70359611, 9.06533344], [77.7125055, 9.04327931], [77.70217232, 9.04025247], [77.68823872, 9.01444099], [77.68912323, 8.99974827], [77.72201421, 9.00254032], [77.72684831, 8.99665785], [77.72922752, 8.9830587], [77.72166476, 8.97875675], [77.71988404, 8.96661889], [77.70303839, 8.96886471], [77.69369797, 8.98984281], [77.68616407, 8.99464956], [77.67598684, 8.98931177], [77.67811284, 8.97181608], [77.68443588, 8.95992097], [77.69027813, 8.95774118], [77.69193435, 8.93623541], [77.69611542, 8.92631605], [77.69483209, 8.91880716], [77.68478945, 8.91898949], [77.66554619, 8.93126113], [77.65691736, 8.9343269], [77.65470451, 8.95646998], [77.63446248, 8.95518659], [77.62969762, 8.94686828], [77.62167281, 8.94924153], [77.6141076, 8.94236505], [77.59323424, 8.94473225], [77.59293336, 8.91074018], [77.57950008, 8.90702685], [77.57303073, 8.90872113], [77.56455927, 8.89528375], [77.57650026, 8.87394746], [77.59067361, 8.87504347], [77.59434735, 8.86813155], [77.58902186, 8.85189663], [77.58531153, 8.82663367], [77.56998352, 8.81137354], [77.568365, 8.7887102], [77.55467269, 8.78549775], [77.53627044, 8.78958481], [77.52001964, 8.78679084], [77.51911512, 8.80187667], [77.50636471, 8.79511387], [77.49310787, 8.79733288], [77.48665215, 8.80597854], [77.47592191, 8.8067182], [77.46846489, 8.8116567], [77.46200009, 8.80248982], [77.46267454, 8.78950129], [77.4589162, 8.76720974], [77.45010859, 8.76387046], [77.42035899, 8.78722015], [77.41438927, 8.81120378], [77.41461256, 8.81837834], [77.40741904, 8.83833837], [77.3943517, 8.84831644], [77.38418369, 8.84935185], [77.38267911, 8.86235829], [77.38648833, 8.87029687], [77.36339172, 8.87315346], [77.33721792, 8.87117548], [77.33138976, 8.8755599], [77.31314892, 8.87250161], [77.29488701, 8.88238474], [77.27328293, 8.87608625], [77.26165351, 8.88135843], [77.25606691, 8.87881737], [77.24601836, 8.87971723], [77.23765576, 8.8856748], [77.23854603, 8.89773978], [77.22123246, 8.90394798], [77.21823965, 8.91868788], [77.21799844, 8.91861638], [77.209983, 8.91850227], [77.19247577, 8.92854732], [77.19704776, 8.93643343], [77.19696991, 8.95168823], [77.18555353, 8.97018386], [77.17820229, 8.96909987], [77.17337653, 8.99145239], [77.16167433, 8.99504179], [77.149347, 9.00958191], [77.14655535, 9.02181524], [77.15477741, 9.0230491], [77.16746704, 9.04529948], [77.18445339, 9.04681204], [77.19287562, 9.04410732], [77.1970755, 9.05715819], [77.20814232, 9.07288], [77.20570393, 9.08498653], [77.21240696, 9.10048239], [77.22525368, 9.10704809], [77.22844488, 9.11688441], [77.24185689, 9.12488702], [77.24728397, 9.12460168], [77.25263175, 9.13894742], [77.26647095, 9.15191549], [77.26714326, 9.1743204], [77.25161748, 9.18937737], [77.25641207, 9.19598104], [77.2700878, 9.20045244], [77.28039469, 9.21623239], [77.27410668, 9.23582295], [77.28254072, 9.25599875], [77.28200806, 9.2728067], [77.28852884, 9.27417372], [77.28322237, 9.29131494], [77.28885361, 9.30188134], [77.29953743, 9.31091198], [77.3025164, 9.31953367], [77.29997274, 9.33665303], [77.3156167, 9.33486163], [77.32505056, 9.34347979], [77.33578543, 9.36103991], [77.33776908, 9.36849932], [77.33600506, 9.38623839], [77.34366457, 9.402437], [77.33649301, 9.4133581], [77.33937489, 9.42013672]]]]}, "geometry_name": "geom", "properties": {"geo_id": "IN-TN-TEN", "district_name": "Tenkasi", "state_name": "Tamil Nadu", "state_geo_id": "IN-TN", "agro_climatic_zone": "Southern Zone"}}, {"type": "Feature", "id": "NowcastWarningDistrict.fid-2bfa195d_1a08a681a2b_6105", "geometry": {"type": "MultiPolygon", "coordinates": [[[[77.69611542, 8.92631605], [77.7248391, 8.92600276], [77.73634531, 8.92389758], [77.73721584, 8.93160984], [77.75999189, 8.92762332], [77.76394143, 8.91754772], [77.7607044, 8.89077891], [77.76827131, 8.88272524], [77.78976389, 8.8826454], [77.80134278, 8.87957403], [77.80991321, 8.87107212], [77.81986797, 8.84631788], [77.81919241, 8.83683305], [77.83132865, 8.83343077], [77.83422076, 8.82348984], [77.84334348, 8.81640677], [77.85051209, 8.8041017], [77.84603241, 8.78879367], [77.8358352, 8.78089458], [77.82107038, 8.77848733], [77.82106826, 8.74980157], [77.82598159, 8.742903], [77.82731944, 8.73049328], [77.82115058, 8.71977401], [77.81769185, 8.69909532], [77.81029805, 8.68328919], [77.82401947, 8.68069577], [77.81663349, 8.67220855], [77.81613965, 8.66478459], [77.8085266, 8.6582952], [77.80864241, 8.64715929], [77.81912244, 8.6502536], [77.81893495, 8.63105164], [77.8056514, 8.61191071], [77.78613036, 8.61897789], [77.78114774, 8.58319963], [77.80313339, 8.57612414], [77.81559468, 8.56315471], [77.8132347, 8.55339281], [77.81967557, 8.55021988], [77.82029029, 8.54054886], [77.81399327, 8.52817755], [77.81384952, 8.51960511], [77.82747039, 8.51188469], [77.82947946, 8.49901403], [77.82675161, 8.48993104], [77.83939463, 8.48435398], [77.83828349, 8.47281191], [77.83262818, 8.45337566], [77.83979349, 8.45169031], [77.83210432, 8.43232168], [77.83800303, 8.4262372], [77.84814181, 8.42375628], [77.85334564, 8.41499516], [77.85159424, 8.40268005], [77.85973474, 8.39892368], [77.85272223, 8.37727239], [77.85140289, 8.35620015], [77.86036855, 8.35630476], [77.85873078, 8.3405175], [77.8836336, 8.34658555], [77.88945755, 8.34206904], [77.88995666, 8.32421578], [77.91216649, 8.32171029], [77.92580298, 8.33090924], [77.93279773, 8.32950697], [77.94989779, 8.33454984], [77.97174857, 8.33326098], [77.95420779, 8.31983491], [77.95330263, 8.31472668], [77.92791506, 8.29856864], [77.899217, 8.28452103], [77.88917056, 8.27398951], [77.84295221, 8.25357799], [77.80413155, 8.2408758], [77.78479419, 8.22327579], [77.78413115, 8.20727135], [77.77500419, 8.19593486], [77.76610657, 8.1933192], [77.74560612, 8.17736779], [77.72075705, 8.16872062], [77.675083, 8.16007455], [77.64922049, 8.15931674], [77.61956063, 8.15236791], [77.5886196, 8.14210701], [77.58176213, 8.15060689], [77.56188764, 8.15657065], [77.53982656, 8.16089265], [77.53846672, 8.17416596], [77.54691883, 8.17936704], [77.54854096, 8.18999623], [77.54382632, 8.21012714], [77.54751828, 8.21854151], [77.54172025, 8.23173695], [77.54725406, 8.24382277], [77.57541811, 8.24503052], [77.5742866, 8.25581711], [77.56194106, 8.26229817], [77.56305971, 8.27559449], [77.5482868, 8.29543858], [77.54200144, 8.31070906], [77.53142823, 8.31799873], [77.54087462, 8.33458844], [77.53967334, 8.34663199], [77.53373025, 8.36806432], [77.54169024, 8.37880807], [77.53144935, 8.39290632], [77.51975759, 8.38222459], [77.5073215, 8.3869904], [77.4914829, 8.37909529], [77.489304, 8.38839603], [77.4721751, 8.40097298], [77.46908039, 8.41527044], [77.46159969, 8.42845655], [77.46329444, 8.44059076], [77.47225659, 8.45526755], [77.45812136, 8.46762463], [77.44447087, 8.47603862], [77.44699806, 8.49816116], [77.43867473, 8.50715981], [77.41170854, 8.51709777], [77.40322591, 8.51724216], [77.3886637, 8.52402174], [77.37521483, 8.51819623], [77.36664135, 8.52492546], [77.36025347, 8.54082154], [77.35332299, 8.53938791], [77.33713942, 8.55266418], [77.31674978, 8.56074452], [77.30901046, 8.56026839], [77.30160584, 8.56630679], [77.28534068, 8.56761402], [77.26907456, 8.57881148], [77.26907446, 8.57881177], [77.2567849, 8.59421531], [77.25690151, 8.59471862], [77.24644279, 8.6034675], [77.2440842, 8.62182076], [77.23465328, 8.62684969], [77.23217065, 8.6356272], [77.21426551, 8.6491398], [77.20833226, 8.6636543], [77.20071086, 8.66907627], [77.20725612, 8.68067708], [77.1956111, 8.70212945], [77.17681813, 8.7262719], [77.17910524, 8.73058402], [77.17001187, 8.74179472], [77.17160214, 8.74972198], [77.18266914, 8.74277989], [77.19693363, 8.74984307], [77.19928302, 8.76494225], [77.19927464, 8.76496444], [77.19966745, 8.76976223], [77.20993244, 8.765342], [77.21451219, 8.77489143], [77.22970888, 8.78458752], [77.23198438, 8.80772625], [77.24251724, 8.8097936], [77.24658055, 8.82214197], [77.26281639, 8.84254474], [77.25657091, 8.87756684], [77.25620668, 8.87872967], [77.25606691, 8.87881737], [77.26165351, 8.88135843], [77.27328293, 8.87608625], [77.29488701, 8.88238474], [77.31314892, 8.87250161], [77.33138976, 8.8755599], [77.33721792, 8.87117548], [77.36339172, 8.87315346], [77.38648833, 8.87029687], [77.38267911, 8.86235829], [77.38418369, 8.84935185], [77.3943517, 8.84831644], [77.40741904, 8.83833837], [77.41461256, 8.81837834], [77.41438927, 8.81120378], [77.42035899, 8.78722015], [77.45010859, 8.76387046], [77.4589162, 8.76720974], [77.46267454, 8.78950129], [77.46200009, 8.80248982], [77.46846489, 8.8116567], [77.47592191, 8.8067182], [77.48665215, 8.80597854], [77.49310787, 8.79733288], [77.50636471, 8.79511387], [77.51911512, 8.80187667], [77.52001964, 8.78679084], [77.53627044, 8.78958481], [77.55467269, 8.78549775], [77.568365, 8.7887102], [77.56998352, 8.81137354], [77.58531153, 8.82663367], [77.58902186, 8.85189663], [77.59434735, 8.86813155], [77.59067361, 8.87504347], [77.57650026, 8.87394746], [77.56455927, 8.89528375], [77.57303073, 8.90872113], [77.57950008, 8.90702685], [77.59293336, 8.91074018], [77.59323424, 8.94473225], [77.6141076, 8.94236505], [77.62167281, 8.94924153], [77.62969762, 8.94686828], [77.63446248, 8.95518659], [77.65470451, 8.95646998], [77.65691736, 8.9343269], [77.66554619, 8.93126113], [77.68478945, 8.91898949], [77.69483209, 8.91880716], [77.69611542, 8.92631605]]]]}, "geometry_name": "geom", "properties": {"geo_id": "IN-TN-TNE", "district_name": "Tirunelveli", "state_name": "Tamil Nadu", "state_geo_id": "IN-TN", "agro_climatic_zone": "Southern Zone"}}, {"type": "Feature", "id": "NowcastWarningDistrict.fid-2bfa195d_1a08a681a2b_6106", "geometry": {"type": "MultiPolygon", "coordinates": [[[[79.53605684, 11.10135822], [79.54110183, 11.10091503], [79.54304636, 11.0899239], [79.55287405, 11.08306042], [79.54691949, 11.0745921], [79.53667757, 11.0704262], [79.52989147, 11.05591855], [79.52156406, 11.05343853], [79.51352966, 11.04375783], [79.51343356, 11.02818089], [79.53012119, 11.02681282], [79.5313483, 11.01087032], [79.54585432, 11.00009872], [79.52296948, 10.99715418], [79.52418392, 10.98855159], [79.51206696, 10.98820416], [79.51590542, 10.96980153], [79.51887574, 10.9465704], [79.51435843, 10.94187641], [79.50122803, 10.94165481], [79.49874031, 10.93184435], [79.48551781, 10.92212148], [79.49352926, 10.91644573], [79.49553258, 10.9042493], [79.50676922, 10.90413461], [79.50721534, 10.89599741], [79.48797596, 10.88870224], [79.48574197, 10.86917085], [79.4720136, 10.86988936], [79.46627742, 10.86471525], [79.45443771, 10.86462332], [79.44640439, 10.87201125], [79.43871251, 10.87323323], [79.40943157, 10.8876298], [79.40506436, 10.89309971], [79.39009992, 10.89612452], [79.37705162, 10.89323158], [79.36824275, 10.89917096], [79.35871588, 10.89988457], [79.34395524, 10.91232742], [79.32887927, 10.91633012], [79.32798121, 10.92501342], [79.30937346, 10.928011], [79.30095051, 10.93581991], [79.29185641, 10.93801872], [79.27887113, 10.92233829], [79.28706, 10.91767603], [79.28667458, 10.90716627], [79.2682386, 10.90533376], [79.27227044, 10.89878987], [79.2678976, 10.8880752], [79.2746591, 10.88259907], [79.27359702, 10.87293884], [79.28864786, 10.87154703], [79.29532227, 10.8641764], [79.29479803, 10.84275909], [79.30177527, 10.82854917], [79.33855925, 10.81089575], [79.35291611, 10.81126361], [79.35624046, 10.80760245], [79.37134702, 10.80832662], [79.37015873, 10.79628446], [79.35347558, 10.79405934], [79.34622569, 10.78311941], [79.34540483, 10.76622234], [79.36141917, 10.76505308], [79.36113207, 10.75224245], [79.34362205, 10.74010741], [79.32039182, 10.73725132], [79.31200617, 10.74683715], [79.30193326, 10.73827319], [79.30838745, 10.72089861], [79.30705085, 10.70995], [79.31308602, 10.70201372], [79.32006435, 10.68487405], [79.31672156, 10.67198583], [79.31789851, 10.66078462], [79.34289673, 10.6584021], [79.35769535, 10.64501432], [79.35427384, 10.63170609], [79.34812832, 10.62694099], [79.3537553, 10.60671745], [79.34855093, 10.60683892], [79.34681174, 10.59246847], [79.35185685, 10.58307563], [79.36111358, 10.57873232], [79.39162861, 10.58184298], [79.39998935, 10.57737651], [79.3980605, 10.56074615], [79.4003352, 10.55381173], [79.42356053, 10.54993113], [79.42851372, 10.55704102], [79.44576442, 10.55820876], [79.44421427, 10.5508725], [79.42337211, 10.54160907], [79.42315205, 10.53536195], [79.43767788, 10.53057714], [79.43909733, 10.52356126], [79.45684298, 10.51967464], [79.45775049, 10.51375719], [79.46915568, 10.51135398], [79.45288664, 10.49076112], [79.46173759, 10.48744107], [79.46798272, 10.49271477], [79.48309107, 10.48960484], [79.47931024, 10.46345097], [79.46999238, 10.45988253], [79.47610462, 10.44972796], [79.47226393, 10.43397995], [79.45467317, 10.43402959], [79.45920414, 10.41875404], [79.46595475, 10.40688625], [79.47379949, 10.40652701], [79.47717918, 10.39352077], [79.46384179, 10.39390865], [79.46834033, 10.38062194], [79.47549711, 10.37204018], [79.48669936, 10.3794367], [79.49018494, 10.37140275], [79.50481839, 10.36632697], [79.5051464, 10.35669406], [79.49875562, 10.34888588], [79.49875577, 10.3148278], [79.43202263, 10.31763718], [79.3880665, 10.31751882], [79.37321695, 10.3079444], [79.36033618, 10.2912271], [79.32925703, 10.28436138], [79.29846141, 10.2632985], [79.27268207, 10.2390405], [79.26698853, 10.22890813], [79.27797961, 10.22206387], [79.27869263, 10.21545466], [79.25997564, 10.19372369], [79.2540282, 10.19557031], [79.24153667, 10.18487041], [79.23610662, 10.17159559], [79.23879935, 10.15986392], [79.22818852, 10.1522865], [79.22604915, 10.13710864], [79.20651386, 10.13678732], [79.20873778, 10.14488777], [79.20296917, 10.15839211], [79.19087382, 10.16180303], [79.17855354, 10.15824272], [79.1671605, 10.16069883], [79.1600147, 10.15681172], [79.1514049, 10.15968256], [79.1569861, 10.16926123], [79.1601863, 10.18458518], [79.15044391, 10.18530397], [79.1525713, 10.19678117], [79.16085365, 10.19512662], [79.17394257, 10.20324001], [79.18250644, 10.1932901], [79.18930278, 10.20112762], [79.18131943, 10.21621724], [79.17393958, 10.21351922], [79.16281404, 10.2180266], [79.15048739, 10.2162639], [79.14423195, 10.23634328], [79.13407242, 10.23070609], [79.11598577, 10.23387808], [79.1175944, 10.25342025], [79.12913786, 10.25360675], [79.13258303, 10.26505043], [79.12786495, 10.28185238], [79.11864954, 10.28877958], [79.1328913, 10.30912407], [79.13478815, 10.32025389], [79.13116068, 10.32549183], [79.11919717, 10.32781614], [79.12025779, 10.33691116], [79.13917197, 10.34175567], [79.15242611, 10.34955948], [79.14873105, 10.37317832], [79.14469892, 10.37689032], [79.14496196, 10.38900403], [79.15269362, 10.40074831], [79.14744056, 10.41087616], [79.13211392, 10.42401158], [79.12894556, 10.43388544], [79.14539158, 10.44950416], [79.15893365, 10.44686862], [79.17239599, 10.45328731], [79.17321692, 10.45870348], [79.19068599, 10.45961441], [79.19442061, 10.46772874], [79.18328685, 10.46981638], [79.17679818, 10.47762269], [79.15883383, 10.4736122], [79.15184263, 10.47579677], [79.14746435, 10.48575332], [79.13513162, 10.48660626], [79.12873701, 10.49239489], [79.14112763, 10.50149339], [79.14046151, 10.5123005], [79.14942265, 10.51923008], [79.14894404, 10.52829817], [79.15814768, 10.53356394], [79.16788002, 10.53012748], [79.17774229, 10.53825407], [79.18463433, 10.53774222], [79.18311733, 10.55612268], [79.18894764, 10.56478744], [79.19078251, 10.57818575], [79.17880396, 10.57128043], [79.17725373, 10.58578228], [79.16924572, 10.58467578], [79.15468332, 10.58902125], [79.14120275, 10.58819009], [79.1437396, 10.60597349], [79.13374485, 10.62117592], [79.12970663, 10.63443419], [79.11924794, 10.63483526], [79.10430001, 10.61520689], [79.10079853, 10.62962969], [79.07965189, 10.63585355], [79.06972202, 10.6411438], [79.0655394, 10.64877239], [79.06634783, 10.66982246], [79.05449607, 10.67977629], [79.02906477, 10.68125374], [79.02131201, 10.68751965], [79.02137605, 10.69929882], [79.02673886, 10.70602697], [79.01072428, 10.70778704], [79.00964114, 10.71869778], [78.99350995, 10.72168], [78.99136955, 10.70557934], [78.98329937, 10.69655493], [78.98705495, 10.67915489], [78.96968684, 10.67536314], [78.97119579, 10.66224919], [78.9641734, 10.65162375], [78.95480908, 10.66818409], [78.94557307, 10.66912632], [78.93346007, 10.68360268], [78.91851237, 10.67075503], [78.90819467, 10.67174247], [78.90574116, 10.68054831], [78.89388141, 10.68523204], [78.89339727, 10.69440384], [78.88221781, 10.69527646], [78.8734585, 10.70559033], [78.86517752, 10.72083516], [78.86450334, 10.73283178], [78.86894221, 10.74407991], [78.86842506, 10.76071079], [78.87454227, 10.77301358], [78.8809646, 10.77745439], [78.88027419, 10.78853369], [78.86715941, 10.78494831], [78.86564352, 10.80015728], [78.86019839, 10.80576175], [78.86785554, 10.81547442], [78.86877412, 10.82558188], [78.82567406, 10.82479946], [78.81746231, 10.82289479], [78.79705524, 10.82385264], [78.77648051, 10.83309931], [78.80300476, 10.83830112], [78.81491725, 10.83529796], [78.82952527, 10.84007822], [78.85200967, 10.84270359], [78.85780303, 10.84646048], [78.88373997, 10.85361258], [78.89598191, 10.85952032], [78.92337048, 10.86610849], [78.93890265, 10.87640325], [78.93812669, 10.88442691], [78.95891724, 10.89364067], [78.9662881, 10.88718847], [78.99752511, 10.89479347], [79.00570955, 10.89359668], [79.03253234, 10.88656719], [79.04799952, 10.88777397], [79.06324961, 10.89807943], [79.06682378, 10.90834137], [79.07616526, 10.92208043], [79.08416441, 10.92672406], [79.10991678, 10.92495459], [79.14128598, 10.94031942], [79.15698972, 10.94221682], [79.17862601, 10.93968705], [79.19409782, 10.94772122], [79.20290351, 10.94900817], [79.20494571, 10.94021675], [79.2221966, 10.94645113], [79.23966339, 10.9647163], [79.26997004, 10.98761651], [79.28054349, 11.00382962], [79.29101745, 11.01441938], [79.31182548, 11.01760266], [79.33466835, 11.03128538], [79.34194707, 11.03945452], [79.35803005, 11.04924708], [79.37180796, 11.05372291], [79.3989168, 11.06693982], [79.41343863, 11.08199105], [79.42242876, 11.09699714], [79.43111473, 11.1214593], [79.45866232, 11.15055469], [79.47267266, 11.1610015], [79.47902668, 11.16172727], [79.49961744, 11.17551612], [79.52672009, 11.18372653], [79.5383552, 11.17627208], [79.54205423, 11.1611441], [79.55653285, 11.1630466], [79.56562139, 11.15498923], [79.57107106, 11.14362206], [79.55939712, 11.13173581], [79.54930579, 11.12685589], [79.55014682, 11.11466509], [79.54114065, 11.11073443], [79.53605684, 11.10135822]]]]}, "geometry_name": "geom", "properties": {"geo_id": "IN-TN-THA", "district_name": "Thanjavur", "state_name": "Tamil Nadu", "state_geo_id": "IN-TN", "agro_climatic_zone": "Cauvery Delta Zone"}}, {"type": "Feature", "id": "NowcastWarningDistrict.fid-2bfa195d_1a08a681a2b_6107", "geometry": {"type": "MultiPolygon", "coordinates": [[[[79.76894282, 10.90095651], [79.76935026, 10.89996659], [79.76694902, 10.9002008], [79.76761179, 10.90132659], [79.76894282, 10.90095651]]], [[[79.76603686, 10.90531288], [79.76509786, 10.90891518], [79.76494597, 10.9112883], [79.76372551, 10.9094887], [79.76246901, 10.9062291], [79.7632744, 10.90518528], [79.76370426, 10.90513114], [79.76505382, 10.9045983], [79.76361392, 10.90259528], [79.76524173, 10.90353616], [79.76534747, 10.90218904], [79.76398018, 10.90145628], [79.76637152, 10.90342805], [79.76603686, 10.90531288]]], [[[79.74813215, 10.99646314], [79.74844964, 10.99585808], [79.74863039, 10.99531624], [79.74840423, 10.99470948], [79.74805151, 10.99264193], [79.7482557, 10.99196912], [79.74831299, 10.99139974], [79.74843637, 10.99036943], [79.74821614, 10.98941459], [79.74773934, 10.98856262], [79.74751229, 10.98815478], [79.7476178, 10.98808743], [79.74843146, 10.98827611], [79.74870427, 10.98832815], [79.75142883, 10.98822072], [79.75191437, 10.98811871], [79.75261024, 10.9880176], [79.75294594, 10.98763466], [79.75301383, 10.98672171], [79.75290198, 10.98286928], [79.75535853, 10.98302858], [79.75587664, 10.98384902], [79.75710881, 10.9835376], [79.75813819, 10.98359161], [79.75856411, 10.98348938], [79.75858719, 10.98127863], [79.75570733, 10.97950809], [79.75559485, 10.97797045], [79.75473956, 10.97788561], [79.75284492, 10.97688771], [79.75479217, 10.97517312], [79.75495674, 10.97412946], [79.75493178, 10.97353263], [79.75452363, 10.97267195], [79.7547786, 10.97188176], [79.75516685, 10.97204159], [79.75571429, 10.97242813], [79.75722399, 10.97248406], [79.75752256, 10.97220949], [79.75904703, 10.97201681], [79.75944895, 10.97219025], [79.75958276, 10.97192406], [79.75986806, 10.97044683], [79.76111458, 10.96779352], [79.7617562, 10.96754296], [79.76228648, 10.96546994], [79.7616982, 10.96500187], [79.76175421, 10.96473987], [79.76218896, 10.96362494], [79.76285149, 10.96165644], [79.76286676, 10.96128578], [79.76309674, 10.96099736], [79.76336311, 10.96075883], [79.76404242, 10.96024167], [79.76404326, 10.96004274], [79.76378864, 10.95965741], [79.76124903, 10.95972392], [79.76052602, 10.9597481], [79.75931895, 10.96064286], [79.7588662, 10.96059128], [79.7571947, 10.95985655], [79.75641205, 10.95883158], [79.75621166, 10.95860922], [79.75575955, 10.95840844], [79.75472913, 10.95863931], [79.75404646, 10.95886257], [79.7535342, 10.95881977], [79.75322815, 10.95870097], [79.75184078, 10.95786339], [79.75117253, 10.95792394], [79.74971552, 10.95841074], [79.74870515, 10.95785938], [79.74610453, 10.95628879], [79.745574, 10.95651944], [79.74545517, 10.95679971], [79.74537375, 10.95934447], [79.74545673, 10.9611208], [79.7462945, 10.96296021], [79.74614861, 10.96429364], [79.74569168, 10.96569946], [79.74441092, 10.96592579], [79.74262688, 10.96588556], [79.74184942, 10.96643266], [79.74068715, 10.96536624], [79.73895868, 10.96728763], [79.73819487, 10.96763585], [79.7355325, 10.96750086], [79.73529021, 10.96798003], [79.73477375, 10.9693949], [79.73119687, 10.97051662], [79.73066621, 10.97045345], [79.73011698, 10.96949082], [79.72915175, 10.96946389], [79.72717549, 10.96917049], [79.72603636, 10.96886788], [79.72495681, 10.96894493], [79.72510341, 10.96969069], [79.72262387, 10.9690674], [79.72174534, 10.96825396], [79.7217639, 10.96917151], [79.72156262, 10.96917155], [79.72112805, 10.96915807], [79.72077104, 10.96846658], [79.7200803, 10.9684667], [79.72070988, 10.96228776], [79.72047996, 10.95798031], [79.71985753, 10.95694077], [79.72105139, 10.95676883], [79.72068074, 10.95627169], [79.72145777, 10.95416528], [79.719811, 10.95388531], [79.72085334, 10.95187375], [79.72102272, 10.95237092], [79.72134746, 10.95227142], [79.72153023, 10.95155723], [79.72225317, 10.9523255], [79.72364809, 10.95158849], [79.72473664, 10.95121765], [79.72586208, 10.95185927], [79.72693702, 10.95187262], [79.72753632, 10.95211658], [79.7285058, 10.95128923], [79.72965862, 10.95170032], [79.72995135, 10.95164602], [79.72995112, 10.95089118], [79.73131892, 10.95127509], [79.7325506, 10.95513489], [79.73376267, 10.95479111], [79.73348864, 10.95612908], [79.73358049, 10.95724097], [79.73479283, 10.95772434], [79.73670478, 10.95742559], [79.73673148, 10.9551656], [79.73662099, 10.95304576], [79.73717772, 10.94906354], [79.73217777, 10.94780809], [79.73112528, 10.94640712], [79.73088223, 10.94440935], [79.72990792, 10.94431463], [79.72813308, 10.94399859], [79.72687056, 10.94373668], [79.72574521, 10.94332106], [79.72530142, 10.94296859], [79.72491246, 10.94239463], [79.72473388, 10.94174378], [79.72553407, 10.94081252], [79.72529094, 10.93840342], [79.72415567, 10.93524417], [79.72419694, 10.93558316], [79.72479158, 10.93569604], [79.7249976, 10.93633784], [79.72571572, 10.93636031], [79.72559201, 10.93564617], [79.72960356, 10.93628722], [79.72819415, 10.93419023], [79.72796094, 10.93438916], [79.72662076, 10.93432614], [79.72549499, 10.93235565], [79.7249689, 10.93204387], [79.72469837, 10.92972065], [79.71572018, 10.93086577], [79.70847693, 10.91901544], [79.69061687, 10.92029648], [79.68079363, 10.92797653], [79.67888919, 10.91538393], [79.66856637, 10.91432195], [79.66764575, 10.90101963], [79.65633978, 10.89332188], [79.65255274, 10.88614849], [79.6538692, 10.87441915], [79.65095998, 10.85635708], [79.65509724, 10.83754952], [79.641174, 10.82620341], [79.63128423, 10.82273555], [79.65613329, 10.80585972], [79.6588544, 10.81723218], [79.67663108, 10.81855202], [79.68655687, 10.8161424], [79.68605152, 10.82972507], [79.72839094, 10.82832746], [79.72775515, 10.81214595], [79.72991804, 10.79808375], [79.70368154, 10.78339785], [79.70038212, 10.7674832], [79.69493676, 10.76309478], [79.69824052, 10.74548547], [79.68433702, 10.73255543], [79.68666988, 10.71574392], [79.6764992, 10.71193936], [79.6552544, 10.71293616], [79.65217303, 10.70232712], [79.66031774, 10.70161225], [79.67552248, 10.68924739], [79.67782465, 10.68040977], [79.67056557, 10.66874823], [79.66670157, 10.65039744], [79.65417178, 10.65725006], [79.6498889, 10.64390166], [79.65703574, 10.64054257], [79.67362625, 10.6244257], [79.66641023, 10.61733866], [79.65555773, 10.61349731], [79.65899307, 10.60396361], [79.66737272, 10.60263833], [79.67015336, 10.58682122], [79.68716738, 10.58355045], [79.67974594, 10.57266209], [79.66885905, 10.57552036], [79.65961057, 10.55922082], [79.67574679, 10.56163292], [79.69714788, 10.54943329], [79.71043355, 10.55305566], [79.71501262, 10.54172639], [79.726733, 10.53613142], [79.71455156, 10.52554801], [79.70032708, 10.50605046], [79.68992592, 10.50333573], [79.69943695, 10.48339278], [79.67723454, 10.48068448], [79.69020012, 10.44989844], [79.65918146, 10.44617311], [79.6319951, 10.44573123], [79.63051881, 10.41208645], [79.62741992, 10.39617371], [79.63713639, 10.37867512], [79.64041373, 10.34055421], [79.66197456, 10.32836135], [79.67592419, 10.31802154], [79.70513427, 10.29279673], [79.71953461, 10.2890186], [79.71835954, 10.28160981], [79.70877761, 10.28090518], [79.6726931, 10.28916785], [79.65662594, 10.28980227], [79.64464868, 10.29393915], [79.59410798, 10.30258017], [79.53853957, 10.30800679], [79.54922329, 10.31780556], [79.54413042, 10.32488532], [79.51292434, 10.31313809], [79.49875577, 10.3148278], [79.49875562, 10.34888588], [79.5051464, 10.35669406], [79.50481839, 10.36632697], [79.49018494, 10.37140275], [79.48669936, 10.3794367], [79.47549711, 10.37204018], [79.46834033, 10.38062194], [79.46384179, 10.39390865], [79.47717918, 10.39352077], [79.47379949, 10.40652701], [79.46595475, 10.40688625], [79.45920414, 10.41875404], [79.45467317, 10.43402959], [79.47226393, 10.43397995], [79.47610462, 10.44972796], [79.46999238, 10.45988253], [79.47931024, 10.46345097], [79.48309107, 10.48960484], [79.46798272, 10.49271477], [79.46173759, 10.48744107], [79.45288664, 10.49076112], [79.46915568, 10.51135398], [79.45775049, 10.51375719], [79.45684298, 10.51967464], [79.43909733, 10.52356126], [79.43767788, 10.53057714], [79.42315205, 10.53536195], [79.42337211, 10.54160907], [79.44421427, 10.5508725], [79.44576442, 10.55820876], [79.42851372, 10.55704102], [79.42356053, 10.54993113], [79.4003352, 10.55381173], [79.3980605, 10.56074615], [79.39998935, 10.57737651], [79.39162861, 10.58184298], [79.36111358, 10.57873232], [79.35185685, 10.58307563], [79.34681174, 10.59246847], [79.34855093, 10.60683892], [79.3537553, 10.60671745], [79.34812832, 10.62694099], [79.35427384, 10.63170609], [79.35769535, 10.64501432], [79.34289673, 10.6584021], [79.31789851, 10.66078462], [79.31672156, 10.67198583], [79.32006435, 10.68487405], [79.31308602, 10.70201372], [79.30705085, 10.70995], [79.30838745, 10.72089861], [79.30193326, 10.73827319], [79.31200617, 10.74683715], [79.32039182, 10.73725132], [79.34362205, 10.74010741], [79.36113207, 10.75224245], [79.36141917, 10.76505308], [79.34540483, 10.76622234], [79.34622569, 10.78311941], [79.35347558, 10.79405934], [79.37015873, 10.79628446], [79.37134702, 10.80832662], [79.35624046, 10.80760245], [79.35291611, 10.81126361], [79.33855925, 10.81089575], [79.30177527, 10.82854917], [79.29479803, 10.84275909], [79.29532227, 10.8641764], [79.28864786, 10.87154703], [79.27359702, 10.87293884], [79.2746591, 10.88259907], [79.2678976, 10.8880752], [79.27227044, 10.89878987], [79.2682386, 10.90533376], [79.28667458, 10.90716627], [79.28706, 10.91767603], [79.27887113, 10.92233829], [79.29185641, 10.93801872], [79.30095051, 10.93581991], [79.30937346, 10.928011], [79.32798121, 10.92501342], [79.32887927, 10.91633012], [79.34395524, 10.91232742], [79.35871588, 10.89988457], [79.36824275, 10.89917096], [79.37705162, 10.89323158], [79.39009992, 10.89612452], [79.40506436, 10.89309971], [79.40943157, 10.8876298], [79.43871251, 10.87323323], [79.44640439, 10.87201125], [79.45443771, 10.86462332], [79.46627742, 10.86471525], [79.4720136, 10.86988936], [79.48574197, 10.86917085], [79.48797596, 10.88870224], [79.50721534, 10.89599741], [79.50676922, 10.90413461], [79.49553258, 10.9042493], [79.49352926, 10.91644573], [79.48551781, 10.92212148], [79.49874031, 10.93184435], [79.50122803, 10.94165481], [79.51435843, 10.94187641], [79.51887574, 10.9465704], [79.51590542, 10.96980153], [79.53758144, 10.96865954], [79.54496429, 10.96555106], [79.55678634, 10.97458147], [79.59073874, 10.98289519], [79.59871151, 10.97272406], [79.60529356, 10.98223598], [79.62536017, 10.98252529], [79.63536454, 10.98941892], [79.64038257, 11.00715329], [79.64686136, 11.01167782], [79.66338327, 11.01550523], [79.68575835, 11.01708082], [79.70030671, 11.01542288], [79.71103353, 11.00641093], [79.71612187, 11.00877817], [79.72320218, 10.99812087], [79.7317639, 10.99480401], [79.74813215, 10.99646314]], [[79.72293561, 10.93626124], [79.72290581, 10.9371356], [79.72177693, 10.9372786], [79.7204573, 10.93723559], [79.7204905, 10.93622759], [79.72188552, 10.93614595], [79.72293561, 10.93626124]]]]}, "geometry_name": "geom", "properties": {"geo_id": "IN-TN-TUR", "district_name": "Thiruvarur", "state_name": "Tamil Nadu", "state_geo_id": "IN-TN", "agro_climatic_zone": "Cauvery Delta Zone"}}, {"type": "Feature", "id": "NowcastWarningDistrict.fid-2bfa195d_1a08a681a2b_6108", "geometry": {"type": "MultiPolygon", "coordinates": [[[[78.66318573, 11.37378685], [78.68910669, 11.38169321], [78.67392731, 11.367611], [78.67209846, 11.35997673], [78.65964767, 11.35794861], [78.65711811, 11.34673435], [78.64079718, 11.3365333], [78.63972973, 11.32855977], [78.65626962, 11.33382939], [78.66585441, 11.3172666], [78.67535962, 11.32703794], [78.6868739, 11.32433298], [78.70570946, 11.32521885], [78.73312929, 11.32336253], [78.73887119, 11.2940654], [78.75121105, 11.28479299], [78.73779236, 11.27444376], [78.72869694, 11.27246702], [78.7260738, 11.26099568], [78.71659406, 11.2584401], [78.71007076, 11.24895405], [78.713443, 11.24001224], [78.70884254, 11.22767336], [78.71277637, 11.21379084], [78.69853665, 11.19082725], [78.68531594, 11.19575239], [78.67477212, 11.19409516], [78.67294883, 11.18570141], [78.66234487, 11.17378289], [78.6593454, 11.16321946], [78.67382487, 11.16501685], [78.68089876, 11.14542972], [78.68096949, 11.13033672], [78.68817619, 11.12588529], [78.68704954, 11.11422111], [78.69431552, 11.10396332], [78.70032029, 11.08445725], [78.70103509, 11.06857301], [78.71765214, 11.05562735], [78.7202339, 11.07397875], [78.74274983, 11.07547659], [78.74548938, 11.08306955], [78.73776208, 11.08949106], [78.73528723, 11.10555225], [78.74881279, 11.11595737], [78.76062874, 11.12011194], [78.77939173, 11.11492069], [78.81093671, 11.11173855], [78.80602212, 11.09030697], [78.80725154, 11.07893438], [78.84003243, 11.07643654], [78.84790679, 11.08938349], [78.8621306, 11.09013513], [78.87058826, 11.08500512], [78.87320563, 11.09672164], [78.89612563, 11.10005739], [78.91661506, 11.09615932], [78.92706254, 11.08972114], [78.93933323, 11.09481337], [78.97395517, 11.09428049], [78.9841637, 11.08881678], [78.98473687, 11.07885402], [78.99833222, 11.07621381], [79.00170586, 11.06061512], [79.00644742, 11.05885429], [79.01231997, 11.0100923], [78.99408147, 11.00060918], [78.99024518, 10.99440338], [78.99045194, 10.98158052], [78.97295526, 10.97171132], [78.94621209, 10.97498227], [78.95028649, 10.955521], [78.9589062, 10.95054563], [78.97182856, 10.94843986], [78.98024566, 10.9388324], [78.98161435, 10.92673203], [78.99033082, 10.92841937], [79.00194696, 10.92215406], [79.00694293, 10.90128316], [79.00570955, 10.89359668], [78.99752511, 10.89479347], [78.9662881, 10.88718847], [78.95891724, 10.89364067], [78.93812669, 10.88442691], [78.93890265, 10.87640325], [78.92337048, 10.86610849], [78.89598191, 10.85952032], [78.88373997, 10.85361258], [78.85780303, 10.84646048], [78.85200967, 10.84270359], [78.82952527, 10.84007822], [78.81491725, 10.83529796], [78.80300476, 10.83830112], [78.77648051, 10.83309931], [78.79705524, 10.82385264], [78.81746231, 10.82289479], [78.82567406, 10.82479946], [78.86877412, 10.82558188], [78.86785554, 10.81547442], [78.86019839, 10.80576175], [78.86564352, 10.80015728], [78.86715941, 10.78494831], [78.88027419, 10.78853369], [78.8809646, 10.77745439], [78.87454227, 10.77301358], [78.86842506, 10.76071079], [78.86894221, 10.74407991], [78.86450334, 10.73283178], [78.86517752, 10.72083516], [78.8734585, 10.70559033], [78.87210206, 10.68812974], [78.85921545, 10.69168959], [78.82040578, 10.69457639], [78.81225711, 10.6795761], [78.80354996, 10.67604625], [78.79066211, 10.649776], [78.75864065, 10.65338841], [78.75776737, 10.6440402], [78.74411775, 10.64338047], [78.74331322, 10.65534612], [78.73580576, 10.67165357], [78.73809926, 10.68281353], [78.74655587, 10.6868201], [78.74282015, 10.70741609], [78.73593916, 10.71472783], [78.719421, 10.71735466], [78.70988283, 10.72206284], [78.70911768, 10.73307004], [78.68918804, 10.73463834], [78.69254259, 10.70814855], [78.69763098, 10.70228762], [78.69314716, 10.69132372], [78.68212244, 10.68657478], [78.68294713, 10.67106081], [78.66655413, 10.67247789], [78.66669875, 10.65783193], [78.65886552, 10.65404463], [78.65249994, 10.65861065], [78.65613895, 10.67576062], [78.65560515, 10.68790684], [78.65847221, 10.70467709], [78.64696325, 10.70378733], [78.64109009, 10.70799146], [78.62727748, 10.70380118], [78.61604861, 10.68159232], [78.60918403, 10.68109916], [78.5930537, 10.65902466], [78.57946172, 10.66405832], [78.56556037, 10.66063826], [78.56844885, 10.68127879], [78.55084723, 10.68638267], [78.54202473, 10.67655301], [78.5230774, 10.67409692], [78.51718536, 10.66475125], [78.5198088, 10.65172003], [78.52911082, 10.6447845], [78.5270187, 10.62908461], [78.50659934, 10.63566323], [78.49244327, 10.63508373], [78.48249629, 10.63841403], [78.46916356, 10.62776351], [78.46696312, 10.6186149], [78.45954523, 10.6114475], [78.44787484, 10.60919448], [78.459645, 10.5901475], [78.45882034, 10.58101203], [78.46613429, 10.57833864], [78.46301406, 10.56168186], [78.46929461, 10.54114863], [78.48616888, 10.53884269], [78.49131302, 10.52678511], [78.48789476, 10.52271339], [78.49795659, 10.50666704], [78.49606685, 10.48506329], [78.51930577, 10.48283681], [78.52735531, 10.48627582], [78.54047249, 10.50290248], [78.53932307, 10.51268428], [78.5332859, 10.52232896], [78.54386764, 10.5300258], [78.54968699, 10.51430546], [78.56457863, 10.51202621], [78.56939156, 10.51957627], [78.58149235, 10.51720072], [78.57905949, 10.50665425], [78.57076847, 10.48906377], [78.58499998, 10.48114089], [78.58940525, 10.47447419], [78.58291031, 10.44648575], [78.57104617, 10.44561675], [78.56142232, 10.4316839], [78.52314472, 10.4365836], [78.51661103, 10.4175964], [78.51654657, 10.40784501], [78.53114362, 10.39670467], [78.52485788, 10.37822335], [78.50556692, 10.37589681], [78.50579123, 10.3883257], [78.49202275, 10.38796178], [78.49035886, 10.39582789], [78.47015095, 10.40181902], [78.46383739, 10.40759326], [78.44929434, 10.40982517], [78.44022395, 10.40059622], [78.43859538, 10.38367201], [78.4489399, 10.37490497], [78.43663303, 10.36272922], [78.415581, 10.36317956], [78.39975145, 10.3543659], [78.40474095, 10.34524337], [78.39203479, 10.31781841], [78.37867311, 10.31008402], [78.37184873, 10.30861918], [78.36065663, 10.29592514], [78.35022605, 10.29937338], [78.33324973, 10.30036572], [78.33780169, 10.32549565], [78.32399017, 10.33721944], [78.31783845, 10.34872277], [78.30479416, 10.35216898], [78.27933947, 10.37263943], [78.27720374, 10.38318938], [78.28804884, 10.39493687], [78.2878275, 10.40211524], [78.30325076, 10.40741281], [78.30718284, 10.42387262], [78.31509328, 10.43946082], [78.29639858, 10.45040924], [78.27739907, 10.45408769], [78.25219502, 10.46271237], [78.24637031, 10.46794581], [78.23403056, 10.47027795], [78.22395857, 10.46569731], [78.21328273, 10.47366966], [78.20653699, 10.47399674], [78.20261198, 10.4865146], [78.19172595, 10.50090979], [78.17336478, 10.50372687], [78.17661438, 10.51742781], [78.18606173, 10.52329381], [78.19010717, 10.53845454], [78.20001737, 10.5466887], [78.20874825, 10.55011769], [78.23074488, 10.55002575], [78.2431084, 10.55432508], [78.25015377, 10.56923137], [78.25659978, 10.57009288], [78.26260872, 10.57886023], [78.2600983, 10.595779], [78.25579195, 10.60140967], [78.26296487, 10.61472043], [78.26540508, 10.62619402], [78.27393604, 10.68685065], [78.27702849, 10.69644437], [78.28202182, 10.73103562], [78.29234658, 10.73527433], [78.28940924, 10.71413187], [78.29253017, 10.70180131], [78.31636597, 10.70165359], [78.32050086, 10.70908588], [78.33439121, 10.7096353], [78.34187865, 10.70524711], [78.34499384, 10.72150716], [78.35905366, 10.7255452], [78.37782206, 10.72597097], [78.39924919, 10.69629452], [78.40034529, 10.68214578], [78.40737378, 10.67389566], [78.42132168, 10.67118204], [78.4291831, 10.67610363], [78.43417575, 10.68769301], [78.45117826, 10.69034335], [78.45653853, 10.68681609], [78.47081281, 10.69011224], [78.4675245, 10.69874248], [78.4752183, 10.70379403], [78.4897236, 10.69830622], [78.51349929, 10.69489151], [78.51692702, 10.70735988], [78.53392717, 10.71617586], [78.55177456, 10.722627], [78.56642512, 10.74028687], [78.5672168, 10.75750134], [78.56224143, 10.76454744], [78.57167966, 10.77469755], [78.55734373, 10.78926791], [78.54662194, 10.79138967], [78.54687489, 10.80226561], [78.55464007, 10.81341475], [78.57647378, 10.80805387], [78.58781441, 10.8285734], [78.57293094, 10.83572997], [78.57910903, 10.85034179], [78.56303237, 10.86362374], [78.55060815, 10.87755222], [78.50239718, 10.88704626], [78.49380396, 10.89412988], [78.48452598, 10.88566662], [78.47124503, 10.88628099], [78.47162815, 10.89815113], [78.4804504, 10.9084376], [78.46392153, 10.91446243], [78.46883579, 10.92125958], [78.4527413, 10.926349], [78.42839705, 10.94726892], [78.4029601, 10.96066976], [78.38430512, 10.96048964], [78.37953384, 10.96365382], [78.34154683, 10.96110167], [78.31718666, 10.96431134], [78.30301476, 10.96355309], [78.27282085, 10.96804591], [78.25033151, 10.96880996], [78.2270813, 10.96047794], [78.20706262, 10.95853075], [78.1950409, 10.96320464], [78.19787069, 10.97127063], [78.18245504, 10.97887116], [78.1708418, 10.99502501], [78.16490433, 11.0131875], [78.17288123, 11.01296057], [78.18165799, 11.02020982], [78.19477622, 11.02205163], [78.19676814, 11.02960453], [78.19418608, 11.04458512], [78.18210541, 11.04185716], [78.1675318, 11.04434534], [78.16331338, 11.04909207], [78.1832633, 11.06956597], [78.19224549, 11.06475938], [78.20416783, 11.07093589], [78.21886556, 11.06692714], [78.22147574, 11.05771863], [78.2354075, 11.06413297], [78.23482225, 11.07863858], [78.22917696, 11.08451671], [78.22989428, 11.09484969], [78.24887193, 11.09231514], [78.25484852, 11.08124425], [78.26551129, 11.07030059], [78.27205715, 11.07772526], [78.29088439, 11.07718008], [78.29489935, 11.07219541], [78.32387455, 11.05792303], [78.33029498, 11.03031004], [78.34463095, 11.02623936], [78.3491234, 11.03257735], [78.35012374, 11.04829429], [78.36009931, 11.04664529], [78.36335159, 11.06508362], [78.35074842, 11.06921854], [78.34186408, 11.08333418], [78.33820119, 11.09486473], [78.32397653, 11.09723999], [78.32728431, 11.10368649], [78.33662523, 11.10485878], [78.34344365, 11.11215532], [78.34750668, 11.123262], [78.34564702, 11.13401088], [78.36439056, 11.13790452], [78.37685456, 11.13465943], [78.38151413, 11.14228509], [78.3791382, 11.17017029], [78.3874075, 11.17716693], [78.3811808, 11.18700212], [78.39985421, 11.19524329], [78.41066815, 11.19748903], [78.4151653, 11.20924556], [78.42192336, 11.21166758], [78.42470453, 11.22581993], [78.43533698, 11.25497331], [78.43898471, 11.26931968], [78.44703651, 11.27483263], [78.45039732, 11.29224812], [78.45665215, 11.30600595], [78.46503052, 11.31168555], [78.46100813, 11.32416227], [78.44726007, 11.33209847], [78.44685068, 11.34480021], [78.45470291, 11.34929141], [78.46460504, 11.37711934], [78.46987592, 11.3856473], [78.47910321, 11.38789093], [78.48622033, 11.40741994], [78.49628204, 11.40888519], [78.50980349, 11.39679315], [78.50821845, 11.39050745], [78.50621762, 11.38329453], [78.51531075, 11.38447804], [78.52348425, 11.37066764], [78.54241776, 11.36945809], [78.5534379, 11.35865358], [78.55209924, 11.34604654], [78.55537262, 11.33538889], [78.55292174, 11.32005137], [78.57155484, 11.31524632], [78.57963345, 11.31886399], [78.58365089, 11.32978708], [78.59313156, 11.32687054], [78.6045246, 11.33876961], [78.62187088, 11.3364564], [78.6412554, 11.34208403], [78.65563559, 11.36617111], [78.66318573, 11.37378685]], [[78.57845396, 10.70312751], [78.56942115, 10.70905198], [78.55800676, 10.70171972], [78.56983756, 10.68453824], [78.5797811, 10.69355365], [78.57845396, 10.70312751]]]]}, "geometry_name": "geom", "properties": {"geo_id": "IN-TN-THI", "district_name": "Thiruchirapalli", "state_name": "Tamil Nadu", "state_geo_id": "IN-TN", "agro_climatic_zone": ""}}, {"type": "Feature", "id": "NowcastWarningDistrict.fid-2bfa195d_1a08a681a2b_6109", "geometry": {"type": "MultiPolygon", "coordinates": [[[[78.24777956, 9.29689004], [78.28054434, 9.28993987], [78.2809738, 9.2841942], [78.27283623, 9.25722112], [78.26935485, 9.20209872], [78.29612057, 9.20508086], [78.29137269, 9.17941538], [78.27497199, 9.14866524], [78.27394607, 9.14148591], [78.28786291, 9.13630456], [78.3152484, 9.13306938], [78.35032661, 9.11755447], [78.35637639, 9.11805686], [78.35680093, 9.09861303], [78.36540185, 9.10314786], [78.38488733, 9.09472233], [78.34592495, 9.06029385], [78.32365603, 9.04442749], [78.27233717, 9.00437931], [78.23981509, 8.98465796], [78.21504443, 8.96603793], [78.18920916, 8.92886528], [78.18001723, 8.90610502], [78.1807654, 8.89720508], [78.17163835, 8.88587233], [78.16578984, 8.86572622], [78.16802434, 8.82585536], [78.15808083, 8.79696493], [78.16894147, 8.77087566], [78.18959302, 8.76381008], [78.19619707, 8.75319653], [78.16961483, 8.74546345], [78.15972159, 8.73570367], [78.15405855, 8.7122181], [78.13640157, 8.69410803], [78.12883702, 8.66828015], [78.12705707, 8.61660184], [78.13746392, 8.58885718], [78.1319135, 8.5604343], [78.12375241, 8.53389181], [78.12241787, 8.51208294], [78.13047137, 8.49661516], [78.116272, 8.47976982], [78.09608034, 8.45992597], [78.07710364, 8.43635604], [78.06250106, 8.41450394], [78.05753831, 8.39316862], [78.05689639, 8.37941128], [78.06619965, 8.37231512], [78.02553663, 8.35924495], [78.00349127, 8.34962676], [77.97174857, 8.33326098], [77.94989779, 8.33454984], [77.93279773, 8.32950697], [77.92580298, 8.33090924], [77.91216649, 8.32171029], [77.88995666, 8.32421578], [77.88945755, 8.34206904], [77.8836336, 8.34658555], [77.85873078, 8.3405175], [77.86036855, 8.35630476], [77.85140289, 8.35620015], [77.85272223, 8.37727239], [77.85973474, 8.39892368], [77.85159424, 8.40268005], [77.85334564, 8.41499516], [77.84814181, 8.42375628], [77.83800303, 8.4262372], [77.83210432, 8.43232168], [77.83979349, 8.45169031], [77.83262818, 8.45337566], [77.83828349, 8.47281191], [77.83939463, 8.48435398], [77.82675161, 8.48993104], [77.82947946, 8.49901403], [77.82747039, 8.51188469], [77.81384952, 8.51960511], [77.81399327, 8.52817755], [77.82029029, 8.54054886], [77.81967557, 8.55021988], [77.8132347, 8.55339281], [77.81559468, 8.56315471], [77.80313339, 8.57612414], [77.78114774, 8.58319963], [77.78613036, 8.61897789], [77.8056514, 8.61191071], [77.81893495, 8.63105164], [77.81912244, 8.6502536], [77.80864241, 8.64715929], [77.8085266, 8.6582952], [77.81613965, 8.66478459], [77.81663349, 8.67220855], [77.82401947, 8.68069577], [77.81029805, 8.68328919], [77.81769185, 8.69909532], [77.82115058, 8.71977401], [77.82731944, 8.73049328], [77.82598159, 8.742903], [77.82106826, 8.74980157], [77.82107038, 8.77848733], [77.8358352, 8.78089458], [77.84603241, 8.78879367], [77.85051209, 8.8041017], [77.84334348, 8.81640677], [77.83422076, 8.82348984], [77.83132865, 8.83343077], [77.81919241, 8.83683305], [77.81986797, 8.84631788], [77.80991321, 8.87107212], [77.80134278, 8.87957403], [77.78976389, 8.8826454], [77.76827131, 8.88272524], [77.7607044, 8.89077891], [77.76394143, 8.91754772], [77.75999189, 8.92762332], [77.73721584, 8.93160984], [77.73634531, 8.92389758], [77.7248391, 8.92600276], [77.69611542, 8.92631605], [77.69193435, 8.93623541], [77.69027813, 8.95774118], [77.68443588, 8.95992097], [77.67811284, 8.97181608], [77.67598684, 8.98931177], [77.68616407, 8.99464956], [77.69369797, 8.98984281], [77.70303839, 8.96886471], [77.71988404, 8.96661889], [77.72166476, 8.97875675], [77.72922752, 8.9830587], [77.72684831, 8.99665785], [77.72201421, 9.00254032], [77.68912323, 8.99974827], [77.68823872, 9.01444099], [77.70217232, 9.04025247], [77.7125055, 9.04327931], [77.70359611, 9.06533344], [77.70377944, 9.07287414], [77.73717669, 9.07308773], [77.7437002, 9.07765177], [77.74088368, 9.10435233], [77.72583283, 9.10594776], [77.68628686, 9.10225751], [77.67652216, 9.1103646], [77.67410532, 9.13806354], [77.68832471, 9.13280858], [77.69652662, 9.13392391], [77.69011194, 9.158875], [77.70587273, 9.16939662], [77.70584468, 9.18838826], [77.72728749, 9.18987066], [77.734496, 9.19630625], [77.73430278, 9.2210619], [77.74197817, 9.21931923], [77.74160058, 9.26448264], [77.75847106, 9.26660401], [77.76116247, 9.24882751], [77.77026743, 9.23589217], [77.78144646, 9.23906909], [77.78243157, 9.24712079], [77.78965837, 9.25151025], [77.78791474, 9.26270719], [77.77341883, 9.27004468], [77.7735033, 9.27644153], [77.79666298, 9.27301217], [77.79644871, 9.25619052], [77.8067428, 9.25227336], [77.8058253, 9.24620893], [77.82644817, 9.24273638], [77.86551261, 9.24546198], [77.88021029, 9.24517763], [77.8811432, 9.23400237], [77.8748732, 9.22642098], [77.87822693, 9.20788146], [77.89998431, 9.20415605], [77.90918833, 9.2000552], [77.9184473, 9.20170903], [77.92994644, 9.21553217], [77.93210872, 9.22285555], [77.9460816, 9.22078287], [77.94780784, 9.2305971], [77.9557114, 9.23012093], [77.95683001, 9.24859695], [77.96435675, 9.25198326], [77.98390561, 9.25149805], [77.98770989, 9.26822027], [78.00844476, 9.27378986], [78.01112692, 9.29491161], [78.01059885, 9.30828821], [78.03961769, 9.30633054], [78.04824935, 9.31397274], [78.03597654, 9.32338622], [78.0339528, 9.33371092], [78.05002143, 9.34508017], [78.0524353, 9.35827216], [78.05695887, 9.36254976], [78.07388308, 9.36064528], [78.11276033, 9.36273828], [78.13695356, 9.36616559], [78.14891175, 9.37197438], [78.16802981, 9.36851471], [78.16670843, 9.35454585], [78.17126344, 9.34227619], [78.19071075, 9.33160924], [78.20880652, 9.32721172], [78.21155978, 9.30527666], [78.22717252, 9.29694123], [78.24777956, 9.29689004]]]]}, "geometry_name": "geom", "properties": {"geo_id": "IN-TN-TVR", "district_name": "Thoothukudi", "state_name": "Tamil Nadu", "state_geo_id": "IN-TN", "agro_climatic_zone": "Southern Zone"}}, {"type": "Feature", "id": "NowcastWarningDistrict.fid-2bfa195d_1a08a681a2b_610a", "geometry": {"type": "MultiPolygon", "coordinates": [[[[78.52281873, 12.7191512], [78.5205034, 12.7180926], [78.50927172, 12.72423451], [78.51169681, 12.72673495], [78.52281873, 12.7191512]]], [[[79.28401761, 13.12276989], [79.29338146, 13.1014138], [79.27245434, 13.08702], [79.2935419, 13.05182499], [79.29206997, 13.04279435], [79.28569615, 13.03882394], [79.27918033, 13.01066888], [79.26953772, 12.9975996], [79.26718831, 12.98483522], [79.27011709, 12.96951052], [79.26915967, 12.95666983], [79.26084344, 12.94373099], [79.25223633, 12.95153229], [79.22864652, 12.95715173], [79.21673353, 12.95495033], [79.21000505, 12.9385146], [79.1943831, 12.93352916], [79.18624692, 12.91780717], [79.19133125, 12.90807075], [79.20582957, 12.90485359], [79.21090366, 12.8952117], [79.1915927, 12.88371432], [79.19402758, 12.87524394], [79.18400954, 12.86071547], [79.18192223, 12.83484994], [79.17819785, 12.82003062], [79.19083817, 12.80991758], [79.1980037, 12.79009254], [79.2086815, 12.78472933], [79.21389585, 12.76080504], [79.20617159, 12.7459085], [79.19736488, 12.74796052], [79.17227885, 12.74480284], [79.17170816, 12.76049847], [79.16296931, 12.76636618], [79.15274568, 12.75310651], [79.13204388, 12.76240433], [79.11896683, 12.75905048], [79.08976447, 12.75851868], [79.08185498, 12.74961208], [79.07406887, 12.75232828], [79.0652228, 12.74662208], [79.05695017, 12.73033611], [79.05813571, 12.72078736], [79.05111994, 12.71865529], [79.03348944, 12.6988943], [79.02383962, 12.69261003], [79.00669812, 12.70246488], [78.98812556, 12.69276395], [78.97149515, 12.67137828], [78.94422447, 12.68059728], [78.92756468, 12.67587764], [78.91186034, 12.68730125], [78.89880541, 12.68812954], [78.88787662, 12.67043078], [78.88195714, 12.65628412], [78.87619452, 12.6538344], [78.86577077, 12.63165562], [78.85831029, 12.63335909], [78.83765329, 12.64343998], [78.81423682, 12.63882957], [78.83923225, 12.66248275], [78.84147634, 12.67841947], [78.85508744, 12.68197786], [78.84538704, 12.69561281], [78.84644024, 12.70396522], [78.85367603, 12.71660744], [78.84722418, 12.73734001], [78.85061383, 12.76306833], [78.86411861, 12.77464386], [78.87180839, 12.77442143], [78.88420969, 12.81238034], [78.86905233, 12.82085901], [78.86499431, 12.82624624], [78.87491048, 12.8359865], [78.88987052, 12.83138541], [78.89305252, 12.84248006], [78.88067711, 12.84030745], [78.87781191, 12.8558415], [78.89972907, 12.85685321], [78.90300096, 12.87261751], [78.91042787, 12.88113636], [78.90604293, 12.88891512], [78.91312922, 12.89473111], [78.90778663, 12.90998555], [78.89991707, 12.90729247], [78.8874171, 12.89376129], [78.87353618, 12.89041675], [78.86240626, 12.88341524], [78.8435284, 12.87618629], [78.83927751, 12.8694739], [78.81088666, 12.8540965], [78.78258346, 12.84729434], [78.77322027, 12.8335916], [78.76207178, 12.82836201], [78.74917167, 12.81770753], [78.74527894, 12.82425435], [78.73413907, 12.83044306], [78.73694291, 12.84224512], [78.73040828, 12.86565054], [78.71868883, 12.86470088], [78.71606628, 12.85794804], [78.68680157, 12.86072245], [78.65971511, 12.86518405], [78.6447023, 12.86335895], [78.6318493, 12.85657133], [78.60290455, 12.8447371], [78.60155931, 12.85080383], [78.6130932, 12.86793657], [78.61488907, 12.88268003], [78.62285589, 12.90424749], [78.63300795, 12.92463975], [78.63353243, 12.93132109], [78.65299595, 12.92926787], [78.65005099, 12.9401038], [78.63805852, 12.96475932], [78.64002113, 12.97097949], [78.62089681, 12.99124037], [78.6309161, 12.99514629], [78.65552038, 13.01524806], [78.6562147, 13.03116939], [78.67694076, 13.0235319], [78.70527143, 13.01523862], [78.70793774, 13.03558787], [78.71451634, 13.06867831], [78.74028895, 13.06399557], [78.75134266, 13.05497318], [78.78768919, 13.06417265], [78.8130568, 13.08909704], [78.84203643, 13.07861309], [78.86111405, 13.0836637], [78.87097151, 13.0818835], [78.87039945, 13.09108082], [78.88141897, 13.09818133], [78.89567542, 13.09519347], [78.88895231, 13.0733597], [78.89128957, 13.06881293], [78.89190577, 13.03293632], [78.91714806, 13.03375667], [78.92912447, 13.03649361], [78.92916312, 13.04575878], [78.90611845, 13.04512478], [78.90402132, 13.04954513], [78.91048609, 13.06340149], [78.92173996, 13.06609366], [78.92394155, 13.08080907], [78.95544818, 13.07583943], [78.96878687, 13.07785546], [78.97230217, 13.0838065], [78.98251558, 13.08641052], [79.00391733, 13.08459997], [79.00949512, 13.07722669], [79.03459713, 13.0699789], [79.03868511, 13.06113555], [79.06339763, 13.05310734], [79.06386227, 13.03952157], [79.08090729, 13.02572712], [79.09830798, 13.02606438], [79.10851225, 13.03876555], [79.13832312, 13.03421975], [79.14997093, 13.0237608], [79.16312114, 13.02027037], [79.17185713, 13.027279], [79.1848334, 13.0298528], [79.19189053, 13.04835447], [79.18270743, 13.04732145], [79.18297682, 13.05696619], [79.19212109, 13.06743159], [79.18564538, 13.07522482], [79.19993196, 13.0881112], [79.21276941, 13.09244171], [79.23442667, 13.10522888], [79.23841168, 13.11855094], [79.23037755, 13.12637302], [79.22828928, 13.13998218], [79.22197372, 13.14623952], [79.21003004, 13.14845809], [79.21468624, 13.1569578], [79.22689934, 13.15889694], [79.2356442, 13.1712274], [79.2449597, 13.14882004], [79.25390794, 13.14577029], [79.25327329, 13.16025511], [79.26036684, 13.15956261], [79.26208755, 13.14904185], [79.27735873, 13.1562165], [79.28054701, 13.15256148], [79.28401761, 13.12276989]]]]}, "geometry_name": "geom", "properties": {"geo_id": "IN-TN-VEL", "district_name": "Vellore", "state_name": "Tamil Nadu", "state_geo_id": "IN-TN", "agro_climatic_zone": "North Eastern Zone"}}, {"type": "Feature", "id": "NowcastWarningDistrict.fid-2bfa195d_1a08a681a2b_610b", "geometry": {"type": "MultiPolygon", "coordinates": [[[[79.40835917, 12.41120673], [79.4096252, 12.40955331], [79.4206101, 12.41085092], [79.42639323, 12.40101942], [79.4384051, 12.40732238], [79.4363241, 12.39517804], [79.44822882, 12.3957855], [79.44729774, 12.38682295], [79.4511383, 12.37420719], [79.46114291, 12.37387448], [79.47442279, 12.36519228], [79.48444268, 12.36959997], [79.49073123, 12.36706191], [79.48886195, 12.34939471], [79.49664788, 12.34493045], [79.50674527, 12.34597844], [79.51116872, 12.35415225], [79.51792723, 12.35327377], [79.52845333, 12.36996513], [79.5464643, 12.36351703], [79.55349789, 12.36553046], [79.56509373, 12.36217981], [79.57082345, 12.35648619], [79.58893818, 12.3499856], [79.5973327, 12.35059697], [79.60574792, 12.37791569], [79.61686078, 12.37732439], [79.6233944, 12.36792796], [79.61892146, 12.35436833], [79.63599574, 12.34282947], [79.6403907, 12.34468249], [79.6490791, 12.34087185], [79.65323848, 12.32985673], [79.67370173, 12.31638975], [79.68334565, 12.31664572], [79.685549, 12.32376859], [79.69745049, 12.32493216], [79.70007755, 12.33330229], [79.71597007, 12.33547648], [79.72190792, 12.33117623], [79.75030222, 12.32483728], [79.77881583, 12.33898752], [79.78826401, 12.33599879], [79.79922763, 12.33739895], [79.80400722, 12.32653919], [79.81430126, 12.32053958], [79.81985165, 12.3118176], [79.82742213, 12.31292205], [79.83290413, 12.29799856], [79.83804366, 12.29356093], [79.84728923, 12.2756998], [79.86242498, 12.26194283], [79.86544043, 12.25197222], [79.8734357, 12.24287116], [79.9008743, 12.22940598], [79.914261, 12.23552457], [79.92451258, 12.23159092], [79.92135716, 12.25005238], [79.94420581, 12.24225846], [79.95531857, 12.22883173], [79.95986485, 12.23418648], [79.97309906, 12.23336437], [79.98318866, 12.24107165], [79.98805025, 12.25145648], [80.00378275, 12.25677574], [80.00863869, 12.25480501], [79.97440204, 12.20109656], [79.92395809, 12.12557251], [79.88469717, 12.06445296], [79.87240856, 12.0431459], [79.87051666, 12.04414466], [79.8666546, 12.04571742], [79.86287524, 12.0470461], [79.86074441, 12.04759733], [79.85690989, 12.04877677], [79.85397546, 12.04992906], [79.85133942, 12.05089603], [79.8497688, 12.05131167], [79.84951644, 12.05020879], [79.84943838, 12.04972063], [79.84898395, 12.04849117], [79.84855699, 12.0471397], [79.84827701, 12.04615425], [79.84793273, 12.0450966], [79.84738654, 12.04337439], [79.84685388, 12.04258788], [79.84639942, 12.04175163], [79.8458027, 12.04021478], [79.84532072, 12.03851071], [79.8449351, 12.037801], [79.844389, 12.0354144], [79.84424677, 12.03469125], [79.84408617, 12.03376011], [79.84408624, 12.03281544], [79.84395392, 12.02721518], [79.84392659, 12.02561513], [79.84370185, 12.0237032], [79.84282044, 12.0221663], [79.84255427, 12.02105439], [79.84167776, 12.01777726], [79.84139779, 12.01710832], [79.84107657, 12.01548561], [79.84086574, 12.0131668], [79.84222501, 12.01210486], [79.84286325, 12.01184275], [79.8437541, 12.01139545], [79.84456679, 12.01114689], [79.84516829, 12.01093455], [79.84898865, 12.00961071], [79.84988403, 12.00926726], [79.85142683, 12.00853523], [79.85679739, 12.00605501], [79.84699557, 11.97849476], [79.84063594, 11.95578565], [79.82487072, 11.96152325], [79.81703955, 11.97869737], [79.81629573, 11.97903168], [79.81260489, 11.97789176], [79.81135644, 11.97678407], [79.8098143, 11.97522429], [79.80880942, 11.97327141], [79.8083781, 11.97245319], [79.80719906, 11.96947423], [79.80647871, 11.96802313], [79.80615317, 11.96654954], [79.80588716, 11.96565904], [79.80524056, 11.96316837], [79.80503128, 11.95644262], [79.80510965, 11.95528553], [79.8033429, 11.95313806], [79.8012905, 11.95462455], [79.78841685, 11.95969648], [79.7881825, 11.96037439], [79.78769134, 11.96024767], [79.7871761, 11.96018085], [79.78462043, 11.95958671], [79.78391877, 11.95762481], [79.78347857, 11.95626415], [79.77947201, 11.95355979], [79.77677272, 11.95369891], [79.77633279, 11.95172804], [79.77510331, 11.94973428], [79.77385005, 11.94990104], [79.77360251, 11.94902407], [79.77222642, 11.94642457], [79.77152511, 11.9438886], [79.76897283, 11.9439825], [79.766292, 11.94410797], [79.76516733, 11.94417531], [79.76356529, 11.94417012], [79.76048238, 11.94005565], [79.76051034, 11.93912907], [79.76042802, 11.938442], [79.76041996, 11.93592438], [79.76070169, 11.93202378], [79.76219502, 11.92854405], [79.76103835, 11.92845315], [79.75648103, 11.92702286], [79.75639968, 11.92426112], [79.75635402, 11.92372775], [79.75629937, 11.92278757], [79.75365679, 11.92009248], [79.75027407, 11.91990561], [79.75029211, 11.92056101], [79.75111777, 11.92169139], [79.7499239, 11.92265358], [79.74932285, 11.92216062], [79.74931774, 11.92324089], [79.74926577, 11.92627828], [79.74924123, 11.92722024], [79.74898218, 11.93368184], [79.7488285, 11.93820172], [79.74868098, 11.94402634], [79.74664252, 11.95426936], [79.74565772, 11.95925078], [79.74478744, 11.96396998], [79.7419649, 11.96587849], [79.74032161, 11.96643056], [79.73759969, 11.96738083], [79.73598851, 11.96794184], [79.73462982, 11.96836722], [79.73118267, 11.96986459], [79.73017291, 11.9704164], [79.72963127, 11.97066967], [79.72890604, 11.97087782], [79.72734069, 11.97116765], [79.72451735, 11.97122734], [79.72450829, 11.97172456], [79.72426998, 11.97281847], [79.72400849, 11.97350109], [79.72366473, 11.97506957], [79.72357327, 11.9761996], [79.72350474, 11.97704938], [79.72362897, 11.97803473], [79.72417127, 11.97948087], [79.72490613, 11.98048411], [79.72552647, 11.98201614], [79.72591256, 11.983485], [79.72712089, 11.98588473], [79.73040815, 11.98593777], [79.73036197, 11.98541353], [79.73032527, 11.98542709], [79.72975597, 11.98526906], [79.72958123, 11.98467698], [79.72982453, 11.98452773], [79.73022835, 11.98394912], [79.73023263, 11.98321687], [79.73079275, 11.98319402], [79.73199499, 11.98147604], [79.73303235, 11.98105078], [79.73372552, 11.98076583], [79.73568523, 11.97912434], [79.737898, 11.97896078], [79.73875188, 11.97883845], [79.7402025, 11.97856217], [79.74017941, 11.97816894], [79.74288797, 11.9779961], [79.74371513, 11.97985799], [79.74812457, 11.98475125], [79.76042376, 11.98920103], [79.76237341, 12.0026897], [79.75164627, 12.00618336], [79.74867432, 12.0073079], [79.74146586, 12.00136708], [79.74132491, 12.00122014], [79.74006467, 12.00129301], [79.73999583, 12.00129298], [79.73989926, 12.00092241], [79.73768164, 12.00095036], [79.73698742, 11.99843757], [79.73700552, 11.99788608], [79.73578873, 11.99750233], [79.73479239, 11.99746662], [79.7338776, 11.99451987], [79.73046586, 11.99323748], [79.72903815, 11.99361768], [79.72311511, 11.99249419], [79.72206372, 11.99263914], [79.72030349, 11.99234332], [79.71645576, 11.98570283], [79.71543856, 11.98488598], [79.71001175, 11.97656178], [79.70926791, 11.97581072], [79.71040178, 11.97570647], [79.71040479, 11.9757062], [79.71218924, 11.97439449], [79.71222198, 11.97439027], [79.71239819, 11.97360856], [79.71295711, 11.97325855], [79.7157136, 11.96966914], [79.71477998, 11.96769565], [79.71141861, 11.9674392], [79.71124072, 11.96717444], [79.70781451, 11.96603479], [79.70725661, 11.96613685], [79.70595842, 11.96671119], [79.70380244, 11.96715646], [79.70136371, 11.9633604], [79.70092203, 11.96270929], [79.69699309, 11.9619466], [79.69568785, 11.96391177], [79.69451383, 11.96067261], [79.6935352, 11.9572557], [79.69177586, 11.95201291], [79.69166094, 11.95131685], [79.69295647, 11.95066908], [79.69399045, 11.94963345], [79.69433207, 11.94880768], [79.69575937, 11.94770006], [79.69580978, 11.94732938], [79.69588732, 11.94487951], [79.6959514, 11.94452695], [79.69634154, 11.94410653], [79.69684149, 11.9425741], [79.70275349, 11.94071497], [79.70334092, 11.94059731], [79.70384126, 11.94042994], [79.70429101, 11.94017223], [79.70478669, 11.93974264], [79.70584665, 11.93840895], [79.7065303, 11.93726979], [79.70661283, 11.93693079], [79.7065529, 11.9359951], [79.70653442, 11.93538496], [79.70842984, 11.93435844], [79.70965988, 11.93385188], [79.71083475, 11.9332187], [79.71121571, 11.93306952], [79.70886723, 11.93888281], [79.70827194, 11.94038578], [79.70793891, 11.9463019], [79.70831274, 11.9472269], [79.7091083, 11.94751132], [79.70938422, 11.94891241], [79.70952394, 11.94940856], [79.71090181, 11.94931162], [79.71235862, 11.94848221], [79.71957524, 11.94543996], [79.72077438, 11.9440298], [79.72068022, 11.94345185], [79.72043118, 11.94218352], [79.71985647, 11.93933158], [79.71796882, 11.93117383], [79.71762608, 11.929595], [79.71848049, 11.92818576], [79.72390924, 11.9243918], [79.72645589, 11.92195466], [79.72848814, 11.91879452], [79.72998381, 11.91696797], [79.73261242, 11.91325165], [79.73554457, 11.91102674], [79.7375155, 11.90409693], [79.73575762, 11.90405684], [79.73437611, 11.90405282], [79.73340747, 11.90358762], [79.73130992, 11.9032087], [79.73071737, 11.90199753], [79.73068031, 11.90113424], [79.73064706, 11.89800193], [79.73056845, 11.89632506], [79.73052621, 11.89380744], [79.73052146, 11.89319278], [79.73049363, 11.89239268], [79.72954788, 11.89165633], [79.72937332, 11.8912631], [79.72896462, 11.89045415], [79.7288844, 11.89020559], [79.72879015, 11.89020563], [79.72856064, 11.89013338], [79.72791351, 11.89011103], [79.72678469, 11.89065828], [79.72617438, 11.891002], [79.72562826, 11.89098867], [79.72519668, 11.89055037], [79.72504068, 11.89055043], [79.7248892, 11.89062276], [79.72477453, 11.89084429], [79.72469671, 11.89145906], [79.72457292, 11.89184332], [79.72443985, 11.89191569], [79.72427467, 11.89192475], [79.7237606, 11.8917803], [79.72358622, 11.89176228], [79.72332461, 11.8917578], [79.72300333, 11.89176692], [79.72281977, 11.8917173], [79.72270491, 11.89148233], [79.72270487, 11.89131958], [79.72280118, 11.89107546], [79.7233425, 11.89037923], [79.72427395, 11.88977326], [79.72494374, 11.88909505], [79.72467294, 11.88883299], [79.72331441, 11.88872488], [79.72209379, 11.88941237], [79.72230045, 11.88968351], [79.72253227, 11.8897685], [79.72252076, 11.8897738], [79.72202976, 11.89], [79.72096513, 11.89050204], [79.72002889, 11.89052942], [79.71960662, 11.89042556], [79.7192303, 11.89034434], [79.71900081, 11.89035345], [79.71882643, 11.89042582], [79.71802834, 11.89182729], [79.71793199, 11.89199905], [79.71731261, 11.89255518], [79.71714745, 11.89268178], [79.71664258, 11.89279048], [79.71628459, 11.89260978], [79.71537557, 11.89169252], [79.71515527, 11.89164282], [79.71484776, 11.89163841], [79.71435665, 11.89164762], [79.71416853, 11.89158887], [79.71382412, 11.891137], [79.71368188, 11.89103756], [79.71350742, 11.89101502], [79.7133514, 11.89106928], [79.71257138, 11.89181984], [79.71239697, 11.89172954], [79.71229602, 11.89159843], [79.71210306, 11.8910064], [79.7119607, 11.89083469], [79.71179549, 11.89072628], [79.71156595, 11.89067204], [79.71119424, 11.89070836], [79.71093265, 11.89082141], [79.70977638, 11.891667], [79.70956994, 11.89191107], [79.70951037, 11.89244449], [79.70948292, 11.89251679], [79.70870743, 11.89327636], [79.70746841, 11.89355691], [79.70527926, 11.89391911], [79.70742466, 11.90150304], [79.70853996, 11.90157508], [79.70895385, 11.90430501], [79.70668757, 11.90823347], [79.71068682, 11.91361114], [79.71267879, 11.91352921], [79.71443211, 11.91339318], [79.71814571, 11.91472538], [79.71866113, 11.91903727], [79.71858982, 11.91904111], [79.71680227, 11.91913732], [79.71546659, 11.91918292], [79.71075277, 11.9193199], [79.70833384, 11.91936123], [79.70672266, 11.9190136], [79.70585057, 11.9190681], [79.70457922, 11.91914981], [79.69869024, 11.91915573], [79.69671207, 11.91917434], [79.69620257, 11.9191654], [79.69617364, 11.9189788], [79.69597267, 11.91768286], [79.69575641, 11.91546359], [79.69549441, 11.91362858], [79.69537909, 11.91121494], [79.69553053, 11.91097085], [79.69582385, 11.90937066], [79.69570014, 11.90888725], [79.69566308, 11.90874245], [79.69775572, 11.9075984], [79.69758524, 11.90480062], [79.69790191, 11.90473272], [79.69555967, 11.89846859], [79.695389, 11.89478938], [79.6933008, 11.89500681], [79.69322735, 11.89495703], [79.69320437, 11.89462263], [79.68939962, 11.89472739], [79.68852305, 11.89464166], [79.68692967, 11.89088591], [79.68462537, 11.88884777], [79.68336329, 11.88879832], [79.68262894, 11.88878486], [79.67754897, 11.89154296], [79.67507517, 11.89155238], [79.67385855, 11.88893096], [79.67382165, 11.88741678], [79.6738761, 11.88372845], [79.67689549, 11.8807674], [79.67993819, 11.88083926], [79.6850599, 11.88098298], [79.68982357, 11.88084192], [79.68938412, 11.86424012], [79.6945962, 11.85970993], [79.6942676, 11.84755578], [79.70033454, 11.83168465], [79.6899821, 11.82762352], [79.68572276, 11.81250558], [79.68529897, 11.81256829], [79.6799174, 11.81443152], [79.67844917, 11.8144227], [79.67785266, 11.81444091], [79.67480884, 11.80679301], [79.66612021, 11.81071806], [79.64735406, 11.7993745], [79.63462248, 11.80196937], [79.6243222, 11.81178678], [79.61929761, 11.8224674], [79.60233375, 11.83011849], [79.5908196, 11.84147575], [79.57998544, 11.84362548], [79.56502263, 11.83992959], [79.54274221, 11.84792382], [79.52916059, 11.85709485], [79.50995121, 11.85759338], [79.48655664, 11.86670219], [79.46791281, 11.87177984], [79.45507686, 11.87149419], [79.44097927, 11.87277663], [79.43087989, 11.88073373], [79.41371806, 11.89944894], [79.37490312, 11.91952836], [79.36168866, 11.91875932], [79.34875223, 11.92600701], [79.32156639, 11.92094088], [79.30812714, 11.92039109], [79.30359731, 11.93624138], [79.29264737, 11.94412566], [79.28451863, 11.94173218], [79.26103604, 11.95151943], [79.26407196, 11.95861181], [79.25127824, 11.96249863], [79.24838161, 11.95110613], [79.23276845, 11.95434733], [79.23700929, 11.96544321], [79.22944379, 11.97266316], [79.23856583, 11.99421353], [79.22718711, 11.9934331], [79.21182116, 11.98493294], [79.21221475, 11.97543384], [79.18470415, 11.97275479], [79.18638273, 11.98576271], [79.17117548, 11.98885607], [79.16994444, 12.01940748], [79.17262956, 12.0304784], [79.17621396, 12.04743668], [79.19098307, 12.05127125], [79.19646289, 12.05689744], [79.20073247, 12.06988661], [79.20923345, 12.0706663], [79.21555057, 12.06381684], [79.23501214, 12.06111634], [79.23996635, 12.07034413], [79.23790686, 12.07655537], [79.26019016, 12.08218483], [79.27130496, 12.10358212], [79.27921716, 12.10787907], [79.27827834, 12.12460236], [79.26398217, 12.12770639], [79.2451316, 12.14316222], [79.23800156, 12.15337549], [79.21061625, 12.1660901], [79.21592802, 12.19826103], [79.22232236, 12.19386572], [79.22341679, 12.1830583], [79.23457252, 12.18408042], [79.2333095, 12.19735119], [79.22862044, 12.20335977], [79.21608303, 12.20868831], [79.21917759, 12.21544013], [79.24379234, 12.23568912], [79.24025672, 12.25386939], [79.24504951, 12.27399441], [79.26102884, 12.27680976], [79.277487, 12.30099309], [79.28516572, 12.30641074], [79.28933075, 12.31793321], [79.2500997, 12.32244148], [79.24649719, 12.31639885], [79.23413634, 12.31574843], [79.23461074, 12.32986819], [79.22420365, 12.33155785], [79.21892379, 12.33778788], [79.20693111, 12.3418096], [79.22139653, 12.34965615], [79.22483903, 12.34722338], [79.22510595, 12.34668444], [79.23295609, 12.34272776], [79.23511328, 12.36872946], [79.24376785, 12.37291133], [79.24850802, 12.38298854], [79.24551003, 12.39323167], [79.23890509, 12.3995395], [79.22721736, 12.40193032], [79.22659085, 12.41128202], [79.23454711, 12.43741712], [79.24341248, 12.44517863], [79.26948639, 12.44773932], [79.30897162, 12.43868153], [79.32525833, 12.45077587], [79.34709584, 12.44295124], [79.36748301, 12.44393381], [79.38248488, 12.44232969], [79.39693898, 12.43587494], [79.4084021, 12.4183553], [79.40835917, 12.41120673]], [[79.69111938, 12.03243748], [79.69016363, 12.02938223], [79.68899695, 12.02781854], [79.68647592, 12.02696482], [79.68622774, 12.02626422], [79.6850156, 12.02628257], [79.68484101, 12.02576734], [79.68400484, 12.02350306], [79.68259945, 12.02176759], [79.68238821, 12.02160042], [79.68129064, 12.02094521], [79.67547769, 12.02136654], [79.67513318, 12.02075642], [79.67303886, 12.01702779], [79.67328203, 12.01597912], [79.67324067, 12.0157125], [79.67261141, 12.01448763], [79.67155508, 12.01234532], [79.67131592, 12.01006277], [79.66980085, 12.01041107], [79.66394686, 12.01169546], [79.65976844, 12.01062465], [79.65988776, 12.00979298], [79.65799112, 12.00632638], [79.65760074, 12.00500206], [79.65791738, 12.00401672], [79.65784396, 12.00364155], [79.65795861, 12.00214545], [79.65844146, 12.00141223], [79.65682284, 11.99243114], [79.65774559, 11.99118352], [79.65860416, 11.99115183], [79.65938451, 11.99063196], [79.66072507, 11.98951925], [79.66086276, 11.98920798], [79.66110157, 11.98928029], [79.66155607, 11.98960569], [79.66203358, 11.98961021], [79.66265203, 11.98956393], [79.66289209, 11.98964164], [79.66347369, 11.99024501], [79.66405838, 11.99043257], [79.66506842, 11.99051834], [79.66729521, 11.9909565], [79.66764414, 11.99130902], [79.66945324, 11.99261044], [79.67073428, 11.99320691], [79.67192367, 11.99470286], [79.67482185, 11.99177245], [79.6766792, 11.98907486], [79.67757418, 11.98707684], [79.67803309, 11.98624517], [79.67997759, 11.98417227], [79.68046592, 11.98371358], [79.68092956, 11.98341067], [79.68237634, 11.98641614], [79.68265645, 11.98666468], [79.68317546, 11.98778553], [79.68327654, 11.98827364], [79.68395163, 11.98941253], [79.68438786, 11.98974246], [79.68511349, 11.99075476], [79.68547173, 11.99164062], [79.68948866, 11.99008944], [79.69101291, 11.98978177], [79.69273461, 11.989917], [79.69355641, 11.98996661], [79.69393759, 11.99032806], [79.69395656, 11.99050302], [79.69466489, 11.99155697], [79.69604531, 11.99196835], [79.69827375, 11.9919019], [79.70020219, 11.9919381], [79.70143527, 11.99187661], [79.70218866, 11.99342226], [79.70375447, 11.99408175], [79.70549451, 11.9939503], [79.70586299, 11.9945904], [79.70671517, 11.99439695], [79.7070792, 11.99421567], [79.71137287, 11.9921012], [79.7145074, 11.9907364], [79.71580534, 11.99050318], [79.71771986, 11.99039936], [79.71808739, 11.990959], [79.71789254, 11.9916507], [79.71771099, 11.99169583], [79.71893248, 11.99224867], [79.71961194, 11.99221508], [79.71843755, 11.99519407], [79.71790963, 11.9955875], [79.71756998, 11.99585423], [79.71745524, 11.99601699], [79.71538072, 11.99824599], [79.71549118, 11.99922227], [79.71253779, 12.00140012], [79.71140693, 12.00354555], [79.70930412, 12.00392582], [79.7082253, 12.00420185], [79.70746821, 12.00597384], [79.70651336, 12.00674705], [79.70623796, 12.00695497], [79.70504891, 12.00735755], [79.7025059, 12.00983973], [79.70257047, 12.01092896], [79.70268115, 12.01295388], [79.70159783, 12.01383105], [79.70169901, 12.01448191], [79.70184621, 12.01560275], [79.70234715, 12.01735188], [79.70259514, 12.01774502], [79.7027517, 12.01942187], [79.70333947, 12.0194398], [79.70339024, 12.02051559], [79.70339044, 12.02110317], [79.70344572, 12.02187156], [79.70357446, 12.02259019], [79.70392848, 12.02442065], [79.70421831, 12.02634151], [79.70441138, 12.02704206], [79.70432926, 12.0289405], [79.70422838, 12.0295416], [79.70359063, 12.0314176], [79.70310849, 12.03158493], [79.70249794, 12.03210942], [79.70031688, 12.03233599], [79.70014703, 12.03264333], [79.69919192, 12.03276108], [79.69769049, 12.03308238], [79.69740564, 12.03247224], [79.69658379, 12.03274813], [79.69520627, 12.03313266], [79.69512836, 12.03377904], [79.69502743, 12.03393272], [79.69111938, 12.03243748]], [[79.79461397, 12.01683091], [79.79497959, 12.01687458], [79.79504101, 12.01693501], [79.79516782, 12.01726709], [79.79560094, 12.01748665], [79.79599905, 12.01700816], [79.79618434, 12.01680431], [79.79654346, 12.01675267], [79.79690527, 12.0167006], [79.80111564, 12.01698654], [79.80185944, 12.01706812], [79.80202012, 12.0172264], [79.80201023, 12.01727323], [79.80199249, 12.01735749], [79.8021254, 12.01861401], [79.80361731, 12.01971732], [79.80469685, 12.02063033], [79.80521459, 12.02165685], [79.80500293, 12.02322967], [79.80566838, 12.02449095], [79.80433643, 12.02585563], [79.80340973, 12.02585533], [79.79727438, 12.02556424], [79.79654692, 12.02571442], [79.79479939, 12.02566746], [79.79298814, 12.02540582], [79.79253573, 12.02535039], [79.79240242, 12.02582496], [79.79098818, 12.02605957], [79.78939005, 12.02634824], [79.7890686, 12.0264521], [79.7887519, 12.0260859], [79.78880261, 12.02574233], [79.78942891, 12.02457733], [79.78962957, 12.02425108], [79.78997892, 12.02291337], [79.7895802, 12.02091988], [79.78956713, 12.02076907], [79.78955274, 12.02060346], [79.78952536, 12.01997526], [79.78928531, 12.01879948], [79.7891081, 12.0182259], [79.79064657, 12.01774728], [79.79168431, 12.0176165], [79.79461397, 12.01683091]], [[79.6391651, 11.9882105], [79.63981238, 11.98802967], [79.63997313, 11.98832347], [79.64021063, 11.98976461], [79.64135975, 11.99108965], [79.63671813, 11.99535214], [79.63616719, 11.99579954], [79.63644726, 11.99808665], [79.63724154, 11.99843019], [79.63905516, 11.99832164], [79.64055192, 11.99819051], [79.64104773, 11.99821306], [79.64140592, 11.99831252], [79.64169051, 11.99851143], [79.64207167, 11.99887755], [79.6423104, 11.99922552], [79.64253996, 11.99971815], [79.64309495, 12.00141141], [79.64330756, 12.00293746], [79.64388731, 12.00517], [79.64531414, 12.00470917], [79.64582849, 12.00708664], [79.64599837, 12.00812164], [79.64609487, 12.00935114], [79.64628784, 12.01049911], [79.64643946, 12.01246984], [79.64684362, 12.01478851], [79.64784002, 12.01580998], [79.64765655, 12.01831856], [79.64899737, 12.0199095], [79.64936015, 12.0203208], [79.65001222, 12.02094447], [79.65099944, 12.02181229], [79.64470911, 12.02706482], [79.6255292, 12.03217258], [79.62904663, 12.0187981], [79.6209243, 12.01236607], [79.62037344, 12.00904387], [79.61928547, 12.00483124], [79.61927708, 12.00469006], [79.61917383, 12.00141196], [79.62398466, 12.00041736], [79.62593197, 12.00037644], [79.62487274, 11.99482326], [79.62473044, 11.99415883], [79.62445041, 11.99207955], [79.62384903, 11.98984221], [79.62361032, 11.98932244], [79.61872534, 11.98948944], [79.61718758, 11.98955231], [79.61722406, 11.98869614], [79.61742583, 11.98782545], [79.6178715, 11.98722037], [79.61746287, 11.98671869], [79.61977431, 11.98447614], [79.6208237, 11.98393908], [79.62437265, 11.98178763], [79.62408144, 11.98001695], [79.62388227, 11.97856293], [79.6245288, 11.97709147], [79.62434266, 11.97581534], [79.61892821, 11.97116101], [79.6186114, 11.97081752], [79.61859421, 11.97034699], [79.6216046, 11.96994024], [79.62246414, 11.96977676], [79.62306761, 11.9692298], [79.62368443, 11.96916336], [79.62443729, 11.96901432], [79.62704028, 11.96644707], [79.62659956, 11.9642729], [79.62695772, 11.96319271], [79.62712759, 11.96248301], [79.62737549, 11.96166944], [79.62793096, 11.96088297], [79.62823858, 11.95991564], [79.62836253, 11.9597168], [79.6287343, 11.95857329], [79.62870689, 11.95349734], [79.62840497, 11.94516293], [79.61891576, 11.94324583], [79.61794752, 11.93603637], [79.61851215, 11.93607714], [79.61845709, 11.93471658], [79.61824609, 11.93212667], [79.6186914, 11.93203628], [79.61849405, 11.93050401], [79.61845273, 11.93033679], [79.61887504, 11.93027802], [79.61876491, 11.9287819], [79.6184851, 11.92606085], [79.62068837, 11.92489929], [79.62795904, 11.92059196], [79.62822989, 11.91994114], [79.62837681, 11.91948462], [79.62532481, 11.90302734], [79.62536103, 11.9030224], [79.64071405, 11.9022046], [79.64677273, 11.90776391], [79.64830104, 11.90773225], [79.65604908, 11.91292508], [79.65751784, 11.91295209], [79.66268611, 11.91438442], [79.66269996, 11.91516634], [79.66109813, 11.91518011], [79.66886925, 11.9182663], [79.67052778, 11.92985526], [79.67069797, 11.93157732], [79.66982124, 11.93161815], [79.67032961, 11.93523349], [79.67029457, 11.93556854], [79.67013765, 11.93555941], [79.66959683, 11.93552794], [79.66933089, 11.93751218], [79.66329006, 11.93704289], [79.66066906, 11.93716072], [79.6608069, 11.93855739], [79.66069686, 11.94008057], [79.6606024, 11.94011809], [79.6603894, 11.9402027], [79.6604293, 11.9414853], [79.66041244, 11.94154967], [79.6599625, 11.94155395], [79.65945305, 11.94155879], [79.6593613, 11.94186616], [79.65886551, 11.94191136], [79.65862226, 11.94196564], [79.65863153, 11.94321765], [79.65864547, 11.94461432], [79.65757758, 11.94504716], [79.65753465, 11.94508005], [79.65741537, 11.94541004], [79.65733737, 11.94603369], [79.65675902, 11.94675875], [79.6565433, 11.94702364], [79.65742473, 11.94774684], [79.65748436, 11.94805414], [79.64337845, 11.94269515], [79.64273509, 11.94216557], [79.64257449, 11.94441657], [79.64190903, 11.94781561], [79.64185393, 11.94846196], [79.64223067, 11.95398987], [79.64737208, 11.95572977], [79.64689933, 11.95638523], [79.64698199, 11.95695468], [79.64743649, 11.95773666], [79.64763853, 11.95882148], [79.64746873, 11.95950842], [79.64746877, 11.96031299], [79.64769836, 11.96139785], [79.64761581, 11.96289384], [79.64761133, 11.96431318], [79.64815313, 11.96639687], [79.64845571, 11.96739222], [79.64778601, 11.96792014], [79.64734987, 11.96804666], [79.64708362, 11.96822296], [79.64636286, 11.9686795], [79.64544476, 11.9690638], [79.64438887, 11.96949775], [79.64285558, 11.97005376], [79.64130392, 11.97103918], [79.6411662, 11.97109342], [79.64090452, 11.97277939], [79.64064289, 11.97314548], [79.64037207, 11.9742574], [79.64034, 11.97530603], [79.64031703, 11.9762733], [79.63891679, 11.97684288], [79.63667648, 11.97862373], [79.63708053, 11.97983964], [79.63725495, 11.9805764], [79.63740191, 11.98216734], [79.63745245, 11.98302616], [79.63790245, 11.98486581], [79.6391651, 11.9882105]], [[79.6784025, 11.97182646], [79.67678144, 11.96886158], [79.67571631, 11.96827872], [79.67509195, 11.96831943], [79.67496335, 11.96801214], [79.67442624, 11.96793989], [79.67377434, 11.96784508], [79.67331069, 11.96779095], [79.67277352, 11.96778195], [79.67193344, 11.96796284], [79.67100618, 11.96830199], [79.66958764, 11.96856436], [79.66899086, 11.96860963], [79.66755846, 11.96823466], [79.66347737, 11.96889058], [79.66233419, 11.96861046], [79.66247623, 11.9659301], [79.6619801, 11.96276619], [79.66192958, 11.96254922], [79.66052019, 11.96257645], [79.66021244, 11.96089961], [79.66012517, 11.96027585], [79.66002397, 11.95839107], [79.6591793, 11.95829619], [79.65880743, 11.95835052], [79.65802704, 11.95846361], [79.65720998, 11.95861278], [79.6563378, 11.95903777], [79.65379367, 11.96066665], [79.65292359, 11.95765194], [79.65452332, 11.95375761], [79.65480885, 11.95337873], [79.65609848, 11.95299463], [79.65685139, 11.95283186], [79.65735173, 11.95247925], [79.65789796, 11.95250628], [79.65831109, 11.95243392], [79.65832657, 11.95227964], [79.65833252, 11.95179936], [79.65852412, 11.95111669], [79.66016037, 11.95015315], [79.66122587, 11.95023238], [79.6636242, 11.95089213], [79.66410415, 11.95085589], [79.66679867, 11.9498295], [79.66728066, 11.94973904], [79.66789578, 11.94965755], [79.66993374, 11.94954709], [79.67008536, 11.94952171], [79.67086813, 11.94920144], [79.67092499, 11.94893793], [79.67184333, 11.94849088], [79.67183555, 11.94842825], [79.67193511, 11.94812474], [79.67321577, 11.94787152], [79.67340862, 11.94812453], [79.67373457, 11.94840474], [79.67438644, 11.94843628], [79.67658068, 11.94845403], [79.67669107, 11.94956137], [79.67782954, 11.94980074], [79.67927567, 11.95074066], [79.67934296, 11.95080975], [79.68015262, 11.95172134], [79.68031792, 11.95177107], [79.68080911, 11.95178454], [79.68105705, 11.95204209], [79.68154823, 11.95205565], [79.68203944, 11.95213688], [79.68276215, 11.95294975], [79.68419717, 11.95323482], [79.68466081, 11.95335226], [79.68462422, 11.95375905], [79.68395857, 11.95373204], [79.683876, 11.95421119], [79.68382555, 11.95434679], [79.68352264, 11.95447795], [79.68344031, 11.95632213], [79.68362855, 11.95648479], [79.68375716, 11.95658876], [79.68381228, 11.95681015], [79.6839226, 11.95777747], [79.68401919, 11.95882156], [79.68431787, 11.96013682], [79.68421715, 11.96137531], [79.68464429, 11.96263175], [79.6857051, 11.96470168], [79.68739992, 11.96854327], [79.68767084, 11.96911275], [79.68667085, 11.97282383], [79.68448561, 11.97307283], [79.68073486, 11.97287466], [79.68019299, 11.97188032], [79.6784025, 11.97182646]], [[79.61711498, 11.88341483], [79.61538486, 11.88167452], [79.61190174, 11.87898037], [79.6087215, 11.87711344], [79.60784499, 11.87757436], [79.60755117, 11.87821171], [79.60705095, 11.87869983], [79.60561894, 11.880363], [79.60459077, 11.88134826], [79.60390692, 11.88175502], [79.60279171, 11.88226568], [79.60167643, 11.8826678], [79.59996458, 11.88293887], [79.59968487, 11.88071944], [79.59992855, 11.87733406], [79.60006633, 11.87584242], [79.60069059, 11.87484814], [79.60085601, 11.87339268], [79.60100295, 11.87284578], [79.60137944, 11.87115087], [79.60160886, 11.87121872], [79.60295818, 11.87010695], [79.60314647, 11.86874638], [79.60311914, 11.86713732], [79.60276602, 11.86419931], [79.60259634, 11.86352128], [79.60245419, 11.86231894], [79.60225255, 11.86008601], [79.60205508, 11.85834483], [79.60270708, 11.85805203], [79.60363857, 11.85849962], [79.60447828, 11.85872576], [79.60496019, 11.85863085], [79.60536398, 11.85863089], [79.60563931, 11.85871681], [79.6060615, 11.85897444], [79.60701592, 11.85973393], [79.60726832, 11.85995996], [79.60764461, 11.8601001], [79.60827322, 11.86017247], [79.6106595, 11.860019], [79.61024187, 11.86050714], [79.61020515, 11.86066978], [79.61079257, 11.86092749], [79.61251331, 11.86169147], [79.61223335, 11.86263167], [79.61405514, 11.86274028], [79.61408271, 11.86303407], [79.61513813, 11.86290757], [79.61589532, 11.86282167], [79.61950692, 11.86268625], [79.61957576, 11.86316544], [79.61959859, 11.86567403], [79.6197315, 11.86812384], [79.61969023, 11.86874311], [79.61965348, 11.86891486], [79.61915326, 11.87019397], [79.62138359, 11.86985506], [79.62323759, 11.86961101], [79.62430689, 11.86948448], [79.62521085, 11.86956138], [79.62642237, 11.86981004], [79.62756514, 11.86984615], [79.62845544, 11.86979652], [79.62857019, 11.86531718], [79.62731281, 11.86422787], [79.627143, 11.8621667], [79.62779482, 11.85413018], [79.6286805, 11.85389066], [79.63032782, 11.85375956], [79.63614654, 11.85291881], [79.6378444, 11.85261141], [79.63902828, 11.85228148], [79.64295632, 11.85138188], [79.64527824, 11.85093875], [79.64713202, 11.85016121], [79.64862343, 11.85020632], [79.65029371, 11.85027855], [79.65202831, 11.8503372], [79.65378128, 11.8509925], [79.65488727, 11.85186927], [79.6568513, 11.85207249], [79.65788845, 11.85265546], [79.65801703, 11.853686], [79.66070195, 11.85811083], [79.66126198, 11.85929956], [79.66175293, 11.85934926], [79.66165217, 11.86118438], [79.66351096, 11.86279775], [79.66334604, 11.86544651], [79.66279095, 11.86678453], [79.66272669, 11.86725455], [79.66178876, 11.86733446], [79.66078093, 11.86727742], [79.66010179, 11.86753957], [79.65928499, 11.86772949], [79.65774785, 11.87008911], [79.65659597, 11.87010275], [79.65319538, 11.87025676], [79.65191968, 11.87033817], [79.6498821, 11.87046937], [79.64864314, 11.8729509], [79.6463719, 11.88055821], [79.64052058, 11.88058555], [79.64082352, 11.88373597], [79.64114489, 11.88590104], [79.64115865, 11.88663327], [79.63622509, 11.88808879], [79.63569733, 11.88813859], [79.63509152, 11.888568], [79.63494009, 11.88878043], [79.63469684, 11.8887623], [79.63467848, 11.88853635], [79.63482988, 11.88754193], [79.63466005, 11.88408868], [79.63161729, 11.88117781], [79.62989174, 11.88129078], [79.63000188, 11.88216316], [79.62992843, 11.88434184], [79.62992843, 11.88498814], [79.62967139, 11.88686395], [79.62973107, 11.88827869], [79.62978156, 11.88868101], [79.6250452, 11.88920068], [79.62491207, 11.88924588], [79.61912033, 11.88723886], [79.61896891, 11.88684105], [79.61856048, 11.88630317], [79.61846866, 11.88615398], [79.618409, 11.88593252], [79.61847793, 11.88538564], [79.61836314, 11.88492911], [79.61819341, 11.88459459], [79.61799148, 11.88447703], [79.61762432, 11.88435498], [79.61711498, 11.88341483]], [[79.64732444, 11.84422199], [79.64595694, 11.84231009], [79.64534647, 11.83906024], [79.64573185, 11.83832796], [79.64583275, 11.8365878], [79.64593822, 11.83566568], [79.64579136, 11.83501931], [79.64539668, 11.83442724], [79.64460744, 11.83365434], [79.6446062, 11.83364652], [79.6439282, 11.82993439], [79.64345549, 11.8279411], [79.64340038, 11.82715913], [79.64340494, 11.82663483], [79.64323516, 11.82607888], [79.64257442, 11.82577605], [79.64225779, 11.825428], [79.64188613, 11.82479975], [79.64103728, 11.82441111], [79.64094551, 11.82336695], [79.64237239, 11.82258495], [79.64322126, 11.8224674], [79.64433619, 11.82221422], [79.64517585, 11.8209802], [79.64501056, 11.82021187], [79.64708451, 11.8196784], [79.64677238, 11.81800596], [79.64628137, 11.81636529], [79.64633643, 11.81624321], [79.64798357, 11.81542952], [79.64992434, 11.81528478], [79.65140171, 11.81497735], [79.65231016, 11.81459301], [79.65272308, 11.81444385], [79.65472354, 11.81433067], [79.65689829, 11.81404119], [79.65790772, 11.81383772], [79.65876105, 11.81329979], [79.65908221, 11.81304207], [79.65998604, 11.8129968], [79.66036233, 11.81336289], [79.66111933, 11.81355578], [79.66274357, 11.81316375], [79.6637438, 11.81334443], [79.66518932, 11.81500316], [79.66694197, 11.81503002], [79.66911225, 11.81495744], [79.67118687, 11.82028172], [79.67120523, 11.82068403], [79.67127799, 11.82271948], [79.67015502, 11.82387081], [79.6686271, 11.82412412], [79.66594753, 11.8245267], [79.66339645, 11.82528634], [79.66244679, 11.82580623], [79.66157509, 11.82682789], [79.66059785, 11.82793993], [79.65971702, 11.82905194], [79.65963509, 11.82916095], [79.65945548, 11.82939993], [79.66001086, 11.83115822], [79.66063043, 11.83262715], [79.66191128, 11.83806003], [79.66177828, 11.83941606], [79.65939236, 11.84032932], [79.65633181, 11.84131045], [79.65373013, 11.84223726], [79.65295009, 11.84264866], [79.65216085, 11.84322276], [79.65155062, 11.84383301], [79.64732444, 11.84422199]]]]}, "geometry_name": "geom", "properties": {"geo_id": "IN-TN-VIL", "district_name": "Villupuram", "state_name": "Tamil Nadu", "state_geo_id": "IN-TN", "agro_climatic_zone": "North Eastern Zone"}}, {"type": "Feature", "id": "NowcastWarningDistrict.fid-2bfa195d_1a08a681a2b_610d", "geometry": {"type": "MultiPolygon", "coordinates": [[[[78.51169681, 12.72673495], [78.50927172, 12.72423451], [78.4969611, 12.73133779], [78.48908796, 12.7419804], [78.49316507, 12.74714927], [78.50527077, 12.74296222], [78.51305198, 12.73321231], [78.51169681, 12.72673495]]], [[[78.85831029, 12.63335909], [78.85724331, 12.62496127], [78.83944327, 12.58918079], [78.82192747, 12.53913026], [78.79823364, 12.49727584], [78.78981949, 12.49985392], [78.78209282, 12.48435288], [78.77587899, 12.4835687], [78.77796534, 12.46519651], [78.75856211, 12.44274313], [78.76881086, 12.43745494], [78.76816019, 12.42136418], [78.76456069, 12.41852422], [78.76068243, 12.40212012], [78.74867248, 12.3826009], [78.7484899, 12.38235111], [78.72917696, 12.37383739], [78.72847707, 12.3585381], [78.7115725, 12.31450681], [78.71132859, 12.31330918], [78.71001114, 12.30413433], [78.7027786, 12.29577004], [78.69501954, 12.29469167], [78.69009948, 12.28546323], [78.67561416, 12.26975949], [78.64803328, 12.25837702], [78.63870404, 12.26378771], [78.64004658, 12.28135635], [78.6238641, 12.26492669], [78.61675874, 12.26755695], [78.60975513, 12.26128288], [78.60138548, 12.26769131], [78.60425673, 12.27935285], [78.6129974, 12.29446793], [78.60948456, 12.30966788], [78.59840162, 12.31322838], [78.59908986, 12.32326704], [78.60434322, 12.33144855], [78.61101824, 12.3300344], [78.61720481, 12.34731413], [78.61217966, 12.35201446], [78.58435022, 12.36079309], [78.56962435, 12.38011237], [78.56862031, 12.38757439], [78.5552623, 12.39044551], [78.54401762, 12.39769194], [78.52553724, 12.39869321], [78.51398744, 12.40705914], [78.50901587, 12.39884001], [78.49534503, 12.40884372], [78.48693619, 12.38987751], [78.46413981, 12.39178373], [78.45951214, 12.38492853], [78.4358299, 12.3938203], [78.44167741, 12.40797505], [78.44793719, 12.41379963], [78.4530597, 12.43012387], [78.44759081, 12.44424966], [78.45017679, 12.44936085], [78.43510334, 12.46084454], [78.41566121, 12.48794381], [78.41933609, 12.51374851], [78.41305261, 12.51709852], [78.41688701, 12.53456694], [78.41613471, 12.5505037], [78.42123083, 12.57022718], [78.409693, 12.58818568], [78.40740286, 12.60205243], [78.41250001, 12.6268743], [78.42662109, 12.63505307], [78.43321523, 12.63009824], [78.45863808, 12.62952258], [78.46464229, 12.62419656], [78.47176471, 12.6322167], [78.46789965, 12.67589209], [78.48450137, 12.67166023], [78.49978463, 12.67614035], [78.50386008, 12.681914], [78.5039606, 12.71123335], [78.51206477, 12.70769822], [78.5205034, 12.7180926], [78.52281873, 12.7191512], [78.52856577, 12.71560551], [78.53130308, 12.69701706], [78.54090825, 12.6906748], [78.55473422, 12.69909489], [78.55431417, 12.71802774], [78.56370549, 12.73755548], [78.55751123, 12.75723617], [78.56558367, 12.75936131], [78.56838642, 12.76693229], [78.59252102, 12.78267563], [78.59306676, 12.79823291], [78.60116344, 12.80367905], [78.60038782, 12.81842279], [78.60775766, 12.82190262], [78.60290455, 12.8447371], [78.6318493, 12.85657133], [78.6447023, 12.86335895], [78.65971511, 12.86518405], [78.68680157, 12.86072245], [78.71606628, 12.85794804], [78.71868883, 12.86470088], [78.73040828, 12.86565054], [78.73694291, 12.84224512], [78.73413907, 12.83044306], [78.74527894, 12.82425435], [78.74917167, 12.81770753], [78.76207178, 12.82836201], [78.77322027, 12.8335916], [78.78258346, 12.84729434], [78.81088666, 12.8540965], [78.83927751, 12.8694739], [78.8435284, 12.87618629], [78.86240626, 12.88341524], [78.87353618, 12.89041675], [78.8874171, 12.89376129], [78.89991707, 12.90729247], [78.90778663, 12.90998555], [78.91312922, 12.89473111], [78.90604293, 12.88891512], [78.91042787, 12.88113636], [78.90300096, 12.87261751], [78.89972907, 12.85685321], [78.87781191, 12.8558415], [78.88067711, 12.84030745], [78.89305252, 12.84248006], [78.88987052, 12.83138541], [78.87491048, 12.8359865], [78.86499431, 12.82624624], [78.86905233, 12.82085901], [78.88420969, 12.81238034], [78.87180839, 12.77442143], [78.86411861, 12.77464386], [78.85061383, 12.76306833], [78.84722418, 12.73734001], [78.85367603, 12.71660744], [78.84644024, 12.70396522], [78.84538704, 12.69561281], [78.85508744, 12.68197786], [78.84147634, 12.67841947], [78.83923225, 12.66248275], [78.81423682, 12.63882957], [78.83765329, 12.64343998], [78.85831029, 12.63335909]]]]}, "geometry_name": "geom", "properties": {"geo_id": "IN-TN-TIR", "district_name": "Tiruppattar", "state_name": "Tamil Nadu", "state_geo_id": "IN-TN", "agro_climatic_zone": ""}}, {"type": "Feature", "id": "NowcastWarningDistrict.fid-2bfa195d_1a08a681a2b_610e", "geometry": {"type": "MultiPolygon", "coordinates": [[[[80.33188193, 13.23544051], [80.31767647, 13.22961974], [80.31020763, 13.21607675], [80.29661394, 13.21358157], [80.28389615, 13.22130343], [80.27772812, 13.23043255], [80.27112953, 13.22531958], [80.2704391, 13.20326838], [80.24998912, 13.20609245], [80.24888146, 13.19864826], [80.23182392, 13.19651066], [80.22275131, 13.19976208], [80.2239582, 13.18426426], [80.21592809, 13.17225974], [80.20184042, 13.18137089], [80.19248381, 13.1731473], [80.19267432, 13.1579031], [80.18591086, 13.14809293], [80.16821953, 13.14219798], [80.14577912, 13.13941167], [80.14043624, 13.09855211], [80.14609741, 13.08818841], [80.16136667, 13.08114074], [80.1634033, 13.07342558], [80.15877943, 13.0416809], [80.14571529, 13.0398609], [80.15264525, 13.05402002], [80.14848805, 13.06441087], [80.14058987, 13.04895461], [80.13438907, 13.04465218], [80.12794286, 13.03420083], [80.11908772, 13.0349915], [80.10836502, 13.04180178], [80.09695663, 13.03586179], [80.0885892, 13.04110779], [80.08282795, 13.03618042], [80.07983575, 13.01622132], [80.07105454, 13.03741633], [80.06234304, 13.03451711], [80.06070853, 13.02774179], [80.04396031, 13.01985452], [80.02734807, 13.0200066], [80.02245582, 13.02390053], [80.02378088, 13.04035235], [80.00617056, 13.04249125], [79.99455508, 13.04674488], [79.98742579, 13.03033725], [79.98020813, 13.03250497], [79.97887324, 13.04916018], [79.96987, 13.04900978], [79.96882876, 13.03747609], [79.95562663, 13.03776948], [79.93677177, 13.03259484], [79.91748102, 13.03562187], [79.9179991, 13.047201], [79.90067998, 13.04946261], [79.89709226, 13.03178226], [79.90041004, 13.01698481], [79.92004151, 13.01950005], [79.94183653, 13.00857197], [79.93581347, 12.99247042], [79.92454914, 12.99111666], [79.90841501, 13.00420277], [79.8995143, 12.99553979], [79.88920857, 12.99223198], [79.91404399, 12.97892426], [79.9095262, 12.96689811], [79.89615216, 12.95903056], [79.89072312, 12.94510132], [79.85246259, 12.94865235], [79.84848942, 12.95612284], [79.83235571, 12.9582264], [79.82235852, 12.96654949], [79.82155848, 12.97829131], [79.81299723, 12.98946164], [79.83020869, 12.99630924], [79.82298919, 13.02811167], [79.81062485, 13.01819172], [79.80105232, 13.01494843], [79.79674292, 13.02754316], [79.78988965, 13.0245715], [79.7861645, 13.03872099], [79.79118161, 13.04659594], [79.7881446, 13.05658768], [79.76997485, 13.0600922], [79.76337678, 13.05243761], [79.74658631, 13.05107102], [79.73523596, 13.06059406], [79.72444792, 13.05950443], [79.72577426, 13.06796459], [79.73811942, 13.06552828], [79.74164173, 13.07600769], [79.73552825, 13.08685724], [79.73632939, 13.09511869], [79.72277535, 13.09939029], [79.70147329, 13.09941505], [79.70265169, 13.10867537], [79.72208212, 13.10761616], [79.73744244, 13.12087968], [79.73899705, 13.14343164], [79.73653985, 13.16694329], [79.70623724, 13.16328865], [79.69486287, 13.15904335], [79.69181883, 13.17723975], [79.70079087, 13.18118759], [79.7007569, 13.19164579], [79.68417837, 13.18716636], [79.67160492, 13.18805449], [79.67151066, 13.20379153], [79.66120643, 13.21042317], [79.64813271, 13.19949609], [79.64494881, 13.1790589], [79.63154533, 13.17156141], [79.63664131, 13.15008891], [79.63106099, 13.14555586], [79.61012859, 13.14507598], [79.60316465, 13.14751136], [79.59576851, 13.13990399], [79.5992883, 13.13064844], [79.59438767, 13.12198373], [79.5709117, 13.12188894], [79.5691279, 13.13726405], [79.53257712, 13.13648431], [79.51729114, 13.14378161], [79.50577441, 13.13729976], [79.48167309, 13.13949084], [79.4751903, 13.13039093], [79.47528774, 13.10766654], [79.46454399, 13.10734935], [79.46331396, 13.09675592], [79.45093762, 13.0932478], [79.44366251, 13.11401265], [79.43210331, 13.11843525], [79.43861128, 13.12506413], [79.43406239, 13.13649058], [79.41877714, 13.149957], [79.41222225, 13.13762403], [79.41331276, 13.1187502], [79.40464793, 13.11520782], [79.40161291, 13.10421194], [79.40732547, 13.10014379], [79.41745156, 13.10492424], [79.4189579, 13.09510301], [79.41361733, 13.08538214], [79.40389781, 13.08070086], [79.38291538, 13.08104538], [79.37930079, 13.07547274], [79.34673921, 13.06336254], [79.33494695, 13.06055404], [79.32473168, 13.07768116], [79.30349876, 13.08343365], [79.29338146, 13.1014138], [79.28401761, 13.12276989], [79.29926392, 13.11865784], [79.29430542, 13.10959898], [79.30718986, 13.10552189], [79.30990841, 13.1120127], [79.32423817, 13.11853803], [79.32901746, 13.13052494], [79.34408273, 13.1319602], [79.3485482, 13.12025517], [79.35809791, 13.12171597], [79.36542457, 13.13178618], [79.36114085, 13.13864202], [79.35611537, 13.16457929], [79.38003813, 13.16292632], [79.37554568, 13.17770068], [79.39202173, 13.1923791], [79.43158297, 13.18927031], [79.43238253, 13.19697148], [79.44119088, 13.20826843], [79.43970774, 13.21763775], [79.45380044, 13.21694261], [79.45315167, 13.23835177], [79.4414934, 13.23799329], [79.43767925, 13.24288878], [79.41849622, 13.24296011], [79.41709133, 13.25844402], [79.41142173, 13.26465007], [79.41901276, 13.27196162], [79.43373233, 13.27498704], [79.43575702, 13.29127948], [79.44631027, 13.29161589], [79.4451824, 13.30172184], [79.43053982, 13.30024725], [79.42003527, 13.28954684], [79.41379801, 13.30015049], [79.40530234, 13.29756627], [79.39371985, 13.29980885], [79.38756913, 13.31788708], [79.3987606, 13.32167388], [79.39835968, 13.33020218], [79.43166885, 13.33671482], [79.43615794, 13.35015477], [79.44558217, 13.34754029], [79.45625512, 13.33857074], [79.48048624, 13.33999958], [79.49866296, 13.34462882], [79.49738387, 13.33203805], [79.51008144, 13.33417491], [79.51102376, 13.34190352], [79.52636896, 13.34424233], [79.53736512, 13.33858834], [79.54404196, 13.31708738], [79.53488288, 13.30143788], [79.54116661, 13.29272223], [79.53515234, 13.28509125], [79.54002057, 13.27236183], [79.55840759, 13.27272025], [79.57402948, 13.25899871], [79.58256539, 13.25734184], [79.5937802, 13.2661521], [79.59559081, 13.28466393], [79.60623567, 13.28821746], [79.62876787, 13.2697342], [79.63403264, 13.28244734], [79.65183992, 13.29181075], [79.65520321, 13.28528893], [79.67147709, 13.28018895], [79.68318511, 13.28819072], [79.69374528, 13.27983192], [79.69366521, 13.27347763], [79.67829334, 13.2616536], [79.68427382, 13.24442882], [79.69634254, 13.2432509], [79.70098196, 13.25302547], [79.70823844, 13.25004494], [79.71406522, 13.23573432], [79.7075417, 13.23498164], [79.70270782, 13.22239615], [79.71838575, 13.21651585], [79.72164514, 13.22345671], [79.73084381, 13.223485], [79.73263929, 13.23687557], [79.75099563, 13.2164236], [79.75008214, 13.20799428], [79.75984326, 13.20744317], [79.76425221, 13.21911462], [79.77696601, 13.21882181], [79.78771976, 13.22916212], [79.79434015, 13.2282786], [79.79473202, 13.24210395], [79.78159659, 13.25158943], [79.7611934, 13.25752114], [79.7479717, 13.27103608], [79.73503611, 13.27593622], [79.73095595, 13.28435301], [79.73924145, 13.29134568], [79.75241646, 13.29165678], [79.76028017, 13.30160939], [79.76185968, 13.31264058], [79.76814119, 13.31392081], [79.77957217, 13.30630363], [79.79173281, 13.29352414], [79.80164503, 13.3005048], [79.80425099, 13.31170687], [79.81736234, 13.31855362], [79.83258913, 13.31541448], [79.86325264, 13.31764802], [79.86792603, 13.33024396], [79.87763488, 13.32427807], [79.88350498, 13.33285926], [79.90381123, 13.34042635], [79.91681047, 13.35808304], [79.92528986, 13.35835809], [79.93130022, 13.35151308], [79.94527786, 13.36341837], [79.94919224, 13.37766776], [79.95804796, 13.37917495], [79.96256922, 13.39423227], [79.94435637, 13.3968677], [79.94445166, 13.40626798], [79.93960961, 13.42502941], [79.96196746, 13.42337861], [79.97333872, 13.42967248], [79.97242033, 13.46909166], [79.98239685, 13.47045636], [79.98407732, 13.47957861], [80.00749054, 13.47864052], [80.01583955, 13.48902561], [80.01590455, 13.49795151], [80.02999976, 13.49818806], [80.0466183, 13.49368381], [80.04842321, 13.51225076], [80.03552035, 13.51830543], [80.02718585, 13.51370048], [80.01952037, 13.51925077], [80.01686319, 13.52949036], [80.00051907, 13.52567541], [79.99859971, 13.54272382], [80.01337919, 13.54715019], [80.02459138, 13.54515874], [80.02843807, 13.53882456], [80.0569346, 13.53663652], [80.06728779, 13.54443186], [80.08125943, 13.54975123], [80.08864062, 13.53539966], [80.07714189, 13.52680491], [80.07819007, 13.48881143], [80.09924002, 13.48757665], [80.11102989, 13.49189392], [80.11717789, 13.50397312], [80.14461328, 13.50132749], [80.14514499, 13.49141524], [80.16198275, 13.48826819], [80.18652902, 13.49065021], [80.22588809, 13.48507047], [80.23519807, 13.47400321], [80.24097478, 13.47330927], [80.25110927, 13.50276946], [80.2640496, 13.56263738], [80.26874886, 13.5646282], [80.27626067, 13.54708047], [80.30070347, 13.47822862], [80.30718604, 13.46684615], [80.31590669, 13.4584786], [80.32526067, 13.44403217], [80.32917956, 13.40673844], [80.34199108, 13.34707005], [80.34654673, 13.313274], [80.34536081, 13.28130286], [80.33188193, 13.23544051]]]]}, "geometry_name": "geom", "properties": {"geo_id": "IN-TN-TVL", "district_name": "Tiruvallur", "state_name": "Tamil Nadu", "state_geo_id": "IN-TN", "agro_climatic_zone": "North Eastern Zone"}}, {"type": "Feature", "id": "NowcastWarningDistrict.fid-2bfa195d_1a08a681a2b_610f", "geometry": {"type": "MultiPolygon", "coordinates": [[[[79.55962176, 12.85355273], [79.57924693, 12.84277799], [79.58537449, 12.83475216], [79.60315907, 12.82729269], [79.60796734, 12.82941294], [79.62823789, 12.8212017], [79.63917153, 12.81362204], [79.64292, 12.80258038], [79.6406674, 12.78611533], [79.65019504, 12.78248999], [79.64619268, 12.77248813], [79.65453131, 12.76416685], [79.65951029, 12.7763876], [79.66965053, 12.77735808], [79.6732584, 12.79088037], [79.68981689, 12.7833113], [79.69794286, 12.77590611], [79.70829932, 12.7762152], [79.70725541, 12.76555806], [79.71201402, 12.75724044], [79.73111335, 12.75598194], [79.74482946, 12.74386416], [79.74106369, 12.73446035], [79.72335506, 12.73152922], [79.72688798, 12.72344226], [79.73646257, 12.71928949], [79.73769437, 12.70359662], [79.74368993, 12.69695475], [79.72151958, 12.68388311], [79.68249008, 12.66798413], [79.67101937, 12.66651726], [79.65946647, 12.6708576], [79.64657802, 12.67038857], [79.6431114, 12.65738557], [79.63031575, 12.63101775], [79.64497837, 12.62538579], [79.64373982, 12.6131916], [79.64716759, 12.60239831], [79.6540888, 12.60297623], [79.66580827, 12.59339762], [79.69082448, 12.60112656], [79.69723331, 12.5952946], [79.7102416, 12.59347415], [79.72461483, 12.58739042], [79.7066193, 12.57509341], [79.70565148, 12.569453], [79.71921872, 12.56459475], [79.7146311, 12.54959059], [79.72111773, 12.54747318], [79.74392632, 12.53189412], [79.75615046, 12.5149556], [79.74473724, 12.50313898], [79.7274029, 12.49443929], [79.74712184, 12.48317288], [79.74410437, 12.47251194], [79.74946462, 12.45674462], [79.7333665, 12.4540844], [79.72064713, 12.44602098], [79.71783485, 12.43924667], [79.71631928, 12.43147755], [79.70863828, 12.427873], [79.70732385, 12.41512751], [79.6987695, 12.41033418], [79.69775574, 12.40224847], [79.66945711, 12.39380622], [79.66008913, 12.37896868], [79.66367395, 12.36806192], [79.64712196, 12.35886541], [79.6403907, 12.34468249], [79.63599574, 12.34282947], [79.61892146, 12.35436833], [79.6233944, 12.36792796], [79.61686078, 12.37732439], [79.60574792, 12.37791569], [79.5973327, 12.35059697], [79.58893818, 12.3499856], [79.57082345, 12.35648619], [79.56509373, 12.36217981], [79.55349789, 12.36553046], [79.5464643, 12.36351703], [79.52845333, 12.36996513], [79.51792723, 12.35327377], [79.51116872, 12.35415225], [79.50674527, 12.34597844], [79.49664788, 12.34493045], [79.48886195, 12.34939471], [79.49073123, 12.36706191], [79.48444268, 12.36959997], [79.47442279, 12.36519228], [79.46114291, 12.37387448], [79.4511383, 12.37420719], [79.44729774, 12.38682295], [79.44822882, 12.3957855], [79.4363241, 12.39517804], [79.4384051, 12.40732238], [79.42639323, 12.40101942], [79.4206101, 12.41085092], [79.4096252, 12.40955331], [79.40835917, 12.41120673], [79.4084021, 12.4183553], [79.39693898, 12.43587494], [79.38248488, 12.44232969], [79.36748301, 12.44393381], [79.34709584, 12.44295124], [79.32525833, 12.45077587], [79.30897162, 12.43868153], [79.26948639, 12.44773932], [79.24341248, 12.44517863], [79.23454711, 12.43741712], [79.22659085, 12.41128202], [79.22721736, 12.40193032], [79.23890509, 12.3995395], [79.24551003, 12.39323167], [79.24850802, 12.38298854], [79.24376785, 12.37291133], [79.23511328, 12.36872946], [79.23295609, 12.34272776], [79.22510595, 12.34668444], [79.22483903, 12.34722338], [79.22139653, 12.34965615], [79.20693111, 12.3418096], [79.21892379, 12.33778788], [79.22420365, 12.33155785], [79.23461074, 12.32986819], [79.23413634, 12.31574843], [79.24649719, 12.31639885], [79.2500997, 12.32244148], [79.28933075, 12.31793321], [79.28516572, 12.30641074], [79.277487, 12.30099309], [79.26102884, 12.27680976], [79.24504951, 12.27399441], [79.24025672, 12.25386939], [79.24379234, 12.23568912], [79.21917759, 12.21544013], [79.21608303, 12.20868831], [79.22862044, 12.20335977], [79.2333095, 12.19735119], [79.23457252, 12.18408042], [79.22341679, 12.1830583], [79.22232236, 12.19386572], [79.21592802, 12.19826103], [79.21061625, 12.1660901], [79.23800156, 12.15337549], [79.2451316, 12.14316222], [79.26398217, 12.12770639], [79.27827834, 12.12460236], [79.27921716, 12.10787907], [79.27130496, 12.10358212], [79.26019016, 12.08218483], [79.23790686, 12.07655537], [79.23996635, 12.07034413], [79.23501214, 12.06111634], [79.21555057, 12.06381684], [79.20923345, 12.0706663], [79.20073247, 12.06988661], [79.19646289, 12.05689744], [79.19098307, 12.05127125], [79.17621396, 12.04743668], [79.17262956, 12.0304784], [79.16547109, 12.0318805], [79.14664976, 12.04386456], [79.13853991, 12.03624428], [79.13643208, 12.02608344], [79.12543036, 12.0187747], [79.11254104, 12.02646251], [79.10709126, 12.01980424], [79.09454551, 12.03001794], [79.07891005, 12.03150242], [79.08114027, 12.03893811], [79.09250393, 12.04928615], [79.09848055, 12.06893498], [79.08521527, 12.08105099], [79.07492089, 12.06960919], [79.0630446, 12.06986863], [79.06476483, 12.05919307], [79.05249164, 12.03653143], [79.02927982, 12.04756153], [79.02090053, 12.05539133], [79.03150073, 12.06441715], [78.99504559, 12.0676322], [78.99034978, 12.06194796], [78.97769949, 12.06670763], [78.96748065, 12.064677], [78.95971613, 12.06874716], [78.94285797, 12.05260621], [78.9429899, 12.04683424], [78.93371237, 12.03972633], [78.92746995, 12.0282061], [78.91360119, 12.01445844], [78.89704411, 12.0176147], [78.89199818, 12.02295748], [78.87337411, 12.02625258], [78.86487069, 12.01672415], [78.8346321, 12.00704797], [78.81678001, 12.00941748], [78.80472921, 12.01928134], [78.79428997, 12.01254816], [78.77139439, 12.00673197], [78.75730574, 12.01144032], [78.74413067, 11.99661818], [78.72882005, 11.98704161], [78.71711207, 11.98412738], [78.70289383, 11.98614538], [78.69771672, 11.99251068], [78.70376549, 12.01815466], [78.70401209, 12.03006461], [78.70962362, 12.04725699], [78.71987054, 12.06718222], [78.7227341, 12.08811757], [78.73408338, 12.11335271], [78.74521728, 12.12392039], [78.73805081, 12.13370432], [78.72910035, 12.12778651], [78.69055805, 12.1146039], [78.68411199, 12.10591336], [78.66551868, 12.10251728], [78.66443632, 12.11544426], [78.65722571, 12.1250228], [78.64667478, 12.12935367], [78.6313508, 12.12786246], [78.63046426, 12.1351124], [78.63971621, 12.14732051], [78.64721889, 12.16406643], [78.63288071, 12.17661857], [78.64067348, 12.19766743], [78.6476388, 12.19432249], [78.66967972, 12.19749776], [78.68004695, 12.20687038], [78.68864721, 12.22194247], [78.67998093, 12.22267633], [78.67326482, 12.23508449], [78.66538359, 12.23333185], [78.65083998, 12.24021706], [78.65272963, 12.25233363], [78.64815733, 12.25792953], [78.64806086, 12.25835439], [78.64803328, 12.25837702], [78.67561416, 12.26975949], [78.69009948, 12.28546323], [78.69501954, 12.29469167], [78.7027786, 12.29577004], [78.71001114, 12.30413433], [78.71132859, 12.31330918], [78.7115725, 12.31450681], [78.72847707, 12.3585381], [78.72917696, 12.37383739], [78.7484899, 12.38235111], [78.74867248, 12.3826009], [78.76068243, 12.40212012], [78.76456069, 12.41852422], [78.76816019, 12.42136418], [78.76881086, 12.43745494], [78.75856211, 12.44274313], [78.77796534, 12.46519651], [78.77587899, 12.4835687], [78.78209282, 12.48435288], [78.78981949, 12.49985392], [78.79823364, 12.49727584], [78.82192747, 12.53913026], [78.83944327, 12.58918079], [78.85724331, 12.62496127], [78.85831029, 12.63335909], [78.86577077, 12.63165562], [78.87619452, 12.6538344], [78.88195714, 12.65628412], [78.88787662, 12.67043078], [78.89880541, 12.68812954], [78.91186034, 12.68730125], [78.92756468, 12.67587764], [78.94422447, 12.68059728], [78.97149515, 12.67137828], [78.98812556, 12.69276395], [79.00669812, 12.70246488], [79.02383962, 12.69261003], [79.03348944, 12.6988943], [79.05111994, 12.71865529], [79.05813571, 12.72078736], [79.05695017, 12.73033611], [79.0652228, 12.74662208], [79.07406887, 12.75232828], [79.08185498, 12.74961208], [79.08976447, 12.75851868], [79.11896683, 12.75905048], [79.13204388, 12.76240433], [79.15274568, 12.75310651], [79.16296931, 12.76636618], [79.17170816, 12.76049847], [79.17227885, 12.74480284], [79.19736488, 12.74796052], [79.20617159, 12.7459085], [79.21389585, 12.76080504], [79.2086815, 12.78472933], [79.23813173, 12.79764524], [79.24020879, 12.80859559], [79.25232353, 12.80811963], [79.25879585, 12.81414746], [79.26204767, 12.79412227], [79.27151254, 12.79149136], [79.28519365, 12.78161672], [79.28828587, 12.77548465], [79.28362574, 12.7633792], [79.29599154, 12.74723476], [79.32759759, 12.73994376], [79.33024135, 12.73522119], [79.3430231, 12.73155339], [79.34578887, 12.70767616], [79.33894428, 12.70122553], [79.34512773, 12.69488984], [79.35774099, 12.6968031], [79.35366082, 12.7110262], [79.35564425, 12.71894944], [79.37644907, 12.72174377], [79.37978224, 12.73347247], [79.38654108, 12.73250068], [79.39343756, 12.72276504], [79.39237828, 12.7139245], [79.38007238, 12.7077689], [79.39494657, 12.6898332], [79.38275621, 12.68281108], [79.37001458, 12.68058261], [79.35627489, 12.67230156], [79.36056995, 12.6670681], [79.36243525, 12.65175089], [79.35181753, 12.64636692], [79.36933097, 12.63222605], [79.38291699, 12.62826703], [79.40518429, 12.64578445], [79.40990766, 12.65608896], [79.42679549, 12.65809789], [79.43401871, 12.6652106], [79.45097745, 12.67118177], [79.45910746, 12.68994084], [79.4549901, 12.69909894], [79.46517336, 12.69994111], [79.4655062, 12.71814636], [79.47532651, 12.73139932], [79.46692429, 12.732166], [79.45338588, 12.74026028], [79.45628954, 12.75038358], [79.46916468, 12.77079044], [79.45980234, 12.78336257], [79.46229849, 12.79852983], [79.47645567, 12.79952845], [79.47714924, 12.80713027], [79.45736056, 12.81046778], [79.46050724, 12.82863593], [79.45699763, 12.84419814], [79.47288683, 12.85131155], [79.47255886, 12.87426696], [79.50287359, 12.868568], [79.51190356, 12.85659968], [79.53917559, 12.86293362], [79.55962176, 12.85355273]]]]}, "geometry_name": "geom", "properties": {"geo_id": "IN-TN-TVM", "district_name": "Tiruvannamalai", "state_name": "Tamil Nadu", "state_geo_id": "IN-TN", "agro_climatic_zone": "North Eastern Zone"}}, {"type": "Feature", "id": "NowcastWarningDistrict.fid-2bfa195d_1a08a681a2b_6110", "geometry": {"type": "MultiPolygon", "coordinates": [[[[78.24777956, 9.29689004], [78.22717252, 9.29694123], [78.21155978, 9.30527666], [78.20880652, 9.32721172], [78.19071075, 9.33160924], [78.17126344, 9.34227619], [78.16670843, 9.35454585], [78.16802981, 9.36851471], [78.14891175, 9.37197438], [78.13695356, 9.36616559], [78.11276033, 9.36273828], [78.07388308, 9.36064528], [78.05695887, 9.36254976], [78.0524353, 9.35827216], [78.05002143, 9.34508017], [78.0339528, 9.33371092], [78.03597654, 9.32338622], [78.04824935, 9.31397274], [78.03961769, 9.30633054], [78.01059885, 9.30828821], [78.01112692, 9.29491161], [78.00844476, 9.27378986], [77.98770989, 9.26822027], [77.98390561, 9.25149805], [77.96435675, 9.25198326], [77.95683001, 9.24859695], [77.9557114, 9.23012093], [77.94780784, 9.2305971], [77.9460816, 9.22078287], [77.93210872, 9.22285555], [77.92994644, 9.21553217], [77.9184473, 9.20170903], [77.90918833, 9.2000552], [77.89998431, 9.20415605], [77.87822693, 9.20788146], [77.8748732, 9.22642098], [77.8811432, 9.23400237], [77.88021029, 9.24517763], [77.86551261, 9.24546198], [77.82644817, 9.24273638], [77.8058253, 9.24620893], [77.8067428, 9.25227336], [77.79644871, 9.25619052], [77.79666298, 9.27301217], [77.7735033, 9.27644153], [77.77341883, 9.27004468], [77.78791474, 9.26270719], [77.78965837, 9.25151025], [77.78243157, 9.24712079], [77.78144646, 9.23906909], [77.77026743, 9.23589217], [77.76116247, 9.24882751], [77.75847106, 9.26660401], [77.74160058, 9.26448264], [77.7391845, 9.28054553], [77.72189604, 9.28090732], [77.71210041, 9.2914248], [77.67686188, 9.28743892], [77.64474168, 9.28874787], [77.60659483, 9.30195656], [77.60415495, 9.30696532], [77.59085167, 9.30884914], [77.5914573, 9.3438757], [77.58704173, 9.34804322], [77.57302341, 9.34302769], [77.57486036, 9.35412635], [77.56042656, 9.35483792], [77.54982799, 9.36317172], [77.55208441, 9.36900402], [77.53085654, 9.37590605], [77.52758272, 9.3489482], [77.52095994, 9.3348008], [77.50646442, 9.33194793], [77.47472496, 9.34074948], [77.47151299, 9.32839066], [77.45939423, 9.33631825], [77.46294204, 9.34589234], [77.45764508, 9.35148108], [77.44139585, 9.35427337], [77.44258981, 9.36259579], [77.45051148, 9.36994054], [77.43797264, 9.38185473], [77.43483743, 9.39011], [77.41974771, 9.39927079], [77.40567601, 9.3935397], [77.39716335, 9.39619378], [77.38845927, 9.39248251], [77.37895856, 9.40186296], [77.37221646, 9.40211596], [77.36120821, 9.41077709], [77.35027745, 9.412693], [77.33937489, 9.42013672], [77.34390344, 9.42322315], [77.34940585, 9.44117544], [77.36600016, 9.46008218], [77.37719653, 9.45277718], [77.39261336, 9.45935017], [77.39147079, 9.46868542], [77.40198479, 9.47864863], [77.39925247, 9.48554019], [77.39853829, 9.48876611], [77.40084288, 9.49923138], [77.41171913, 9.50764743], [77.41196823, 9.50798296], [77.40041577, 9.51785681], [77.40246899, 9.52505552], [77.41413306, 9.53660979], [77.42786973, 9.54651761], [77.45478458, 9.54153136], [77.47729448, 9.55219477], [77.47542108, 9.56308106], [77.49074567, 9.57332944], [77.49812023, 9.57518963], [77.49984453, 9.59630101], [77.50528199, 9.59944041], [77.51684551, 9.61732814], [77.52028234, 9.63812418], [77.53734117, 9.65977419], [77.5474417, 9.65861055], [77.54330409, 9.64518771], [77.55246068, 9.64618455], [77.56257594, 9.65951356], [77.57971362, 9.66708425], [77.58596892, 9.66685005], [77.5901543, 9.67856358], [77.60553423, 9.69511967], [77.631341, 9.70371457], [77.64355219, 9.70502083], [77.65021768, 9.69507975], [77.65090057, 9.68312267], [77.66841826, 9.67723999], [77.69943422, 9.69240212], [77.70761686, 9.69084984], [77.71497742, 9.7000341], [77.72579223, 9.69274868], [77.73402514, 9.69217217], [77.76258168, 9.67871917], [77.76797282, 9.66137992], [77.76753936, 9.65015508], [77.77632576, 9.6404341], [77.79096766, 9.63910921], [77.79471888, 9.64873919], [77.80857459, 9.63985487], [77.81454662, 9.64123949], [77.82903869, 9.63630099], [77.84226791, 9.6354168], [77.84594259, 9.65055226], [77.89141271, 9.64234473], [77.89746646, 9.62782429], [77.91136581, 9.63840176], [77.92159738, 9.63786279], [77.92316109, 9.64755485], [77.95381637, 9.64932206], [77.96456204, 9.64420234], [77.96609012, 9.63366441], [77.97527288, 9.6296025], [77.98806179, 9.63598652], [77.99096091, 9.6416455], [78.00451045, 9.64235871], [78.01457023, 9.63946017], [78.01653997, 9.64735834], [78.0307225, 9.65969056], [78.04055339, 9.67850378], [78.05765325, 9.67400087], [78.05927334, 9.66175935], [78.07618027, 9.66046966], [78.08184728, 9.66318753], [78.07962667, 9.67498146], [78.08710702, 9.68009088], [78.083041, 9.69342161], [78.07629257, 9.6967974], [78.07994038, 9.70828951], [78.06801772, 9.72339082], [78.07264122, 9.73184067], [78.06141583, 9.74153971], [78.06710969, 9.75294641], [78.07816126, 9.74899724], [78.08429782, 9.75818014], [78.1010547, 9.7551308], [78.10430274, 9.76822728], [78.08838315, 9.77578848], [78.10700843, 9.7860703], [78.11234115, 9.77909534], [78.13701032, 9.76174137], [78.1339117, 9.74809318], [78.14605141, 9.74290777], [78.14742787, 9.75002766], [78.16301296, 9.75753046], [78.18498325, 9.75751975], [78.19647817, 9.76758527], [78.20428842, 9.76358753], [78.20817522, 9.78147013], [78.21850571, 9.77658554], [78.22887017, 9.76398841], [78.24099888, 9.75574825], [78.25696016, 9.75163955], [78.27688679, 9.74059885], [78.27194633, 9.729124], [78.27702066, 9.72055003], [78.27717933, 9.69433048], [78.27947052, 9.6836007], [78.28008237, 9.68332124], [78.2869076, 9.6758802], [78.30037048, 9.67712685], [78.30242728, 9.68772823], [78.29583355, 9.69095887], [78.29952123, 9.70261846], [78.30524791, 9.70564867], [78.31195243, 9.71883093], [78.31214352, 9.71907646], [78.32237944, 9.73403259], [78.32823187, 9.72555744], [78.32078465, 9.70957125], [78.32703875, 9.69348794], [78.33602446, 9.6883674], [78.3422411, 9.67226124], [78.33610466, 9.66881573], [78.33925873, 9.65811134], [78.34973627, 9.66601451], [78.35555799, 9.65205245], [78.37617894, 9.65707433], [78.38846126, 9.65361157], [78.39390508, 9.64588118], [78.38981843, 9.63097225], [78.39404083, 9.61874827], [78.40004897, 9.61190376], [78.40753819, 9.61917707], [78.41775907, 9.60849841], [78.42946126, 9.60882709], [78.42557015, 9.60034681], [78.41794954, 9.60013064], [78.4118312, 9.58785766], [78.40257129, 9.59086455], [78.39387119, 9.58135801], [78.38243873, 9.579577], [78.37293779, 9.57318465], [78.37659101, 9.55264738], [78.37632711, 9.53976345], [78.38737106, 9.5360972], [78.3822614, 9.51594865], [78.37569939, 9.50799672], [78.36529374, 9.51203326], [78.34732443, 9.51139896], [78.33953936, 9.4959153], [78.32848778, 9.49520395], [78.33077134, 9.48079241], [78.33037796, 9.46281811], [78.31103491, 9.46794109], [78.30117869, 9.44216192], [78.27190594, 9.4485009], [78.22823652, 9.44499836], [78.21862126, 9.44740129], [78.2150439, 9.43345583], [78.22101628, 9.42991019], [78.22252274, 9.41012276], [78.24319451, 9.4066767], [78.24303629, 9.38106253], [78.25523321, 9.37364168], [78.26319928, 9.3866279], [78.27406156, 9.38439372], [78.28398365, 9.38992547], [78.29621573, 9.3889929], [78.30349128, 9.38428857], [78.30825248, 9.36502235], [78.30655735, 9.35244996], [78.31048254, 9.34515437], [78.2953762, 9.34261931], [78.2938678, 9.33197267], [78.30480234, 9.32350788], [78.31140401, 9.33502813], [78.32357494, 9.33396804], [78.32943551, 9.34585842], [78.33747257, 9.35427258], [78.36265785, 9.34919373], [78.36487964, 9.33946525], [78.35333038, 9.30863767], [78.34613036, 9.30940549], [78.34676414, 9.29787324], [78.3358984, 9.28204038], [78.32250155, 9.27737747], [78.31643451, 9.28216826], [78.30473448, 9.28123464], [78.2809738, 9.2841942], [78.28054434, 9.28993987], [78.24777956, 9.29689004]]]]}, "geometry_name": "geom", "properties": {"geo_id": "IN-TN-VIR", "district_name": "Virudhunagar", "state_name": "Tamil Nadu", "state_geo_id": "IN-TN", "agro_climatic_zone": "Southern Zone"}}, {"type": "Feature", "id": "NowcastWarningDistrict.fid-2bfa195d_1a08a681a2b_6111", "geometry": {"type": "MultiPolygon", "coordinates": [[[[78.23095123, 12.76065971], [78.23622747, 12.73779582], [78.24100786, 12.72994312], [78.23117143, 12.71255521], [78.20739629, 12.70835527], [78.20993977, 12.70050385], [78.19976843, 12.6927779], [78.21058902, 12.68607669], [78.23770675, 12.68575995], [78.24013069, 12.70268973], [78.25219692, 12.70614778], [78.26847108, 12.70548628], [78.27649682, 12.70154843], [78.29180135, 12.68175771], [78.29647256, 12.67104298], [78.31836677, 12.66192376], [78.33220996, 12.64926239], [78.34359228, 12.64873996], [78.35564778, 12.63645674], [78.37941924, 12.62501401], [78.39250798, 12.62738209], [78.41250001, 12.6268743], [78.40740286, 12.60205243], [78.409693, 12.58818568], [78.42123083, 12.57022718], [78.41613471, 12.5505037], [78.41688701, 12.53456694], [78.41305261, 12.51709852], [78.41933609, 12.51374851], [78.41566121, 12.48794381], [78.43510334, 12.46084454], [78.45017679, 12.44936085], [78.44759081, 12.44424966], [78.4530597, 12.43012387], [78.44793719, 12.41379963], [78.44167741, 12.40797505], [78.4358299, 12.3938203], [78.45951214, 12.38492853], [78.46413981, 12.39178373], [78.48693619, 12.38987751], [78.49534503, 12.40884372], [78.50901587, 12.39884001], [78.51398744, 12.40705914], [78.52553724, 12.39869321], [78.54401762, 12.39769194], [78.5552623, 12.39044551], [78.56862031, 12.38757439], [78.56962435, 12.38011237], [78.58435022, 12.36079309], [78.61217966, 12.35201446], [78.61720481, 12.34731413], [78.61101824, 12.3300344], [78.60434322, 12.33144855], [78.59908986, 12.32326704], [78.59840162, 12.31322838], [78.60948456, 12.30966788], [78.6129974, 12.29446793], [78.60425673, 12.27935285], [78.60138548, 12.26769131], [78.60975513, 12.26128288], [78.61675874, 12.26755695], [78.6238641, 12.26492669], [78.64004658, 12.28135635], [78.63870404, 12.26378771], [78.64803328, 12.25837702], [78.64806086, 12.25835439], [78.64815733, 12.25792953], [78.65272963, 12.25233363], [78.65083998, 12.24021706], [78.66538359, 12.23333185], [78.67326482, 12.23508449], [78.67998093, 12.22267633], [78.68864721, 12.22194247], [78.68004695, 12.20687038], [78.66967972, 12.19749776], [78.6476388, 12.19432249], [78.64067348, 12.19766743], [78.63288071, 12.17661857], [78.62106843, 12.18421629], [78.61174174, 12.18229935], [78.59820366, 12.16933501], [78.5843438, 12.16444698], [78.5800569, 12.16756492], [78.57445556, 12.19353508], [78.56637868, 12.19186096], [78.55464732, 12.18048139], [78.52098465, 12.17940325], [78.51382964, 12.16219765], [78.50828273, 12.15624248], [78.50845757, 12.14557567], [78.49726897, 12.13923047], [78.46692163, 12.14904506], [78.47189552, 12.17279101], [78.46469345, 12.17833007], [78.44752151, 12.18531795], [78.44640184, 12.19106749], [78.42123711, 12.18971181], [78.41220041, 12.19642491], [78.39957824, 12.18787448], [78.39031566, 12.18611213], [78.37547969, 12.19996568], [78.37911408, 12.205498], [78.39194744, 12.20452159], [78.40411607, 12.22305234], [78.38577241, 12.22834595], [78.37476234, 12.22491535], [78.35493867, 12.22612096], [78.35873346, 12.23566268], [78.35317195, 12.24667708], [78.33427668, 12.26352375], [78.32345905, 12.25910584], [78.307634, 12.26593602], [78.30273247, 12.27378563], [78.28101421, 12.26712983], [78.27755608, 12.26062899], [78.26751769, 12.26344988], [78.25959661, 12.27874163], [78.26303445, 12.28918406], [78.23556194, 12.30714018], [78.22989385, 12.31813005], [78.24612474, 12.32813056], [78.23623542, 12.34788623], [78.22711016, 12.34891553], [78.2159799, 12.33408969], [78.2051754, 12.32913005], [78.17809562, 12.33430217], [78.16364452, 12.35089652], [78.16672632, 12.36288271], [78.14275954, 12.37072662], [78.13608849, 12.37990207], [78.12777519, 12.40226164], [78.13734918, 12.41733521], [78.1407572, 12.43172156], [78.12183735, 12.44488328], [78.11662154, 12.45527852], [78.10872474, 12.45534579], [78.09922395, 12.44614708], [78.07959932, 12.44903671], [78.07898519, 12.46150663], [78.07069602, 12.46664845], [78.05962982, 12.46726947], [78.04911756, 12.4756371], [78.04146482, 12.47311718], [78.03898955, 12.46211512], [78.02706912, 12.45966112], [78.02393697, 12.47105874], [78.01303045, 12.48385867], [78.01184421, 12.50276367], [77.9956583, 12.50002525], [77.99014206, 12.50903926], [77.98306173, 12.50715276], [77.9786189, 12.49693591], [77.96831913, 12.49527609], [77.9658276, 12.48618316], [77.95341291, 12.48595172], [77.94240765, 12.51367803], [77.92147064, 12.5041588], [77.90891803, 12.51266207], [77.90031022, 12.50021153], [77.90679978, 12.48989235], [77.92138122, 12.49103411], [77.93450925, 12.46943629], [77.92593045, 12.46372929], [77.92379965, 12.45605514], [77.930429, 12.44175783], [77.94512906, 12.4494475], [77.96190101, 12.43156719], [77.97037067, 12.41419947], [77.96783497, 12.39429506], [77.94947888, 12.37509112], [77.95461718, 12.35130194], [77.94983069, 12.34866817], [77.94853114, 12.33657344], [77.92674818, 12.32509748], [77.90931228, 12.32675862], [77.89477717, 12.3335214], [77.87702335, 12.33433073], [77.86721343, 12.33024447], [77.87500603, 12.30324776], [77.87345286, 12.28717961], [77.8677317, 12.26575527], [77.86281473, 12.2570226], [77.85377901, 12.26193047], [77.84438068, 12.2615], [77.83351437, 12.24649301], [77.81451955, 12.23420864], [77.8106017, 12.22676791], [77.80930819, 12.20127554], [77.80326441, 12.17564167], [77.79476714, 12.16878693], [77.79433286, 12.14827105], [77.7768359, 12.1574042], [77.77244727, 12.17196104], [77.76102718, 12.16931666], [77.74671724, 12.15584934], [77.73543034, 12.16958595], [77.73130874, 12.18007361], [77.69730709, 12.18553504], [77.65510345, 12.19942265], [77.63998673, 12.19639981], [77.62984168, 12.20223514], [77.62096009, 12.1998847], [77.61254214, 12.20590477], [77.59941538, 12.20024469], [77.5825668, 12.198109], [77.57480584, 12.20088274], [77.56327865, 12.1965863], [77.54793009, 12.2043609], [77.53520918, 12.19841319], [77.51868368, 12.19447925], [77.49297767, 12.19727776], [77.48575754, 12.20408749], [77.47224623, 12.20989132], [77.48263396, 12.23020448], [77.47849275, 12.24005926], [77.4711182, 12.24351049], [77.47352044, 12.25561417], [77.47820025, 12.25921481], [77.4790595, 12.27127349], [77.48759795, 12.28049523], [77.5011127, 12.28219325], [77.50851532, 12.27594116], [77.52711908, 12.27871037], [77.53271708, 12.29123243], [77.55133675, 12.29120672], [77.55788713, 12.30567652], [77.56564606, 12.30599942], [77.57865777, 12.33569296], [77.59154274, 12.34013807], [77.60091429, 12.35849872], [77.61302387, 12.36112125], [77.62048491, 12.38250937], [77.62333033, 12.41226338], [77.62955198, 12.41820249], [77.62608445, 12.43076302], [77.62900005, 12.44525352], [77.62717406, 12.45845126], [77.6323484, 12.47166714], [77.63480477, 12.48684453], [77.62608819, 12.49630898], [77.61648884, 12.48284428], [77.60742358, 12.47512384], [77.59592479, 12.47480176], [77.58368012, 12.47879545], [77.60240316, 12.49714827], [77.61506634, 12.50416335], [77.61115558, 12.5142648], [77.58720217, 12.51475473], [77.58850215, 12.52661933], [77.58639655, 12.54571952], [77.58035001, 12.55158965], [77.57934283, 12.57308541], [77.59142293, 12.59209295], [77.59101911, 12.61524301], [77.59560178, 12.62229895], [77.6060159, 12.62800398], [77.59612277, 12.65028066], [77.59726209, 12.65743954], [77.59887312, 12.66715764], [77.62390838, 12.67390279], [77.63788334, 12.67570609], [77.65991011, 12.68383999], [77.67638432, 12.67947156], [77.67865464, 12.66038891], [77.68992533, 12.6589858], [77.70422822, 12.66140444], [77.71092713, 12.66702952], [77.71159049, 12.68313758], [77.72276587, 12.6796492], [77.7238586, 12.67197887], [77.74046706, 12.67364929], [77.74100627, 12.6857664], [77.73495092, 12.69200154], [77.73988454, 12.69987738], [77.76079933, 12.69700456], [77.76574522, 12.71374318], [77.77445126, 12.7242144], [77.76158178, 12.72721457], [77.76835331, 12.74003083], [77.78355611, 12.7412119], [77.79162091, 12.74668805], [77.79427853, 12.75776617], [77.77884454, 12.76800685], [77.79923487, 12.79567427], [77.80679716, 12.7941217], [77.80216191, 12.81700347], [77.80988158, 12.83153183], [77.79589704, 12.83453332], [77.79246298, 12.84212523], [77.79910659, 12.85153728], [77.80791949, 12.84767101], [77.81639741, 12.85612042], [77.83246329, 12.86204455], [77.83601344, 12.87032968], [77.86765181, 12.86806869], [77.89034388, 12.86965514], [77.89491886, 12.87857328], [77.90841204, 12.87880607], [77.90875825, 12.88483976], [77.92187403, 12.88473854], [77.92932458, 12.89091558], [77.93887056, 12.87254576], [77.93662123, 12.86683795], [77.92281345, 12.85556405], [77.92424064, 12.85112099], [77.91728781, 12.83793372], [77.93434073, 12.82309719], [77.94067832, 12.82334437], [77.94641679, 12.83964088], [77.94057766, 12.84525119], [77.94390189, 12.857806], [77.9526933, 12.85022876], [77.96535059, 12.84818205], [77.96431827, 12.83284268], [77.98046751, 12.83490246], [77.97903673, 12.82744557], [77.98978419, 12.82154766], [77.98852109, 12.80819258], [78.00673026, 12.80848563], [78.01531247, 12.81379109], [78.00434188, 12.8233587], [78.01062055, 12.83090947], [78.01829765, 12.8310525], [78.03073069, 12.85244948], [78.05046985, 12.84873645], [78.07652458, 12.83964948], [78.07385972, 12.83051469], [78.08619864, 12.83193623], [78.090162, 12.81736088], [78.10935947, 12.80449109], [78.12035726, 12.80171202], [78.13439411, 12.7818979], [78.14478756, 12.78105685], [78.16766355, 12.77008079], [78.17739921, 12.77594576], [78.20263733, 12.7711265], [78.21286266, 12.76503096], [78.22419964, 12.76573675], [78.23095123, 12.76065971]]]]}, "geometry_name": "geom", "properties": {"geo_id": "IN-TN-KRI", "district_name": "Krishnagiri", "state_name": "Tamil Nadu", "state_geo_id": "IN-TN", "agro_climatic_zone": "North Western Zone"}}]}